Run,Assay Type,AvgSpotLen,Bases,BioProject,BioSample,Bytes,Center Name,Consent,DATASTORE filetype,DATASTORE provider,DATASTORE region,Experiment,Instrument,LibraryLayout,LibrarySelection,LibrarySource,Organism,Platform,ReleaseDate,create_date,version,Sample Name,SRA Study,GEO_Accession (exp),source_name,tissue,sex,Stage,sequencing_type,AGE,AssemblyName,BioSampleModel,BREED,Cultivar,dev_stage,Ecotype,isolate,Library Name,replicate,strain,genotype/variation
SRR5420126,RNA-Seq,100,1765036200,PRJNA381811,SAMN06689582,1066884780,GEO,public,"fastq,run.zq,sra","gs,ncbi,s3","gs.us-east1,ncbi.public,s3.us-east-1",SRX2711638,Illumina Genome Analyzer II,PAIRED,cDNA,TRANSCRIPTOMIC,Anolis carolinensis,ILLUMINA,2017-06-08T00:00:00Z,2017-04-05T17:36:00Z,1,GSM2564798,SRP103128,GSM2564798,Brain,,,,NSR-Seq,,,,,,,,,,,,
SRR5420127,RNA-Seq,100,1943263700,PRJNA381811,SAMN06689581,1190799938,GEO,public,"fastq,run.zq,sra","gs,ncbi,s3","gs.us-east1,ncbi.public,s3.us-east-1",SRX2711639,Illumina Genome Analyzer II,PAIRED,cDNA,TRANSCRIPTOMIC,Anolis carolinensis,ILLUMINA,2017-06-08T00:00:00Z,2017-04-05T17:37:00Z,1,GSM2564799,SRP103128,GSM2564799,Testis,,,,NSR-Seq,,,,,,,,,,,,
SRR5420128,ncRNA-Seq,36,1456122996,PRJNA381811,SAMN06689584,941126097,GEO,public,"fastq,run.zq,sra","gs,ncbi,s3","gs.us-east1,ncbi.public,s3.us-east-1",SRX2711640,Illumina Genome Analyzer II,SINGLE,size fractionation,TRANSCRIPTOMIC,Anolis carolinensis,ILLUMINA,2017-06-08T00:00:00Z,2017-04-05T17:38:00Z,1,GSM2564800,SRP103128,GSM2564800,Testis,,,,small RNA size of 19 to 33 nt,,,,,,,,,,,,
SRR5420129,ncRNA-Seq,76,2303171488,PRJNA381811,SAMN06689583,1364879530,GEO,public,"fastq,run.zq,sra","gs,ncbi,s3","gs.us-east1,ncbi.public,s3.us-east-1",SRX2711641,Illumina Genome Analyzer II,SINGLE,size fractionation,TRANSCRIPTOMIC,Anolis carolinensis,ILLUMINA,2017-06-08T00:00:00Z,2017-04-05T17:39:00Z,1,GSM2564801,SRP103128,GSM2564801,Testis,,,,small RNA size of 52 to 68 nt,,,,,,,,,,,,
SRR5412171,RNA-Seq,101,2213366823,PRJNA381064,SAMN06679889,1440683320,GEO,public,"fastq,run.zq,sra","gs,ncbi,s3","gs.us-east1,ncbi.public,s3.us-east-1",SRX2704219,Illumina HiSeq 2500,SINGLE,cDNA,TRANSCRIPTOMIC,Anolis carolinensis,ILLUMINA,2017-10-30T00:00:00Z,2017-04-04T07:56:00Z,1,GSM2563032,SRP102989,GSM2563032,Testis,Testis,male,Adult,,,,,,,,,,,,,
SRR5412172,RNA-Seq,101,2795013400,PRJNA381064,SAMN06679888,1899495406,GEO,public,"fastq,run.zq,sra","gs,ncbi,s3","gs.us-east1,ncbi.public,s3.us-east-1",SRX2704220,Illumina HiSeq 2500,SINGLE,cDNA,TRANSCRIPTOMIC,Anolis carolinensis,ILLUMINA,2017-10-30T00:00:00Z,2017-04-04T07:58:00Z,1,GSM2563033,SRP102989,GSM2563033,Testis,Testis,male,Adult,,,,,,,,,,,,,
SRR5412173,RNA-Seq,90,3769400070,PRJNA381064,SAMN06679841,2478896763,GEO,public,"fastq,run.zq,sra","gs,ncbi,s3","gs.us-east1,ncbi.public,s3.us-east-1",SRX2704221,Illumina HiSeq 2500,SINGLE,cDNA,TRANSCRIPTOMIC,Anolis carolinensis,ILLUMINA,2017-10-30T00:00:00Z,2017-04-04T08:07:00Z,1,GSM2563034,SRP102989,GSM2563034,Testis,Testis,male,Adult,,,,,,,,,,,,,
SRR6261438,RNA-Seq,100,3114556788,PRJNA381064,SAMN07981830,1577122769,GEO,public,"bam,run.zq,sra","gs,ncbi,s3","gs.us-east1,ncbi.public,s3.us-east-1",SRX3367769,Illumina HiSeq 2500,SINGLE,cDNA,TRANSCRIPTOMIC,Anolis carolinensis,ILLUMINA,2017-11-14T00:00:00Z,2017-11-13T14:14:00Z,1,GSM2843072,SRP102989,GSM2843072,Testis,Testis,male,15d,,,assembly,,,,,,,,,,
SRR6261443,RNA-Seq,100,2715467498,PRJNA381064,SAMN07981825,1463426114,GEO,public,"bam,run.zq,sra","gs,ncbi,s3","gs.us-east1,ncbi.public,s3.us-east-1",SRX3367774,Illumina HiSeq 2500,SINGLE,cDNA,TRANSCRIPTOMIC,Anolis carolinensis,ILLUMINA,2017-11-14T00:00:00Z,2017-11-13T14:01:00Z,1,GSM2843077,SRP102989,GSM2843077,Testis,Testis,male,16d,,,assembly,,,,,,,,,,
SRR6261431,RNA-Seq,100,2733360250,PRJNA381064,SAMN07981842,1466440044,GEO,public,"bam,run.zq,sra","gs,ncbi,s3","gs.us-east1,ncbi.public,s3.us-east-1",SRX3367762,Illumina HiSeq 2500,SINGLE,cDNA,TRANSCRIPTOMIC,Anolis carolinensis,ILLUMINA,2017-11-14T00:00:00Z,2017-11-13T14:12:00Z,1,GSM2843065,SRP102989,GSM2843065,Testis,Testis,male,13d,,,assembly,,,,,,,,,,
SRR10446726,OTHER,33,8625250116,PRJNA275185,SAMN13285522,3736163442,GEO,public,"fastq,run.zq,sra","gs,ncbi,s3","gs.us-east1,ncbi.public,s3.us-east-1",SRX7141398,Illumina HiSeq 2000,SINGLE,other,TRANSCRIPTOMIC,Anolis carolinensis,ILLUMINA,2020-01-01T00:00:00Z,2020-09-23T22:05:00Z,2,GSM4160724,SRP054244,GSM4160724,testis,whole testis,,,,adult,,,,,,,,,,,wt
SRR11050686,RNA-Seq,300,5896772438,PRJNA605699,SAMN14074496,2244568591,AARHUS UNIVERSITY,public,"fastq,run.zq,sra","gs,ncbi,s3","gs.us-east1,ncbi.public,s3.us-east-1",SRX7700641,NextSeq 500,PAIRED,cDNA,TRANSCRIPTOMIC,Anolis carolinensis,ILLUMINA,2020-12-31T00:00:00Z,2020-02-10T06:46:00Z,1,Sample_F01,SRP247891,,,testis,male,,,not collected,,Model organism or animal,not applicable,not applicable,adult,not applicable,not collected,Sample_F01_A_carolinensis_testis_2,biological replicate 2,not applicable,
SRR11050687,RNA-Seq,300,6889083414,PRJNA605699,SAMN14074495,2613001625,AARHUS UNIVERSITY,public,"fastq,run.zq,sra","gs,ncbi,s3","gs.us-east1,ncbi.public,s3.us-east-1",SRX7700640,NextSeq 500,PAIRED,cDNA,TRANSCRIPTOMIC,Anolis carolinensis,ILLUMINA,2020-12-31T00:00:00Z,2020-02-10T06:48:00Z,1,Sample_E01,SRP247891,,,testis,male,,,not collected,,Model organism or animal,not applicable,not applicable,adult,not applicable,not collected,Sample_E01_A_carolinensis_testis_1,biological replicate 1,not applicable,
