Run,Assay Type,AvgSpotLen,Bases,BioProject,BioSample,BioSampleModel,Bytes,Center Name,Consent,DATASTORE filetype,DATASTORE provider,DATASTORE region,Experiment,Instrument,Library Name,LibraryLayout,LibrarySelection,LibrarySource,Organism,Platform,ReleaseDate,create_date,version,Sample Name,sex,SRA Study,tissue,AGE,BREED,strain,isolate,Collection_Date,geo_loc_name_country,geo_loc_name_country_continent,geo_loc_name,sample_type,Cultivar,Ecotype,birth_location,dev_stage,attitude,Birth_date,BIOMATERIAL_PROVIDER,collected_by,lat_lon,store_cond,treatment
SRR6374478,RNA-Seq,300,9261534300,PRJNA419616,SAMN08435048,Model organism or animal,4122615103,"KUNMING INSTITUTE OF ZOOLOGY ",public,"fastq,run.zq,sra","gs,ncbi,s3","gs.us-east1,ncbi.public,s3.us-east-1",SRX3469326,Illumina HiSeq 2000,RRA63233-S,PAIRED,cDNA,TRANSCRIPTOMIC,Cairina moschata,ILLUMINA,2018-01-23T00:00:00Z,2017-12-14T00:28:00Z,1,RNA-seq of Cairina moschata: adult male Testis 2,male,SRP126441,Testis,,Muscovy duck,,,,,,,,,,,mature,,,,,,,
SRR21494910,RNA-Seq,300,7667310900,PRJNA878639,SAMN30738612,Model organism or animal,2402016232,CHINA AGRICULTURAL UNIVERSITY,public,"fastq,run.zq,sra","gs,s3,ncbi","s3.us-east-1,ncbi.public,gs.us-east1",SRX17498245,Illumina HiSeq 4000,Library14,PAIRED,PCR,TRANSCRIPTOMIC,Anas platyrhynchos,ILLUMINA,2023-03-21T00:00:00Z,2022-09-09T22:17:00Z,1,Testis,male,SRP396352,Testis,6 week,Mallard,,,,,,,,,,,,,,,,,,
SRR13570366,RNA-Seq,300,16124178600,PRJNA561952,SAMN17575789,Model organism or animal,6077372986,MAX PLANCK INSTITUTE OF ANIMAL BEHAVIOR,public,"run.zq,sra,fastq","ncbi,s3,gs","s3.us-east-1,gs.us-east1,ncbi.public",SRX9968590,Illumina HiSeq 4000,11144SJ0006,PAIRED,cDNA,TRANSCRIPTOMIC,Aythya fuligula,ILLUMINA,2021-06-30T00:00:00Z,2021-01-28T06:44:00Z,1,TD_M54068_Testis,male,SRP303594,testis,12 months,not applicable,not applicable,M54068,2017-08-28,Sweden,Europe,Sweden,tissue sample,not applicable,not applicaple,"Snavelhof breeding farm, Veeningen, the Netherlands",adult,,,"Swedish National Veterinary Institute\, Uppsala\, Sweden","Patrik Ellstrom\, Mahmoud M Naguib\, Josef D Jarhult",59.8509 N 17.6300 E,"snap-frozen, liquid nitrogen, -80°C",ethanol
SRR13570370,ncRNA-Seq,100,6743683700,PRJNA561952,SAMN17575789,Model organism or animal,2035370385,MAX PLANCK INSTITUTE OF ANIMAL BEHAVIOR,public,"fastq,run.zq,sra","gs,ncbi,s3","s3.us-east-1,ncbi.public,gs.us-east1",SRX9968586,Illumina NovaSeq 6000,11410SJ0005,PAIRED,cDNA,TRANSCRIPTOMIC,Aythya fuligula,ILLUMINA,2021-06-30T00:00:00Z,2021-01-28T06:07:00Z,1,TD_M54068_Testis,male,SRP303594,testis,12 months,not applicable,not applicable,M54068,2017-08-28,Sweden,Europe,Sweden,tissue sample,not applicable,not applicaple,"Snavelhof breeding farm, Veeningen, the Netherlands",adult,,,"Swedish National Veterinary Institute\, Uppsala\, Sweden","Patrik Ellstrom\, Mahmoud M Naguib\, Josef D Jarhult",59.8509 N 17.6300 E,"snap-frozen, liquid nitrogen, -80°C",ethanol
SRR13570376,FL-cDNA,1064,13432168764,PRJNA561952,SAMN17575789,Model organism or animal,3442019694,MAX PLANCK INSTITUTE OF ANIMAL BEHAVIOR,public,"bam,run.zq,sra","s3,gs,ncbi","gs.us-east1,s3.us-east-1,ncbi.public",SRX9968580,Sequel II,11142SJ0006,SINGLE,cDNA,TRANSCRIPTOMIC,Aythya fuligula,PACBIO_SMRT,2021-06-30T00:00:00Z,2021-01-28T06:39:00Z,1,TD_M54068_Testis,male,SRP303594,testis,12 months,not applicable,not applicable,M54068,2017-08-28,Sweden,Europe,Sweden,tissue sample,not applicable,not applicaple,"Snavelhof breeding farm, Veeningen, the Netherlands",adult,,,"Swedish National Veterinary Institute\, Uppsala\, Sweden","Patrik Ellstrom\, Mahmoud M Naguib\, Josef D Jarhult",59.8509 N 17.6300 E,"snap-frozen, liquid nitrogen, -80°C",ethanol
SRR15036037,RNA-Seq,300,6296967000,PRJNA743556,SAMN20055388,Model organism or animal,1948023178,SICHUAN AGRICULTURAL UNIVERSITY,public,"fastq,sra,run.zq","ncbi,s3,gs","ncbi.public,gs.us-east1,s3.us-east-1",SRX11347486,Illumina HiSeq 1500,22,PAIRED,RANDOM,TRANSCRIPTOMIC,Anas platyrhynchos,ILLUMINA,2023-08-04T00:00:00Z,2021-07-03T20:43:00Z,1,RRT-1,male,SRP326818,testis -4,180,,not collected,,,,,,,,,,,,,,,,,
SRR15036038,RNA-Seq,300,6426857100,PRJNA743556,SAMN20055387,Model organism or animal,1979867286,SICHUAN AGRICULTURAL UNIVERSITY,public,"fastq,run.zq,sra","s3,gs,ncbi","gs.us-east1,s3.us-east-1,ncbi.public",SRX11347485,Illumina HiSeq 1500,21,PAIRED,RANDOM,TRANSCRIPTOMIC,Anas platyrhynchos,ILLUMINA,2023-08-04T00:00:00Z,2021-07-03T20:38:00Z,1,QRT-4,male,SRP326818,testis -3,180,,not collected,,,,,,,,,,,,,,,,,
SRR15036040,RNA-Seq,300,6431484300,PRJNA743556,SAMN20055386,Model organism or animal,1991614369,SICHUAN AGRICULTURAL UNIVERSITY,public,"run.zq,sra,fastq","s3,ncbi,gs","ncbi.public,s3.us-east-1,gs.us-east1",SRX11347483,Illumina HiSeq 1500,20,PAIRED,RANDOM,TRANSCRIPTOMIC,Anas platyrhynchos,ILLUMINA,2023-08-04T00:00:00Z,2021-07-03T20:50:00Z,1,QRT-3,male,SRP326818,testis -2,180,,not collected,,,,,,,,,,,,,,,,,
SRR15036041,RNA-Seq,300,6380379900,PRJNA743556,SAMN20055385,Model organism or animal,1959075245,SICHUAN AGRICULTURAL UNIVERSITY,public,"run.zq,sra,fastq","gs,ncbi,s3","s3.us-east-1,ncbi.public,gs.us-east1",SRX11347482,Illumina HiSeq 1500,19,PAIRED,RANDOM,TRANSCRIPTOMIC,Anas platyrhynchos,ILLUMINA,2023-08-04T00:00:00Z,2021-07-03T20:47:00Z,1,QRT-1,male,SRP326818,testis -1,180,,not collected,,,,,,,,,,,,,,,,,
SRR15036035,RNA-Seq,300,6058585200,PRJNA743556,SAMN20055390,Model organism or animal,1867882826,SICHUAN AGRICULTURAL UNIVERSITY,public,"run.zq,sra,fastq","gs,ncbi,s3","gs.us-east1,s3.us-east-1,ncbi.public",SRX11347488,Illumina HiSeq 1500,24,PAIRED,RANDOM,TRANSCRIPTOMIC,Anas platyrhynchos,ILLUMINA,2023-08-04T00:00:00Z,2021-07-03T20:44:00Z,1,RRT-4,male,SRP326818,testis -6,180,,not collected,,,,,,,,,,,,,,,,,
SRR15036036,RNA-Seq,300,6487184700,PRJNA743556,SAMN20055389,Model organism or animal,1977052445,SICHUAN AGRICULTURAL UNIVERSITY,public,"sra,fastq,run.zq","gs,s3,ncbi","gs.us-east1,ncbi.public,s3.us-east-1",SRX11347487,Illumina HiSeq 1500,23,PAIRED,RANDOM,TRANSCRIPTOMIC,Anas platyrhynchos,ILLUMINA,2023-08-04T00:00:00Z,2021-07-03T20:54:00Z,1,RRT-3,male,SRP326818,testis -5,180,,not collected,,,,,,,,,,,,,,,,,
SRR11921664,RNA-Seq,300,4418229000,PRJNA636121,SAMN15097742,Model organism or animal,1654489854,ZHEJIANG UNIVERSITY,public,"run.zq,fastq,sra","ncbi,gs,s3","ncbi.public,gs.us-east1,s3.us-east-1",SRX8467384,HiSeq X Ten,Duck_M_LT_Adult,PAIRED,RT-PCR,TRANSCRIPTOMIC,Anas platyrhynchos,ILLUMINA,2020-09-02T00:00:00Z,2020-06-04T02:02:00Z,1,pekin_duck_RNAseq,missing,SRP265555,multiple,,Pekin duck,,Z2,,,,,,,,,adult,,,,,,,
SRR11921670,RNA-Seq,300,3807405600,PRJNA636121,SAMN15097742,Model organism or animal,1429196131,ZHEJIANG UNIVERSITY,public,"fastq,run.zq,sra","s3,gs,ncbi","ncbi.public,s3.us-east-1,gs.us-east1",SRX8467378,HiSeq X Ten,Duck_M_RT_Adult,PAIRED,RT-PCR,TRANSCRIPTOMIC,Anas platyrhynchos,ILLUMINA,2020-09-02T00:00:00Z,2020-06-04T02:16:00Z,1,pekin_duck_RNAseq,missing,SRP265555,multiple,,Pekin duck,,Z2,,,,,,,,,adult,,,,,,,
SRR8718129,FL-cDNA,2886,19785537025,PRJNA526109,SAMN11087457,Model organism or animal,5021434724,CHINA AGRICULTURAL UNIVERSITY,public,"pacbio_native,run.zq,sra","gs,ncbi,s3","gs.us-east1,ncbi.public,s3.us-east-1",SRX5511972,Sequel,2,SINGLE,cDNA,TRANSCRIPTOMIC,Anas platyrhynchos,PACBIO_SMRT,2019-05-29T00:00:00Z,2019-03-13T17:29:00Z,1,full length sequencing of duck,pooled male and female,SRP188279,"Pancreas\,Pituitary \,Uterus\,Ovarian\,Testis\,heart\,embryo13\,hypothalamus",6 week,peking duck,,,,,,,,,,,,,,,,,,
SRR8718130,FL-cDNA,2916,21834074886,PRJNA526109,SAMN11087457,Model organism or animal,5540496099,CHINA AGRICULTURAL UNIVERSITY,public,"pacbio_native,run.zq,sra","gs,ncbi,s3","gs.us-east1,ncbi.public,s3.us-east-1",SRX5511971,Sequel,1,SINGLE,cDNA,TRANSCRIPTOMIC,Anas platyrhynchos,PACBIO_SMRT,2019-05-29T00:00:00Z,2019-03-14T01:01:00Z,1,full length sequencing of duck,pooled male and female,SRP188279,"Pancreas\,Pituitary \,Uterus\,Ovarian\,Testis\,heart\,embryo13\,hypothalamus",6 week,peking duck,,,,,,,,,,,,,,,,,,
SRR32235794,RNA-Seq,302,7449009690,PRJNA1219377,SAMN46555921,Model organism or animal,2410688068,SICHUAN AGRICULTURAL UNIVERSITY,public,"run.zq,sra,fastq","ncbi,gs,s3","gs.us-east1,ncbi.public,s3.us-east-1",SRX27575810,Illumina NovaSeq X Plus,L1EHI2700415,PAIRED,PolyA,TRANSCRIPTOMIC,Anas platyrhynchos,ILLUMINA,2025-02-05T00:00:00Z,2025-02-05T08:26:00Z,1,T_CW3,male,SRP561683,Testis,53d,Longyan Shan-ma duck,not applicable,not applicable,2023-09-21,China,Asia,China: Fujian,Tissue Sample,not applicable,not applicable,China: Fujian,,T_CW3,2023-07-14,,,,,
SRR32235795,RNA-Seq,302,7771130742,PRJNA1219377,SAMN46555920,Model organism or animal,2515764967,SICHUAN AGRICULTURAL UNIVERSITY,public,"run.zq,sra,fastq","gs,ncbi,s3","ncbi.public,s3.us-east-1,gs.us-east1",SRX27575809,Illumina NovaSeq X Plus,L1EHI2700413,PAIRED,PolyA,TRANSCRIPTOMIC,Anas platyrhynchos,ILLUMINA,2025-02-05T00:00:00Z,2025-02-05T08:28:00Z,1,T_CW1,male,SRP561683,Testis,53d,Longyan Shan-ma duck,not applicable,not applicable,2023-09-21,China,Asia,China: Fujian,Tissue Sample,not applicable,not applicable,China: Fujian,,T_CW1,2023-07-14,,,,,
SRR32235796,RNA-Seq,302,7402633664,PRJNA1219377,SAMN46555919,Model organism or animal,2414301181,SICHUAN AGRICULTURAL UNIVERSITY,public,"run.zq,sra,fastq","gs,ncbi,s3","gs.us-east1,ncbi.public,s3.us-east-1",SRX27575808,Illumina NovaSeq X Plus,L1EHI2700404,PAIRED,PolyA,TRANSCRIPTOMIC,Anas platyrhynchos,ILLUMINA,2025-02-05T00:00:00Z,2025-02-05T08:26:00Z,1,T_A1,male,SRP561683,Testis,53d,Longyan Shan-ma duck,not applicable,not applicable,2023-09-21,China,Asia,China: Fujian,Tissue Sample,not applicable,not applicable,China: Fujian,,T_A1,2023-07-14,,,,,
SRR32235797,RNA-Seq,302,8322278024,PRJNA1219377,SAMN46555918,Model organism or animal,2678438967,SICHUAN AGRICULTURAL UNIVERSITY,public,"run.zq,sra,fastq","gs,ncbi,s3","ncbi.public,s3.us-east-1,gs.us-east1",SRX27575807,Illumina NovaSeq X Plus,L1EHI2700414,PAIRED,PolyA,TRANSCRIPTOMIC,Anas platyrhynchos,ILLUMINA,2025-02-05T00:00:00Z,2025-02-05T08:28:00Z,1,T_CW2,male,SRP561683,Testis,53d,Longyan Shan-ma duck,not applicable,not applicable,2023-09-21,China,Asia,China: Fujian,Tissue Sample,not applicable,not applicable,China: Fujian,,T_CW2,2023-07-14,,,,,
SRR32235799,RNA-Seq,302,8910364738,PRJNA1219377,SAMN46555917,Model organism or animal,2825113370,SICHUAN AGRICULTURAL UNIVERSITY,public,"fastq,sra,run.zq","gs,ncbi,s3","ncbi.public,gs.us-east1,s3.us-east-1",SRX27575805,Illumina NovaSeq X Plus,L1EHI2700411,PAIRED,PolyA,TRANSCRIPTOMIC,Anas platyrhynchos,ILLUMINA,2025-02-05T00:00:00Z,2025-02-05T08:27:00Z,1,T_CQ2,male,SRP561683,Testis,53d,Longyan Shan-ma duck,not applicable,not applicable,2023-09-21,China,Asia,China: Fujian,Tissue Sample,not applicable,not applicable,China: Fujian,,T_CQ2,2023-07-14,,,,,
SRR32235800,RNA-Seq,302,7923108618,PRJNA1219377,SAMN46555916,Model organism or animal,2523297606,SICHUAN AGRICULTURAL UNIVERSITY,public,"sra,run.zq,fastq","s3,gs,ncbi","ncbi.public,gs.us-east1,s3.us-east-1",SRX27575804,Illumina NovaSeq X Plus,L1EHI2700405,PAIRED,PolyA,TRANSCRIPTOMIC,Anas platyrhynchos,ILLUMINA,2025-02-05T00:00:00Z,2025-02-05T08:28:00Z,1,T_A2,male,SRP561683,Testis,53d,Longyan Shan-ma duck,not applicable,not applicable,2023-09-21,China,Asia,China: Fujian,Tissue Sample,not applicable,not applicable,China: Fujian,,T_A2,2023-07-14,,,,,
SRR30156009,RNA-Seq,200,10425544000,PRJNA1145118,SAMN43052792,Model organism or animal,6802484106,HUAZHONG AGRICULTURAL UNIVERSITY,public,"run.zq,fastq,sra","ncbi,s3,gs","ncbi.public,s3.us-east-1,gs.us-east1",SRX25623632,Illumina HiSeq 4000,DLT2,PAIRED,Oligo-dT,TRANSCRIPTOMIC,Anas platyrhynchos,ILLUMINA,2025-07-01T00:00:00Z,2024-08-07T05:44:00Z,1,DLT2,male,SRP524620,Testis of ducks with low semen quality group (Sample 2),28 weeks,domesticated animals,,,2020-05-06,China,Asia,China: Wuhan,tissue sample 4,,,,,,,,,,,
SRR30156010,RNA-Seq,200,10234507200,PRJNA1145118,SAMN43052791,Model organism or animal,6734098927,HUAZHONG AGRICULTURAL UNIVERSITY,public,"run.zq,sra,fastq","s3,ncbi,gs","ncbi.public,s3.us-east-1,gs.us-east1",SRX25623631,Illumina HiSeq 4000,DLT1,PAIRED,Oligo-dT,TRANSCRIPTOMIC,Anas platyrhynchos,ILLUMINA,2025-07-01T00:00:00Z,2024-08-07T05:45:00Z,1,DLT1,male,SRP524620,Testis of ducks with low semen quality group (Sample 1),28 weeks,domesticated animals,,,2020-05-06,China,Asia,China: Wuhan,tissue sample 3,,,,,,,,,,,
SRR30156011,RNA-Seq,200,10251084200,PRJNA1145118,SAMN43052790,Model organism or animal,6836251908,HUAZHONG AGRICULTURAL UNIVERSITY,public,"sra,run.zq,fastq","s3,ncbi,gs","ncbi.public,s3.us-east-1,gs.us-east1",SRX25623630,Illumina HiSeq 4000,DHT2,PAIRED,Oligo-dT,TRANSCRIPTOMIC,Anas platyrhynchos,ILLUMINA,2025-07-01T00:00:00Z,2024-08-07T05:43:00Z,1,DHT2,male,SRP524620,Testis of ducks with high semen quality group (Sample 2),28 weeks,domesticated animals,,,2020-05-06,China,Asia,China: Wuhan,tissue sample 2,,,,,,,,,,,
SRR30156012,RNA-Seq,200,10344089200,PRJNA1145118,SAMN43052789,Model organism or animal,6863366956,HUAZHONG AGRICULTURAL UNIVERSITY,public,"run.zq,fastq,sra","s3,ncbi,gs","gs.us-east1,s3.us-east-1,ncbi.public",SRX25623629,Illumina HiSeq 4000,DHT1,PAIRED,Oligo-dT,TRANSCRIPTOMIC,Anas platyrhynchos,ILLUMINA,2025-07-01T00:00:00Z,2024-08-07T05:37:00Z,1,DHT1,male,SRP524620,Testis of ducks with high semen quality group (Sample 1),28 weeks,domesticated animals,,,2020-05-06,China,Asia,China: Wuhan,tissue sample 1,,,,,,,,,,,
SRR12474686,RNA-Seq,2367,109334342,PRJNA657980,SAMN15854510,Model organism or animal,27869546,FUJIAN ACADEMY OF AGRICULTURAL SCIENCES,public,"run.zq,fastq,sra","ncbi,s3,gs","s3.us-east-1,gs.us-east1,ncbi.public",SRX8968771,Illumina HiSeq 2000,T06,SINGLE,RANDOM,TRANSCRIPTOMIC,Anas platyrhynchos,ILLUMINA,2020-08-19T00:00:00Z,2020-08-19T06:25:00Z,1,4,female,SRP278035,testis,213d,duck,not collected,not collected,,,,,,not collected,not collected,,not collected,,,,,,,
SRR12474688,RNA-Seq,435,58153119,PRJNA657980,SAMN15854508,Model organism or animal,18774950,FUJIAN ACADEMY OF AGRICULTURAL SCIENCES,public,"fastq,run.zq,sra","gs,ncbi,s3","ncbi.public,s3.us-east-1,gs.us-east1",SRX8968769,Illumina HiSeq 2000,T04,SINGLE,RANDOM,TRANSCRIPTOMIC,Anas platyrhynchos,ILLUMINA,2020-08-27T00:00:00Z,2020-08-27T13:33:00Z,1,2,female,SRP278035,testis,211d,duck,not collected,not collected,,,,,,not collected,not collected,,not collected,,,,,,,
SRR12474689,RNA-Seq,909,176008259,PRJNA657980,SAMN15854507,Model organism or animal,45331970,FUJIAN ACADEMY OF AGRICULTURAL SCIENCES,public,"sra,run.zq,fastq","gs,ncbi,s3","ncbi.public,s3.us-east-1,gs.us-east1",SRX8968768,Illumina HiSeq 2000,T03,SINGLE,RANDOM,TRANSCRIPTOMIC,Anas platyrhynchos,ILLUMINA,2020-08-19T00:00:00Z,2020-08-19T06:25:00Z,1,1,female,SRP278035,testis,210d,duck,not collected,not collected,,,,,,not collected,not collected,,not collected,,,,,,,
