CommonName,GeneId,start,end,Junction
anole,ENSACAG00000007227,125817818,125821463,E1E3
cattle,ENSBTAG00000007730,119118397,119133682,E1E3
cattle,ENSBTAG00000078450,7993697,8010836,E1E3
chicken,ENSGALG00010003052,118304535,118313129,E1E3
duck,ENSAPLG00000011089,116945669,116953843,E1E3
echidna,ZFX,2887543,2888139,E1E3
human,ENSG00000005889,24172800,24207326,E1E3
human,ENSG00000067646,2953997,2975095,E1E3
koala,ENSPCIG00000024018,12169119,12204163,E1E3
macaque,ENSMMUG00000009801,24000889,24035078,E1E3
macaque,ENSMMUG00000046378,258566,281083,E1E3
mouse,ENSMUSG00000079509,93125905,93145897,E1E3
mouse,ENSMUSG00000053211,735168,759850,E1E3
mouse,ENSMUSG00000000103,2117212,2133385,E1E3
opossum,ZFX,46374628,46418348,E1E3
pig,ENSSSCG00000021322,20243490,20266919,E1E3
pig,ENSSSCG00000012179,9911038,9928932,E1E3
platypus,ENSOANG00000046710,15377677,15398814,E1E3
rat,ENSRNOG00000005624,62806207,62824310,E1E3
rat,ENSRNOG00000053042,156128,165382,E1E3
tasmaniandevil,ENSSHAG00000004983,269241175,269277566,E1E3
turkey,ZFX,116183643,116192451,E1E3
wallaby,ZFX,452798276,452836092,E1E3
xenopus,ENSXETG00000007785,42980939,42986352,E1E3
zebrafinch,ENSTGUG00000007219,100739793,100749515,E1E3
zebrafish,ENSDARG00000074453,17007505,17011774,E1E3
anole,ENSACAG00000007227,125817818,125818810,E1E2
anole,ENSACAG00000007227,125819379,125821463,E2E3
chicken,ENSGALG00010003052,118312668,118313129,E1E2
chicken,ENSGALG00010003052,118304535,118312102,E2E3
cattle,ENSBTAG00000007730,119130490,119133682,E1E2
cattle,ENSBTAG00000007730,119118397,119129921,E2E3
cattle,ENSBTAG00000078450,8005199,8010836,E1E2
cattle,ENSBTAG00000078450,7993697,8004630,E2E3
duck,ENSAPLG00000011089,116953390,116953843,E1E2
duck,ENSAPLG00000011089,116945669,116952824,E2E3
echidna,ZFX,2888139,2901533,E1E2
echidna,ZFX,2870345,2887543,E2E3
human,ENSG00000005889,24172800,24179183,E1E2
human,ENSG00000005889,24179770,24207326,E2E3
human,ENSG00000067646,2953997,2961074,E1E2
human,ENSG00000067646,2961646,2975095,E2E3
koala,ENSPCIG00000024018,12195251,12204163,E1E2
koala,ENSPCIG00000024018,12169119,12194682,E2E3
macaque,ENSMMUG00000009801,24001816,24006939,E1E2
macaque,ENSMMUG00000009801,24007517,24035078,E2E3
macaque,ENSMMUG00000046378,258566,265826,E1E2
macaque,ENSMMUG00000046378,266398,281083,E2E3
mouse,ENSMUSG00000079509,93142458,93145897,E1E2
mouse,ENSMUSG00000079509,93125905,93141889,E2E3
mouse,ENSMUSG00000053211,739143,759850,E1E2
mouse,ENSMUSG00000053211,735168,738592,E2E3
mouse,ENSMUSG00000000103,2121830,2133385,E1E2
mouse,ENSMUSG00000000103,2117212,2121279,E2E3
opossum,ZFX,46374628,46385729,E1E2
opossum,ZFX,46386298,46418348,E2E3
pig,ENSSSCG00000021322,20243490,20246588,E1E2
pig,ENSSSCG00000021322,20247157,20266919,E2E3
pig,ENSSSCG00000012179,9911038,9916632,E1E2
pig,ENSSSCG00000012179,9917192,9928932,E2E3
platypus,ENSOANG00000046710,15396445,15398814,E1E2
platypus,ENSOANG00000046710,15377677,15395840,E2E3
rat,ENSRNOG00000005624,62820771,62824310,E1E2
rat,ENSRNOG00000005624,62806207,62820202,E2E3
rat,ENSRNOG00000053042,160604,165382,E1E2
rat,ENSRNOG00000053042,156128,160053,E2E3
tasmaniandevil,ENSSHAG00000004983,269267369,269277566,E1E2
tasmaniandevil,ENSSHAG00000004983,269241175,269266800,E2E3
turkey,ZFX,116191993,116192451,E1E2
turkey,ZFX,116183643,116191427,E2E3
wallaby,ZFX,452826259,452836092,E1E2
wallaby,ZFX,452798276,452825690,E2E3
xenopus,ENSXETG00000007785,42985325,42986352,E1E2
xenopus,ENSXETG00000007785,42980939,42984771,E2E3
zebrafinch,ENSTGUG00000007219,100739793,100740240,E1E2
zebrafinch,ENSTGUG00000007219,100740806,100749515,E2E3
zebrafish,ENSDARG00000074453,17007505,17010868,E1E2
zebrafish,ENSDARG00000074453,17011209,17011774,E2E3
