CommonName,Gene,GeneId,CanonicalTranscriptId,Group
chicken,ZFX,ENSGALG00010003052,ENSGALT00010007119,ZFX
chicken,RBMXL1,ENSGALG00010015895,ENSGALT00010038312,RBMX
chicken,MPV17,ENSGALG00010009286,ENSGALT00010022120,MPV17
zebrafinch,ZFX,ENSTGUG00000007219,ENSTGUT00000021043,ZFX
zebrafinch,RBMX,ENSTGUG00000002135,ENSTGUT00000002222,RBMX
zebrafinch,RBMX2,ENSTGUG00000005239,ENSTGUT00000005434,RBMX
zebrafinch,MPV17,ENSTGUG00000027242,ENSTGUT00000043710,MPV17
opossum,ZFX,ZFX,XM_016433377.2,ZFX
opossum,RBMX2,RBMX2,XM_056808883.1,RBMX
opossum,RBMX,RBMX,XM_007507351.3,RBMX
opossum,RBMY,LOC100379645,XM_056809902.1,RBMY
opossum,MPV17,MPV17,XM_007476004.3,MPV17
xenopus,ZFX,ENSXETG00000007785,ENSXETT00000017004,ZFX
xenopus,rbmx,ENSXETG00000003481,ENSXETT00000007532,RBMX
xenopus,rbmx2,ENSXETG00000026179,ENSXETT00000115182,RBMX
xenopus,mpv17 ,ENSXETG00000042274,ENSXETT00000112340,MPV17
anole,ZFX,ENSACAG00000007227,ENSACAT00000007264,ZFX
anole,rbmx,ENSACAG00000009551,ENSACAT00000009617,RBMX
anole,RBMX2 ,ENSACAG00000008819,ENSACAT00000008831,RBMX
anole,mpv17l,ENSACAG00000015573,ENSACAT00000023658,MPV17
zebrafish,ZFX,ENSDARG00000074453,ENSDART00000110652,ZFX
zebrafish,rbmx,ENSDARG00000014244,ENSDART00000128730,RBMX
zebrafish,rbmx2,ENSDARG00000115698,ENSDART00000049103,RBMX
zebrafish,mpv17,ENSDARG00000032431,ENSDART00000146544,MPV17
platypus,ZFX,ENSOANG00000046710,ENSOANT00000073933,ZFX
platypus,RBMX,ENSOANG00000011670,ENSOANT00000018490,RBMX
platypus,RBMX2,ENSOANG00000037414,ENSOANT00000072518,RBMX
platypus,MPV17,ENSOANG00000050006,ENSOANT00000065379,MPV17
mouse,Zfx,ENSMUSG00000079509,ENSMUST00000088102,ZFX
mouse,Zfy1,ENSMUSG00000053211,ENSMUST00000189888,ZFY
mouse,Zfy2,ENSMUSG00000000103,ENSMUST00000187148,ZFY
mouse,Rbmx,ENSMUSG00000031134,ENSMUST00000114726,RBMX
mouse,Rbmy,ENSMUSG00000094658,ENSMUST00000100360,RBMY
mouse,Rbmyf1,ENSMUSG00000102053,ENSMUST00000187482,RBMY
mouse,Rbmyf2,ENSMUSG00000095852,ENSMUST00000188114,RBMY
mouse,Rbmyf3,ENSMUSG00000091987,ENSMUST00000187842,RBMY
mouse,Rbmyf4,ENSMUSG00000101667,ENSMUST00000188358,RBMY
mouse,Rbmyf5,ENSMUSG00000093918,ENSMUST00000179508,RBMY
mouse,Rbmyf6,ENSMUSG00000094511,ENSMUST00000178531,RBMY
mouse,Rbmyf7,ENSMUSG00000093987,ENSMUST00000187277,RBMY
mouse,Rbmyf8,ENSMUSG00000095948,ENSMUST00000180310,RBMY
mouse,Rbmyf9,ENSMUSG00000096520,ENSMUST00000180202,RBMY
mouse,Mpv17,ENSMUSG00000107283,ENSMUST00000202241,MPV17
pig,ZFX,ENSSSCG00000021322,ENSSSCT00000027404,ZFX
pig,ZFY,ENSSSCG00000012179,ENSSSCT00000013323,ZFY
pig,RBMX,ENSSSCG00000012703,ENSSSCT00000034598,RBMX
pig,RBMX2,ENSSSCG00000032739,ENSSSCT00000023251,RBMX
pig,RBMY,ENSSSCG00000034141,ENSSSCT00000035967,RBMY
pig,MPV17,ENSSSCG00000037201,ENSSSCT00000068104,MPV17
human,ZFX,ENSG00000005889,ENST00000304543,ZFX
human,ZFY,ENSG00000067646,ENST00000155093,ZFY
human,RBMX ,ENSG00000147274,ENST00000320676,RBMX
human,RBMX2 ,ENSG00000134597,ENST00000305536,RBMX
human,RBMYA1,ENSG00000234414,ENST00000382707,RBMY
human,RBMY1B ,ENSG00000242875,ENST00000383020,RBMY
human,RBMY1D ,ENSG00000244395,ENST00000382680,RBMY
human,RBMY1E ,ENSG00000242389,ENST00000382659,RBMY
human,RBMY1F ,ENSG00000169800,ENST00000303766,RBMY
human,RBMY1J ,ENSG00000226941,ENST00000250831,RBMY
human,MPV17,ENSG00000115204,ENST00000380044,MPV17
macaque,ZFX,ENSMMUG00000009801,ENSMMUT00000013690,ZFX
macaque,ZFY,ENSMMUG00000046378,ENSMMUT00000057467,ZFY
macaque,RBMX ,ENSMMUG00000040370,ENSMMUT00000091285,RBMX
macaque,RBMX2 ,ENSMMUG00000008389,ENSMMUT00000011730,RBMX
macaque,RBMY,ENSMMUG00000039261,ENSMMUT00000075420,RBMY
macaque,MPV17,ENSMMUG00000054298,ENSMMUT00000014703,MPV17
rat,Zfx,ENSRNOG00000005624,ENSRNOT00000076613,ZFX
rat,Zfy1,ENSRNOG00000053042,ENSRNOT00000093043,ZFY
rat,Rbmx,ENSRNOG00000000866,ENSRNOT00000097092,RBMX
rat,Rbmx2,ENSRNOG00000007371,ENSRNOT00000093484,RBMX
rat,Rbmy1j,ENSRNOG00000060963,ENSRNOT00000092110,RBMY
rat,Mpv17,ENSRNOG00000049430,ENSRNOT00000099208,MPV17
koala,ZFX,ENSPCIG00000024018,ENSPCIT00000039787,ZFX
koala,RBMX,ENSPCIG00000029716,ENSPCIT00000050003,RBMX
koala,MPV17,ENSPCIG00000037169,ENSPCIT00000060956,MPV17
echidna,ZFX,ZFX,XM_038757219.1,ZFX
echidna,RBMX,RBMX,XM_038747823.1,RBMX
echidna,MPV17,MPV17,XM_038751244.1,MPV17
cattle,ZFY,ENSBTAG00000078450,ENSBTAT00000148012,ZFY
cattle,ZFX,ENSBTAG00000007730,ENSBTAT00000034353,ZFX
cattle,RBMX,ENSBTAG00000013308,ENSBTAT00000017696,RBMX
cattle,RBMX2,ENSBTAG00000014771,ENSBTAT00000082397,RBMX
cattle,RBMY,ENSBTAG00000073631,ENSBTAT00000147610,RBMY
cattle,RBMY.1,ENSBTAG00000077504,ENSBTAT00000141058,RBMY
cattle,RBMY.2,ENSBTAG00000078848,ENSBTAT00000151488,RBMY
cattle,RBMY.3,ENSBTAG00000076128,ENSBTAT00000151377,RBMY
cattle,RBMY.4,ENSBTAG00000074498,ENSBTAT00000143831,RBMY
cattle,RBMY.5,ENSBTAG00000077920,ENSBTAT00000137576,RBMY
cattle,RBMY.6,ENSBTAG00000078456,ENSBTAT00000140742,RBMY
cattle,RBMY.7,ENSBTAG00000071612,ENSBTAT00000140436,RBMY
cattle,RBMY.8,ENSBTAG00000072146,ENSBTAT00000143624,RBMY
cattle,RBMY.9,ENSBTAG00000073373,ENSBTAT00000154129,RBMY
cattle,RBMY.10,ENSBTAG00000073385,ENSBTAT00000144850,RBMY
cattle,MPV17,ENSBTAG00000018269,ENSBTAT00000132892,MPV17
duck,ZFX,ENSAPLG00000011089,ENSAPLT00000011546,ZFX
duck,RBMX2,ENSAPLG00000010127,ENSAPLT00000010543,RBMX
duck,MPV17L,ENSAPLG00000005394,ENSAPLT00000043112,MPV17
wallaby,ZFX,ZFX,XM_072615248.1,ZFX
wallaby,RBMX,RBMX,XM_072626377.1,RBMX
wallaby,RBMX2,RBMX2,XM_072626236.1,RBMX
wallaby,RBMY,LOC140517016,XM_072627858.1,RBMY
wallaby,MPV17,MPV17,XR_011972430.1,MPV17
tasmaniandevil,ZFX,ENSSHAG00000004983,ENSSHAT00000005757,ZFX
tasmaniandevil,RBMX,ENSSHAG00000009439,ENSSHAT00000032512,RBMX
tasmaniandevil,RBMX2,ENSSHAG00000016412,ENSSHAT00000019480,RBMX
tasmaniandevil,MPV17,ENSSHAG00000022718,ENSSHAT00000047248,MPV17
turkey,ZFX,ZFX,XM_085210579.1,ZFX
turkey,RBMX ,RBMX,XM_031554650.2,RBMX
turkey,RBMX2,RBMX2,XM_010715157.4,RBMX
turkey,MPV17,MPV17,XM_085218179.1,MPV17
nilerat,Zfx,Zfx,XM_076918564.1,ZFX
nilerat,Zfy2-like-1,LOC117701330,XM_076706218.1,ZFY
nilerat,Zfy2-like-2,LOC117701322,XM_076706220.1,ZFY
nilerat,Rbmx2,Rbmx2,XM_034484766.2,RBMX
nilerat,Rbmx,Rbmx,XM_034485324.2,RBMX
nilerat,Rbmyf9-like-1,LOC117701532,XM_076706261.1,RBMY
nilerat,Rbmyf9-like-2,LOC117701312,XM_076706228.1,RBMY
sheep,ZFX,ZFX,XM_027963307.3,ZFX
sheep,ZFY,LOC132659061,XM_060408711.1 ,ZFY
sheep,MPV17,MPV17,XM_015094269.3,MPV17
