CommonName,Gene,GeneId,CanonicalTranscriptId
chicken,ZFX,ENSGALG00010003052,ENSGALT00010007119
zebrafinch,ZFX,ENSTGUG00000007219,ENSTGUT00000021043
opossum,ZFX,ENSMODG00000007512,ENSMODT00000009508
xenopus,ZFX,ENSXETG00000007785,ENSXETT00000017004
anole,ZFX,ENSACAG00000007227,ENSACAT00000007264
zebrafish,ZFX,ENSDARG00000074453,ENSDART00000110652
platypus,ZFX,ENSOANG00000046710,ENSOANT00000073933
mouse,Zfx,ENSMUSG00000079509,ENSMUST00000088102
mouse,Zfy1,ENSMUSG00000053211,ENSMUST00000189888
mouse,Zfy2,ENSMUSG00000000103,ENSMUST00000187148
pig,ZFX,ENSSSCG00000021322,ENSSSCT00000027404
pig,ZFY,ENSSSCG00000012179,ENSSSCT00000013323
human,ZFX,ENSG00000005889,ENST00000304543
human,ZFY,ENSG00000067646,ENST00000155093
macaque,ZFX,ENSMMUG00000009801,ENSMMUT00000013690
macaque,ZFY,ENSMMUG00000046378,ENSMMUT00000057467
rat,Zfx,ENSRNOG00000005624,ENSRNOT00000076613
rat,Zfy2,ENSRNOG00000053042,ENSRNOT00000077708
koala,ZFX,ENSPCIG00000024018,ENSPCIT00000039787
echidna,ZFX,ZFX,XM_038757219.1
cattle,ZFY,ENSBTAG00000078450,ENSBTAT00000148012
cattle,ZFX,ENSBTAG00000007730,ENSBTAT00000034353
