ExonId,CodingExonNumber,Feature
ENSMUSE00001036800,1,
ENSMUSE00001015775,2,SP
ENSMUSE00000993470,3,
ENSMUSE00000568758,4,
ENSMUSE00001050190,5,
ENSMUSE00001068922,6,
ENSMUSE00001324629,7,DBD
ENSMUSE00000992753,1,
ENSMUSE00000984092,2,SP
ENSMUSE00001047922,3,
ENSMUSE00000704557,4,
ENSMUSE00001005853,5,
ENSMUSE00001089521,6,
ENSMUSE00001334440,7,DBD
ENSMUSE00001269295,1,
ENSMUSE00000149474,2,
ENSMUSE00000149476,3,
ENSMUSE00000149475,4,
ENSMUSE00000477715,5,
ENSMUSE00000149469,6,
ENSMUSE00000744375,7,DBD
ENSGALE00010028768,1,
ENSGALE00010028778,2,SP
ENSGALE00010028781,3,
ENSGALE00010028783,4,
ENSGALE00010028784,5,
ENSGALE00010028785,6,
ENSGALE00010028786,7,DBD
ENSMODE00000078848,1,
ENSMODE00000078849,2,SP
ENSMODE00000078850,3,
ENSMODE00000078860,4,
ENSMODE00000078869,5,
ENSMODE00000307185,6,
ENSMODE00000373268,7,DBD
ENSE00002688681,1,
ENSE00001176296,2,SP
ENSE00003592125,3,
ENSE00003471331,4,
ENSE00001598623,5,
ENSE00002732075,6,
ENSE00001708883,7,DBD
ENSE00003889480,1,
ENSE00003895848,2,SP
ENSE00003764421,3,
ENSE00003768468,4,
ENSE00003889859,5,
ENSE00003891660,6,
ENSE00003895708,7,DBD
ENSRNOE00000647045,1,
ENSRNOE00000599588,2,
ENSRNOE00000054034,3,SP
ENSRNOE00000613060,4,
ENSRNOE00000053082,5,
ENSRNOE00000053178,6,
ENSRNOE00000296274,7,
ENSRNOE00000514747,8,DBD
ENSRNOE00000541567,1,
ENSRNOE00000544130,2,SP
ENSRNOE00000537273,3,
ENSRNOE00000546137,4,
ENSRNOE00000568193,5,
ENSRNOE00000517140,6,
ENSRNOE00000539578,7,DBD
ENSMMUE00000095158,1,
ENSMMUE00000413272,2,
ENSMMUE00000388194,3,SP
ENSMMUE00000095132,4,
ENSMMUE00000095135,5,
ENSMMUE00000095138,6,
ENSMMUE00000095142,7,
ENSMMUE00000095147,8,DBD
ENSMMUE00000393097,1,
ENSMMUE00000415995,2,SP
ENSMMUE00000337864,3,
ENSMMUE00000095156,4,
ENSMMUE00000355682,5,
ENSMMUE00000095161,6,
ENSMMUE00000407322,7,DBD
ENSOANE00000261828,1,
ENSOANE00000124688,2,SP
ENSOANE00000124690,3,
ENSOANE00000124691,4,
ENSOANE00000124692,5,
ENSOANE00000124693,6,
ENSOANE00000249399,7,DBD
ENSTGUE00000074604,1,
ENSTGUE00000074612,2,SP
ENSTGUE00000074659,3,
ENSTGUEE00000216832,4,
ENSTGUE00000074731,5,
ENSTGUE00000074763,6,
ENSTGUEE00000199619,7,DBD
ENSXETE00000095711,1,
ENSXETE00000095712,2,SP
ENSXETE00000095713,3,
ENSXETE00000095714,4,
ENSXETE00000095715,5,
ENSXETE00000095716,6,
ENSXETE00000570894,7,DBD
ENSACAE00000067344,1,
ENSACAE00000067407,2,SP
ENSACAE00000067465,3,
ENSACAE00000067528,4,
ENSACAE00000067604,5,
ENSACAE00000067676,6,
ENSACAE00000067773,7,DBD
ENSDARE00001112692,1,
ENSDARE00000798648,2,SP
ENSDARE00000808537,3,
ENSDARE00000846717,4,
ENSDARE00000822128,5,
ENSDARE00000794351,6,
ENSDARE00001272363,7,DBD
ENSSSCE00000299720,1,
ENSSSCE00000376078,2,SP
ENSSSCE00000107581,3,
ENSSSCE00000107582,4,
ENSSSCE00000107583,5,
ENSSSCE00000107584,6,
ENSSSCE00000191439,7,DBD
ENSSSCE00000420613,1,
ENSSSCE00000205394,2,SP
ENSSSCE00000163503,3,
ENSSSCE00000229962,4,
ENSSSCE00000245134,5,
ENSSSCE00000170234,6,
ENSSSCE00000306673,7,DBD
ENSPCIE00000267799,1,
ENSPCIE00000185284,2,SP
ENSPCIE00000185285,3,
ENSPCIE00000185286,4,
ENSPCIE00000185287,5,
ENSPCIE00000185288,6,
ENSPCIE00000185289,7,DBD
