Genome,CommonName,Species,FASTA_URL,GTF_URL
GRCg7b,chicken,Gallus gallus,https://ftp.ensembl.org/pub/release-112/fasta/gallus_gallus/dna/Gallus_gallus.bGalGal1.mat.broiler.GRCg7b.dna.toplevel.fa.gz,https://ftp.ensembl.org/pub/release-112/gtf/gallus_gallus/Gallus_gallus.bGalGal1.mat.broiler.GRCg7b.112.gtf.gz
ASM229v1,opossum,Monodelphis domestica,https://ftp.ensembl.org/pub/release-112/fasta/monodelphis_domestica/dna/Monodelphis_domestica.ASM229v1.dna.toplevel.fa.gz,https://ftp.ensembl.org/pub/release-112/gtf/monodelphis_domestica/Monodelphis_domestica.ASM229v1.112.gtf.gz
GRCm39 ,mouse,Mus musculus,https://ftp.ensembl.org/pub/release-112/fasta/mus_musculus/dna/Mus_musculus.GRCm39.dna.toplevel.fa.gz ,https://ftp.ensembl.org/pub/release-112/gtf/mus_musculus/Mus_musculus.GRCm39.112.gtf.gz
GRCh38,human,Homo sapiens,https://ftp.ensembl.org/pub/release-112/fasta/homo_sapiens/dna/Homo_sapiens.GRCh38.dna.toplevel.fa.gz,https://ftp.ensembl.org/pub/release-112/gtf/homo_sapiens/Homo_sapiens.GRCh38.112.gtf.gz
mRatBN7.2,rat,Rattus norvegicus,https://ftp.ensembl.org/pub/release-112/fasta/rattus_norvegicus/dna/Rattus_norvegicus.mRatBN7.2.dna.toplevel.fa.gz,https://ftp.ensembl.org/pub/release-112/gtf/rattus_norvegicus/Rattus_norvegicus.mRatBN7.2.112.gtf.gz
Mmul_10,macaque,Macaca mulatta,https://ftp.ensembl.org/pub/release-112/fasta/macaca_mulatta/dna/Macaca_mulatta.Mmul_10.dna.toplevel.fa.gz,https://ftp.ensembl.org/pub/release-112/gtf/macaca_mulatta/Macaca_mulatta.Mmul_10.112.gtf.gz
mOrnAna1.p.v1,platypus,Ornithorhynchus anatinus,https://ftp.ensembl.org/pub/release-112/fasta/ornithorhynchus_anatinus/dna/Ornithorhynchus_anatinus.mOrnAna1.p.v1.dna.toplevel.fa.gz,https://ftp.ensembl.org/pub/release-112/gtf/ornithorhynchus_anatinus/Ornithorhynchus_anatinus.mOrnAna1.p.v1.112.gtf.gz
bTaeGut1_v1.p,zebrafinch,Taeniopygia guttata,https://ftp.ensembl.org/pub/release-112/fasta/taeniopygia_guttata/dna/Taeniopygia_guttata.bTaeGut1_v1.p.dna.toplevel.fa.gz,https://ftp.ensembl.org/pub/release-112/gtf/taeniopygia_guttata/Taeniopygia_guttata.bTaeGut1_v1.p.112.gtf.gz
UCB_Xtro_10.0,xenopus,Xenopus tropicalis,https://ftp.ensembl.org/pub/release-112/fasta/xenopus_tropicalis/dna/Xenopus_tropicalis.UCB_Xtro_10.0.dna.toplevel.fa.gz,https://ftp.ensembl.org/pub/release-112/gtf/xenopus_tropicalis/Xenopus_tropicalis.UCB_Xtro_10.0.112.gtf.gz
AnoCar2.0v2,anole,Anolis carolinensis,https://ftp.ensembl.org/pub/release-112/fasta/anolis_carolinensis/dna/Anolis_carolinensis.AnoCar2.0v2.dna.toplevel.fa.gz,https://ftp.ensembl.org/pub/release-112/gtf/anolis_carolinensis/Anolis_carolinensis.AnoCar2.0v2.112.gtf.gz
GRCz11,zebrafish,Danio rerio,https://ftp.ensembl.org/pub/release-112/fasta/danio_rerio/dna/Danio_rerio.GRCz11.dna.toplevel.fa.gz,https://ftp.ensembl.org/pub/release-112/gtf/danio_rerio/Danio_rerio.GRCz11.112.gtf.gz
Sscrofa11.1,pig,Sus scrofa,https://ftp.ensembl.org/pub/release-112/fasta/sus_scrofa/dna/Sus_scrofa.Sscrofa11.1.dna.toplevel.fa.gz,https://ftp.ensembl.org/pub/release-112/gtf/sus_scrofa/Sus_scrofa.Sscrofa11.1.112.gtf.gz
phaCin_unsw_v4.1,koala,Phascolarctos cinereus,https://ftp.ensembl.org/pub/release-115/fasta/phascolarctos_cinereus/dna/Phascolarctos_cinereus.phaCin_unsw_v4.1.dna.toplevel.fa.gz,https://ftp.ensembl.org/pub/release-115/gtf/phascolarctos_cinereus/Phascolarctos_cinereus.phaCin_unsw_v4.1.115.gtf.gz
mTacAcu1,echidna,Tachyglossus aculeatus,https://ftp.ncbi.nlm.nih.gov/genomes/all/GCF/015/852/505/GCF_015852505.1_mTacAcu1.pri/GCF_015852505.1_mTacAcu1.pri_genomic.fna.gz,https://ftp.ncbi.nlm.nih.gov/genomes/all/GCF/015/852/505/GCF_015852505.1_mTacAcu1.pri/GCF_015852505.1_mTacAcu1.pri_genomic.gtf.gz
ARS-UCD2.0,cattle,Bos taurus,https://ftp.ensembl.org/pub/release-115/fasta/bos_taurus/dna/Bos_taurus.ARS-UCD2.0.dna.toplevel.fa.gz,https://ftp.ensembl.org/pub/release-115/gtf/bos_taurus/Bos_taurus.ARS-UCD2.0.115.gtf.gz
