Run,Assay Type,AvgSpotLen,Bases,BioProject,BioSample,Bytes,Center Name,Consent,DATASTORE filetype,DATASTORE provider,DATASTORE region,Experiment,Instrument,LibraryLayout,LibrarySelection,LibrarySource,Organism,Platform,ReleaseDate,create_date,version,Sample Name,source_name,SRA Study,tissue,koala_id,Collection_Date,geo_loc_name_country,geo_loc_name_country_continent,geo_loc_name,Library Name,Location,Stage,Developmental_Stage,GEO_Accession (exp),Source,strain
SRR9080662,RNA-Seq,150,3291257003,PRJNA526502,SAMN11671012,1345913449,GEO,public,"fastq,run.zq,sra","gs,ncbi,s3","gs.us-east1,ncbi.public,s3.us-east-1",SRX5855879,NextSeq 500,PAIRED,cDNA,TRANSCRIPTOMIC,Mus musculus,ILLUMINA,2019-10-14T00:00:00Z,2019-05-17T13:38:00Z,1,GSM3775832,Testis,SRP188109,Testis,,,,,,,,,adult,,,AKR/J
SRR9080663,RNA-Seq,150,2893027919,PRJNA526502,SAMN11670998,1207513327,GEO,public,"fastq,run.zq,sra","gs,ncbi,s3","gs.us-east1,ncbi.public,s3.us-east-1",SRX5855880,NextSeq 500,PAIRED,cDNA,TRANSCRIPTOMIC,Mus musculus,ILLUMINA,2019-10-14T00:00:00Z,2019-05-17T13:37:00Z,1,GSM3775833,Testis,SRP188109,Testis,,,,,,,,,adult,,,C3H
SRR9080664,RNA-Seq,150,3468420709,PRJNA526502,SAMN11670996,1412536430,GEO,public,"fastq,run.zq,sra","gs,ncbi,s3","gs.us-east1,ncbi.public,s3.us-east-1",SRX5855873,NextSeq 500,PAIRED,cDNA,TRANSCRIPTOMIC,Mus musculus,ILLUMINA,2019-10-14T00:00:00Z,2019-05-17T13:39:00Z,1,GSM3775834,Testis,SRP188109,Testis,,,,,,,,,adult,,,C57BL/6J
SRR9080665,RNA-Seq,150,3951544258,PRJNA526502,SAMN11670995,1614879707,GEO,public,"fastq,run.zq,sra","gs,ncbi,s3","gs.us-east1,ncbi.public,s3.us-east-1",SRX5855874,NextSeq 500,PAIRED,cDNA,TRANSCRIPTOMIC,Mus musculus,ILLUMINA,2019-10-14T00:00:00Z,2019-05-17T13:39:00Z,1,GSM3775835,Testis,SRP188109,Testis,,,,,,,,,adult,,,C57BL/6NJ
SRR9080666,RNA-Seq,150,3498430749,PRJNA526502,SAMN11670994,1423732621,GEO,public,"fastq,run.zq,sra","gs,ncbi,s3","gs.us-east1,ncbi.public,s3.us-east-1",SRX5855875,NextSeq 500,PAIRED,cDNA,TRANSCRIPTOMIC,Mus musculus,ILLUMINA,2019-10-14T00:00:00Z,2019-05-17T13:39:00Z,1,GSM3775836,Testis,SRP188109,Testis,,,,,,,,,adult,,,LP
SRR9080667,ncRNA-Seq,69,5044067774,PRJNA526502,SAMN11670968,2009034604,GEO,public,"fastq,run.zq,sra","gs,ncbi,s3","gs.us-east1,ncbi.public,s3.us-east-1",SRX5855876,NextSeq 500,SINGLE,size fractionation,TRANSCRIPTOMIC,Mus musculus,ILLUMINA,2019-10-14T00:00:00Z,2019-05-17T13:50:00Z,1,GSM3775837,Testis,SRP188109,Testis,,,,,,,,,adult,,,AKR/J
SRR9080668,ncRNA-Seq,69,4300128962,PRJNA526502,SAMN11671041,1711553277,GEO,public,"fastq,run.zq,sra","gs,ncbi,s3","gs.us-east1,ncbi.public,s3.us-east-1",SRX5855877,NextSeq 500,SINGLE,size fractionation,TRANSCRIPTOMIC,Mus musculus,ILLUMINA,2019-10-14T00:00:00Z,2019-05-17T13:46:00Z,1,GSM3775838,Testis,SRP188109,Testis,,,,,,,,,adult,,,AKR/J
SRR9080669,ncRNA-Seq,68,4129041579,PRJNA526502,SAMN11670997,1675511219,GEO,public,"fastq,run.zq,sra","gs,ncbi,s3","gs.us-east1,ncbi.public,s3.us-east-1",SRX5855878,NextSeq 500,SINGLE,size fractionation,TRANSCRIPTOMIC,Mus musculus,ILLUMINA,2019-10-14T00:00:00Z,2019-05-17T13:46:00Z,1,GSM3775839,Testis,SRP188109,Testis,,,,,,,,,adult,,,AKR/J
SRR8708134,RNA-Seq,200,21140337400,PRJNA526502,SAMN11099815,8247128214,GEO,public,"fastq,run.zq,sra","gs,ncbi,s3","gs.us-east1,ncbi.public,s3.us-east-1",SRX5503551,Illumina HiSeq 4000,PAIRED,cDNA,TRANSCRIPTOMIC,Phascolarctos cinereus,ILLUMINA,2019-10-14T00:00:00Z,2019-03-11T16:08:00Z,1,GSM3665253,Testis,SRP188109,Testis,K63464,,,,,,,,adult,GSM3665253,"Gold Coast\, Australia",
SRR8708139,RNA-Seq,156,8506978707,PRJNA526502,SAMN11099810,3463476429,GEO,public,"fastq,run.zq,sra","gs,ncbi,s3","gs.us-east1,ncbi.public,s3.us-east-1",SRX5503556,NextSeq 500,PAIRED,cDNA,TRANSCRIPTOMIC,Phascolarctos cinereus,ILLUMINA,2019-10-14T00:00:00Z,2019-03-11T15:53:00Z,1,GSM3665258,Testis,SRP188109,Testis,K63464,,,,,,,,adult,GSM3665258,"Gold Coast\, Australia",
SRR8708140,RNA-Seq,156,7206587634,PRJNA526502,SAMN11099809,2927150588,GEO,public,"fastq,run.zq,sra","gs,ncbi,s3","gs.us-east1,ncbi.public,s3.us-east-1",SRX5503557,NextSeq 500,PAIRED,cDNA,TRANSCRIPTOMIC,Phascolarctos cinereus,ILLUMINA,2019-10-14T00:00:00Z,2019-03-11T17:46:00Z,1,GSM3665259,Testis,SRP188109,Testis,K63855,,,,,,,,adult,GSM3665259,"Gold Coast\, Australia",
SRR8708141,RNA-Seq,156,7812904896,PRJNA526502,SAMN11099808,3190887302,GEO,public,"fastq,run.zq,sra","gs,ncbi,s3","gs.us-east1,ncbi.public,s3.us-east-1",SRX5503558,NextSeq 500,PAIRED,cDNA,TRANSCRIPTOMIC,Phascolarctos cinereus,ILLUMINA,2019-10-14T00:00:00Z,2019-03-11T17:47:00Z,1,GSM3665260,Testis,SRP188109,Testis,K63855,,,,,,,,adult,GSM3665260,"Gold Coast\, Australia",
SRR8708142,ncRNA-Seq,70,2673088390,PRJNA526502,SAMN11099807,1033556182,GEO,public,"fastq,run.zq,sra","gs,ncbi,s3","gs.us-east1,ncbi.public,s3.us-east-1",SRX5503559,NextSeq 500,SINGLE,size fractionation,TRANSCRIPTOMIC,Phascolarctos cinereus,ILLUMINA,2019-10-14T00:00:00Z,2019-03-11T15:44:00Z,1,GSM3665261,Testis,SRP188109,Testis,K63464,,,,,,,,adult,GSM3665261,"Gold Coast\, Australia",
SRR8708143,ncRNA-Seq,69,2985656952,PRJNA526502,SAMN11099806,1197306755,GEO,public,"fastq,run.zq,sra","gs,ncbi,s3","gs.us-east1,ncbi.public,s3.us-east-1",SRX5503560,NextSeq 500,SINGLE,size fractionation,TRANSCRIPTOMIC,Phascolarctos cinereus,ILLUMINA,2019-10-14T00:00:00Z,2019-03-11T15:46:00Z,1,GSM3665262,Testis,SRP188109,Testis,K63464,,,,,,,,adult,GSM3665262,"Gold Coast\, Australia",
SRR8708146,ncRNA-Seq,70,3271825620,PRJNA526502,SAMN11099803,1295769564,GEO,public,"fastq,run.zq,sra","gs,ncbi,s3","gs.us-east1,ncbi.public,s3.us-east-1",SRX5503563,NextSeq 500,SINGLE,size fractionation,TRANSCRIPTOMIC,Phascolarctos cinereus,ILLUMINA,2019-10-14T00:00:00Z,2019-03-11T17:41:00Z,1,GSM3665265,Testis,SRP188109,Testis,K63855,,,,,,,,adult,GSM3665265,"Gold Coast\, Australia",
SRR8708147,ncRNA-Seq,69,3779980542,PRJNA526502,SAMN11099802,1522129997,GEO,public,"fastq,run.zq,sra","gs,ncbi,s3","gs.us-east1,ncbi.public,s3.us-east-1",SRX5503564,NextSeq 500,SINGLE,size fractionation,TRANSCRIPTOMIC,Phascolarctos cinereus,ILLUMINA,2019-10-14T00:00:00Z,2019-03-11T17:46:00Z,1,GSM3665266,Testis,SRP188109,Testis,K63855,,,,,,,,adult,GSM3665266,"Gold Coast\, Australia",
SRR8708150,ncRNA-Seq,69,3561066117,PRJNA526502,SAMN11099799,1416796736,GEO,public,"fastq,run.zq,sra","gs,ncbi,s3","gs.us-east1,ncbi.public,s3.us-east-1",SRX5503567,NextSeq 500,SINGLE,size fractionation,TRANSCRIPTOMIC,Phascolarctos cinereus,ILLUMINA,2019-10-14T00:00:00Z,2019-03-11T15:45:00Z,1,GSM3665269,Testis,SRP188109,Testis,K63464,,,,,,,,adult,GSM3665269,"Gold Coast\, Australia",
SRR8708151,ncRNA-Seq,69,3404754681,PRJNA526502,SAMN11099798,1390250173,GEO,public,"fastq,run.zq,sra","gs,ncbi,s3","gs.us-east1,ncbi.public,s3.us-east-1",SRX5503568,NextSeq 500,SINGLE,size fractionation,TRANSCRIPTOMIC,Phascolarctos cinereus,ILLUMINA,2019-10-14T00:00:00Z,2019-03-11T17:44:00Z,1,GSM3665270,Testis,SRP188109,Testis,K63855,,,,,,,,adult,GSM3665270,"Gold Coast\, Australia",
SRR31371110,RNA-Seq,139,4343346244,PRJNA1187226,SAMN44786503,1880616161,UMASS MED,public,"fastq,run.zq,sra","ncbi,gs,s3","s3.us-east-1,gs.us-east1,ncbi.public",SRX26744704,NextSeq 500,PAIRED,cDNA,TRANSCRIPTOMIC,Phascolarctos cinereus,ILLUMINA,2025-01-15T00:00:00Z,2024-11-17T14:29:00Z,1,GSM8636240,Testis,SRP545699,Testis,K20191231-2,missing,uncalculated,uncalculated,missing,GSM8636240,Adelaide,adult,,,,
SRR31371111,RNA-Seq,111,3536279757,PRJNA1187226,SAMN44786505,1419222234,UMASS MED,public,"fastq,sra,run.zq","s3,ncbi,gs","s3.us-east-1,gs.us-east1,ncbi.public",SRX26744702,NextSeq 500,PAIRED,cDNA,TRANSCRIPTOMIC,Phascolarctos cinereus,ILLUMINA,2025-01-15T00:00:00Z,2024-11-17T14:27:00Z,1,GSM8636238,Testis,SRP545699,Testis,K20191231-1,missing,uncalculated,uncalculated,missing,GSM8636238,Adelaide,adult,,,,
SRR31371112,RNA-Seq,141,5385812802,PRJNA1187226,SAMN44786507,2338475259,UMASS MED,public,"fastq,run.zq,sra","gs,s3,ncbi","s3.us-east-1,ncbi.public,gs.us-east1",SRX26744700,NextSeq 500,PAIRED,cDNA,TRANSCRIPTOMIC,Phascolarctos cinereus,ILLUMINA,2025-01-15T00:00:00Z,2024-11-17T14:30:00Z,1,GSM8636236,Testis,SRP545699,Testis,K20190814,missing,uncalculated,uncalculated,missing,GSM8636236,Adelaide,adult,,,,
SRR31371107,RNA-Seq,131,5136011238,PRJNA1187226,SAMN44786501,2260410766,UMASS MED,public,"run.zq,fastq,sra","s3,gs,ncbi","gs.us-east1,s3.us-east-1,ncbi.public",SRX26744706,NextSeq 500,PAIRED,cDNA,TRANSCRIPTOMIC,Phascolarctos cinereus,ILLUMINA,2025-01-15T00:00:00Z,2024-11-17T14:30:00Z,1,GSM8636242,Testis,SRP545699,Testis,K20200104,missing,uncalculated,uncalculated,missing,GSM8636242,Adelaide,adult,,,,
SRR31371108,RNA-Seq,144,5783973799,PRJNA1187226,SAMN44786499,2607927627,UMASS MED,public,"fastq,run.zq,sra","s3,gs,ncbi","s3.us-east-1,ncbi.public,gs.us-east1",SRX26744708,NextSeq 500,PAIRED,cDNA,TRANSCRIPTOMIC,Phascolarctos cinereus,ILLUMINA,2025-01-15T00:00:00Z,2024-11-17T14:31:00Z,1,GSM8636244,Testis,SRP545699,Testis,K20200116,missing,uncalculated,uncalculated,missing,GSM8636244,Adelaide,adult,,,,
SRR31371116,RNA-Seq,147,4192543778,PRJNA1187226,SAMN44786509,1885718572,UMASS MED,public,"run.zq,fastq,sra","s3,ncbi,gs","gs.us-east1,s3.us-east-1,ncbi.public",SRX26744698,NextSeq 500,PAIRED,cDNA,TRANSCRIPTOMIC,Phascolarctos cinereus,ILLUMINA,2025-01-15T00:00:00Z,2024-11-17T14:29:00Z,1,GSM8636234,Testis,SRP545699,Testis,K20190727,missing,uncalculated,uncalculated,missing,GSM8636234,Adelaide,adult,,,,
SRR30589445,RNA-Seq,146,5956997975,PRJNA1158232,SAMN43532861,2672725763,UMASS MED,public,"run.zq,sra,fastq","ncbi,s3,gs","ncbi.public,gs.us-east1,s3.us-east-1",SRX26012201,NextSeq 500,PAIRED,cDNA,TRANSCRIPTOMIC,Phascolarctos cinereus,ILLUMINA,2025-01-15T00:00:00Z,2024-09-07T13:19:00Z,1,GSM8503060,Testis,SRP531280,Testis,K98224,missing,uncalculated,uncalculated,missing,GSM8503060,Currumbin,adult,,,,
SRR30589446,RNA-Seq,151,35871786996,PRJNA1158232,SAMN43532859,15070872131,UMASS MED,public,"run.zq,fastq,sra","ncbi,gs,s3","ncbi.public,s3.us-east-1,gs.us-east1",SRX26012203,NextSeq 500,PAIRED,cDNA,TRANSCRIPTOMIC,Phascolarctos cinereus,ILLUMINA,2025-01-15T00:00:00Z,2024-09-07T13:46:00Z,1,GSM8503062,Testis,SRP531280,Testis,K98314,missing,uncalculated,uncalculated,missing,GSM8503062,Currumbin,adult,,,,
SRR30589450,RNA-Seq,150,36244988019,PRJNA1158232,SAMN43532867,15145109483,UMASS MED,public,"run.zq,fastq,sra","s3,gs,ncbi","gs.us-east1,s3.us-east-1,ncbi.public",SRX26012195,NextSeq 500,PAIRED,cDNA,TRANSCRIPTOMIC,Phascolarctos cinereus,ILLUMINA,2025-01-15T00:00:00Z,2024-09-07T13:32:00Z,1,GSM8503054,Testis,SRP531280,Testis,K94276,missing,uncalculated,uncalculated,missing,GSM8503054,Sunshine Coast,adult,,,,
SRR30589454,RNA-Seq,148,16585584463,PRJNA1158232,SAMN43532869,7028281484,UMASS MED,public,"sra,run.zq,fastq","s3,gs,ncbi","gs.us-east1,ncbi.public,s3.us-east-1",SRX26012193,NextSeq 500,PAIRED,cDNA,TRANSCRIPTOMIC,Phascolarctos cinereus,ILLUMINA,2025-01-15T00:00:00Z,2024-09-07T13:23:00Z,1,GSM8503052,Testis,SRP531280,Testis,K71362,missing,uncalculated,uncalculated,missing,GSM8503052,Sunshine Coast,adult,,,,
SRR30620615,RNA-Seq,149,8614865901,PRJNA1158232,SAMN43567249,3531134002,UMASS MED,public,"run.zq,fastq,sra","gs,s3,ncbi","s3.us-east-1,ncbi.public,gs.us-east1",SRX26042907,NextSeq 500,PAIRED,cDNA,TRANSCRIPTOMIC,Phascolarctos cinereus,ILLUMINA,2025-01-15T00:00:00Z,2024-09-10T12:56:00Z,1,GSM8506379,Testis,SRP531280,Testis,Poppy,missing,uncalculated,uncalculated,missing,GSM8506379,Brisbane,adult,,,,
SRR30620616,RNA-Seq,150,10871319342,PRJNA1158232,SAMN43567251,4375064950,UMASS MED,public,"fastq,sra,run.zq","s3,gs,ncbi","s3.us-east-1,gs.us-east1,ncbi.public",SRX26042905,NextSeq 500,PAIRED,cDNA,TRANSCRIPTOMIC,Phascolarctos cinereus,ILLUMINA,2025-01-15T00:00:00Z,2024-09-10T12:58:00Z,1,GSM8506377,Testis,SRP531280,Testis,K98494,missing,uncalculated,uncalculated,missing,GSM8506377,Brisbane,adult,,,,
SRR30620617,RNA-Seq,149,15040054768,PRJNA1158232,SAMN43567252,6071321471,UMASS MED,public,"sra,fastq,run.zq","s3,ncbi,gs","s3.us-east-1,ncbi.public,gs.us-east1",SRX26042904,NextSeq 500,PAIRED,cDNA,TRANSCRIPTOMIC,Phascolarctos cinereus,ILLUMINA,2025-01-15T00:00:00Z,2024-09-10T13:11:00Z,1,GSM8506376,Testis,SRP531280,Testis,Cove,missing,uncalculated,uncalculated,missing,GSM8506376,Brisbane,adult,,,,
SRR30620618,RNA-Seq,150,12947264280,PRJNA1158232,SAMN43567250,5195197720,UMASS MED,public,"fastq,run.zq,sra","s3,gs,ncbi","s3.us-east-1,ncbi.public,gs.us-east1",SRX26042906,NextSeq 500,PAIRED,cDNA,TRANSCRIPTOMIC,Phascolarctos cinereus,ILLUMINA,2025-01-15T00:00:00Z,2024-09-10T13:04:00Z,1,GSM8506378,Testis,SRP531280,Testis,Mario,missing,uncalculated,uncalculated,missing,GSM8506378,Brisbane,adult,,,,
SRR30620619,RNA-Seq,150,10717695373,PRJNA1158232,SAMN43567253,4310753301,UMASS MED,public,"run.zq,fastq,sra","ncbi,gs,s3","gs.us-east1,ncbi.public,s3.us-east-1",SRX26042903,NextSeq 500,PAIRED,cDNA,TRANSCRIPTOMIC,Phascolarctos cinereus,ILLUMINA,2025-01-15T00:00:00Z,2024-09-10T13:07:00Z,1,GSM8506375,Testis,SRP531280,Testis,Burke,missing,uncalculated,uncalculated,missing,GSM8506375,Brisbane,adult,,,,
SRR30620620,RNA-Seq,149,10285504291,PRJNA1158232,SAMN43567254,4133523527,UMASS MED,public,"fastq,sra,run.zq","gs,ncbi,s3","ncbi.public,gs.us-east1,s3.us-east-1",SRX26042902,NextSeq 500,PAIRED,cDNA,TRANSCRIPTOMIC,Phascolarctos cinereus,ILLUMINA,2025-01-15T00:00:00Z,2024-09-10T13:03:00Z,1,GSM8506374,Testis,SRP531280,Testis,Andy,missing,uncalculated,uncalculated,missing,GSM8506374,Brisbane,adult,,,,
SRR30589588,ncRNA-Seq,58,1304532900,PRJNA1158236,SAMN43532843,707879471,UMASS MED,public,"run.zq,fastq,sra","ncbi,gs,s3","ncbi.public,gs.us-east1,s3.us-east-1",SRX26012351,NextSeq 500,SINGLE,size fractionation,TRANSCRIPTOMIC,Phascolarctos cinereus,ILLUMINA,2025-02-20T00:00:00Z,2024-09-07T13:25:00Z,1,GSM8503078,Testis,SRP531283,Testis,K98314,missing,uncalculated,uncalculated,missing,GSM8503078,Currumbin,adult,,,,
SRR30589589,ncRNA-Seq,75,1198088025,PRJNA1158236,SAMN43532844,493564591,UMASS MED,public,"fastq,sra,run.zq","ncbi,gs,s3","s3.us-east-1,ncbi.public,gs.us-east1",SRX26012350,NextSeq 500,SINGLE,size fractionation,TRANSCRIPTOMIC,Phascolarctos cinereus,ILLUMINA,2025-02-20T00:00:00Z,2024-09-07T13:25:00Z,1,GSM8503077,Testis,SRP531283,Testis,K98314,missing,uncalculated,uncalculated,missing,GSM8503077,Currumbin,adult,,,,
SRR30589590,ncRNA-Seq,76,8498192168,PRJNA1158236,SAMN43532845,3619997799,UMASS MED,public,"run.zq,sra,fastq","s3,gs,ncbi","s3.us-east-1,ncbi.public,gs.us-east1",SRX26012349,NextSeq 500,SINGLE,size fractionation,TRANSCRIPTOMIC,Phascolarctos cinereus,ILLUMINA,2025-02-20T00:00:00Z,2024-09-07T13:29:00Z,1,GSM8503076,Testis,SRP531283,Testis,K98314,missing,uncalculated,uncalculated,missing,GSM8503076,Currumbin,adult,,,,
SRR30589591,ncRNA-Seq,57,1862559460,PRJNA1158236,SAMN43532846,1007990332,UMASS MED,public,"run.zq,sra,fastq","gs,s3,ncbi","gs.us-east1,ncbi.public,s3.us-east-1",SRX26012348,NextSeq 500,SINGLE,size fractionation,TRANSCRIPTOMIC,Phascolarctos cinereus,ILLUMINA,2025-02-20T00:00:00Z,2024-09-07T13:24:00Z,1,GSM8503075,Testis,SRP531283,Testis,K98314,missing,uncalculated,uncalculated,missing,GSM8503075,Currumbin,adult,,,,
SRR30589592,ncRNA-Seq,75,2372844975,PRJNA1158236,SAMN43532847,1040500539,UMASS MED,public,"run.zq,sra,fastq","s3,gs,ncbi","s3.us-east-1,gs.us-east1,ncbi.public",SRX26012347,NextSeq 500,SINGLE,size fractionation,TRANSCRIPTOMIC,Phascolarctos cinereus,ILLUMINA,2025-02-20T00:00:00Z,2024-09-07T13:25:00Z,1,GSM8503074,Testis,SRP531283,Testis,K98314,missing,uncalculated,uncalculated,missing,GSM8503074,Currumbin,adult,,,,
SRR30589593,ncRNA-Seq,75,2174175225,PRJNA1158236,SAMN43532848,969176721,UMASS MED,public,"fastq,sra,run.zq","ncbi,s3,gs","ncbi.public,gs.us-east1,s3.us-east-1",SRX26012346,NextSeq 500,SINGLE,size fractionation,TRANSCRIPTOMIC,Phascolarctos cinereus,ILLUMINA,2025-02-20T00:00:00Z,2024-09-07T13:24:00Z,1,GSM8503073,Testis,SRP531283,Testis,K98224,missing,uncalculated,uncalculated,missing,GSM8503073,Currumbin,adult,,,,
SRR30589597,ncRNA-Seq,60,1417017994,PRJNA1158236,SAMN43532852,752059362,UMASS MED,public,"fastq,sra,run.zq","s3,gs,ncbi","s3.us-east-1,ncbi.public,gs.us-east1",SRX26012342,NextSeq 500,SINGLE,size fractionation,TRANSCRIPTOMIC,Phascolarctos cinereus,ILLUMINA,2025-02-20T00:00:00Z,2024-09-07T13:26:00Z,1,GSM8503069,Testis,SRP531283,Testis,K94276,missing,uncalculated,uncalculated,missing,GSM8503069,SunshineCoast,adult,,,,
SRR30589598,ncRNA-Seq,60,34747195130,PRJNA1158236,SAMN43532853,12008532210,UMASS MED,public,"run.zq,sra,fastq","ncbi,s3,gs","ncbi.public,gs.us-east1,s3.us-east-1",SRX26012341,NextSeq 500,SINGLE,size fractionation,TRANSCRIPTOMIC,Phascolarctos cinereus,ILLUMINA,2025-02-20T00:00:00Z,2024-09-07T14:12:00Z,1,GSM8503068,Testis,SRP531283,Testis,K94276,missing,uncalculated,uncalculated,missing,GSM8503068,SunshineCoast,adult,,,,
SRR30589599,ncRNA-Seq,75,2021356950,PRJNA1158236,SAMN43532854,893075737,UMASS MED,public,"sra,run.zq,fastq","gs,s3,ncbi","s3.us-east-1,ncbi.public,gs.us-east1",SRX26012340,NextSeq 500,SINGLE,size fractionation,TRANSCRIPTOMIC,Phascolarctos cinereus,ILLUMINA,2025-02-20T00:00:00Z,2024-09-07T13:27:00Z,1,GSM8503067,Testis,SRP531283,Testis,K94276,missing,uncalculated,uncalculated,missing,GSM8503067,SunshineCoast,adult,,,,
SRR30589600,ncRNA-Seq,61,1481568361,PRJNA1158236,SAMN43532855,794015073,UMASS MED,public,"fastq,sra,run.zq","s3,gs,ncbi","s3.us-east-1,gs.us-east1,ncbi.public",SRX26012339,NextSeq 500,SINGLE,size fractionation,TRANSCRIPTOMIC,Phascolarctos cinereus,ILLUMINA,2025-02-20T00:00:00Z,2024-09-07T13:26:00Z,1,GSM8503066,Testis,SRP531283,Testis,K71362,missing,uncalculated,uncalculated,missing,GSM8503066,SunshineCoast,adult,,,,
SRR30589601,ncRNA-Seq,61,33156108507,PRJNA1158236,SAMN43532856,11702595526,UMASS MED,public,"run.zq,fastq,sra","s3,ncbi,gs","gs.us-east1,ncbi.public,s3.us-east-1",SRX26012338,NextSeq 500,SINGLE,size fractionation,TRANSCRIPTOMIC,Phascolarctos cinereus,ILLUMINA,2025-02-20T00:00:00Z,2024-09-07T14:11:00Z,1,GSM8503065,Testis,SRP531283,Testis,K71362,missing,uncalculated,uncalculated,missing,GSM8503065,SunshineCoast,adult,,,,
SRR30589602,ncRNA-Seq,75,1835609625,PRJNA1158236,SAMN43532857,812445137,UMASS MED,public,"fastq,sra,run.zq","gs,ncbi,s3","ncbi.public,gs.us-east1,s3.us-east-1",SRX26012337,NextSeq 500,SINGLE,size fractionation,TRANSCRIPTOMIC,Phascolarctos cinereus,ILLUMINA,2025-02-20T00:00:00Z,2024-09-07T13:25:00Z,1,GSM8503064,Testis,SRP531283,Testis,K71362,missing,uncalculated,uncalculated,missing,GSM8503064,SunshineCoast,adult,,,,
SRR30589603,ncRNA-Seq,75,487151325,PRJNA1158236,SAMN43532858,252978628,UMASS MED,public,"fastq,sra,run.zq","s3,gs,ncbi","gs.us-east1,ncbi.public,s3.us-east-1",SRX26012336,NextSeq 500,SINGLE,size fractionation,TRANSCRIPTOMIC,Phascolarctos cinereus,ILLUMINA,2025-02-20T00:00:00Z,2024-09-07T13:23:00Z,1,GSM8503063,Testis,SRP531283,Testis,K63855,missing,uncalculated,uncalculated,missing,GSM8503063,Currumbin,adult,,,,
