Run,Assay Type,AvgSpotLen,Bases,BioProject,BioSample,Bytes,Center Name,Consent,DATASTORE filetype,DATASTORE provider,DATASTORE region,Experiment,Instrument,LibraryLayout,LibrarySelection,LibrarySource,Organism,Platform,ReleaseDate,create_date,version,Sample Name,SRA Study,Library Name,sex,genotype,source_name,tissue,Collection_Date,geo_loc_name_country,geo_loc_name_country_continent,geo_loc_name,stock,AGE,Broker_name,common_name,Developmental_stage,ENA-FIRST-PUBLIC (run),ENA-FIRST-PUBLIC,ENA-LAST-UPDATE (run),ENA-LAST-UPDATE,Experimental_Factor:_organism (exp),Experimental_Factor:_organism_part (exp),external_id,Individual,INSDC_center_name,INSDC_first_public,INSDC_last_update,INSDC_status,organism_part,Sample_Name,Scientific_Name,Submitter_Id,GEO_Accession (exp)
ERR3415743,RNA-Seq,300,104441984700,PRJEB33353,SAMEA5756300,31553075378,"Genomics core facility, Cancer Research UK Cambridge Institute",public,"fastq,run.zq,sra","ena,gs,ncbi,s3","ena,gs.us-east1,ncbi.public,s3.us-east-1",ERX3439271,Illumina NovaSeq 6000,PAIRED,Inverse rRNA,TRANSCRIPTOMIC,Monodelphis domestica,ILLUMINA,2019-09-03T00:00:00Z,2021-10-27T02:24:00Z,2,SAMEA5756300,ERP116137,do22614_p,male,wild type genotype,,,,,,,,1,ArrayExpress,gray short-tailed opossum,adult,2019-09-01,2019-09-01T04:03:21Z,2019-07-04,2019-07-04T18:31:17Z,Monodelphis domestica,brain,SAMEA5756300,Opo24,"European Molecular Biology Laboratory\, European Bioinformatics Institute",2019-09-01T04:03:21Z,2019-07-04T18:31:17Z,public,brain,E-MTAB-8118:do22614,Monodelphis domestica,E-MTAB-8118:do22614,
ERR3415744,RNA-Seq,300,26720092500,PRJEB33353,SAMEA5756301,8418670520,"Genomics core facility, Cancer Research UK Cambridge Institute",public,"fastq,run.zq,sra","ena,gs,ncbi,s3","ena,gs.us-east1,ncbi.public,s3.us-east-1",ERX3439272,Illumina NovaSeq 6000,PAIRED,Inverse rRNA,TRANSCRIPTOMIC,Monodelphis domestica,ILLUMINA,2019-09-03T00:00:00Z,2021-10-26T18:46:00Z,2,SAMEA5756301,ERP116137,do22618_p,male,wild type genotype,,,,,,,,1,ArrayExpress,gray short-tailed opossum,adult,2019-09-01,2019-09-01T04:03:21Z,2019-07-04,2019-07-04T18:31:17Z,Monodelphis domestica,brain,SAMEA5756301,Opo17,"European Molecular Biology Laboratory\, European Bioinformatics Institute",2019-09-01T04:03:21Z,2019-07-04T18:31:17Z,public,brain,E-MTAB-8118:do22618,Monodelphis domestica,E-MTAB-8118:do22618,
ERR3415752,RNA-Seq,300,92630884500,PRJEB33353,SAMEA5756309,27808746976,"Genomics core facility, Cancer Research UK Cambridge Institute",public,"fastq,run.zq,sra","ena,gs,ncbi,s3","ena,gs.us-east1,ncbi.public,s3.us-east-1",ERX3439280,Illumina NovaSeq 6000,PAIRED,Inverse rRNA,TRANSCRIPTOMIC,Monodelphis domestica,ILLUMINA,2019-09-03T00:00:00Z,2022-07-24T13:25:00Z,2,SAMEA5756309,ERP116137,do26417_p,male,wild type genotype,,,,,,,,1,ArrayExpress,gray short-tailed opossum,adult,2019-09-01,2019-09-01T04:03:21Z,2019-07-05,2019-07-04T18:31:17Z,Monodelphis domestica,brain,SAMEA5756309,Opo25,"European Molecular Biology Laboratory\, European Bioinformatics Institute",2019-09-01T04:03:21Z,2019-07-04T18:31:17Z,public,brain,E-MTAB-8118:do26417,Monodelphis domestica,E-MTAB-8118:do26417,
ERR3418015,RNA-Seq,300,57795145800,PRJEB33381,SAMEA5760499,17183510389,"Genomics core facility, Cancer Research UK Cambridge Institute",public,"fastq,run.zq,sra","ena,gs,ncbi,s3","ena,gs.us-east1,ncbi.public,s3.us-east-1",ERX3441453,Illumina NovaSeq 6000,PAIRED,Inverse rRNA,TRANSCRIPTOMIC,Monodelphis domestica,ILLUMINA,2019-09-03T00:00:00Z,2022-07-24T12:23:00Z,2,SAMEA5760499,ERP116168,do26425_p,male,wild type genotype,,,,,,,,1,ArrayExpress,gray short-tailed opossum,adult,2019-09-01,2019-09-01T04:03:21Z,2019-07-06,2019-07-05T20:18:55Z,Monodelphis domestica,brain,SAMEA5760499,Opo14,"European Molecular Biology Laboratory\, European Bioinformatics Institute",2019-09-01T04:03:21Z,2019-07-05T20:18:55Z,public,brain,E-MTAB-8122:do26425,Monodelphis domestica,E-MTAB-8122:do26425,
SRR449433,RNA-Seq,100,6134209200,PRJNA157033,SAMN00845671,3362095915,GEO,public,"fastq,run.zq,sra","gs,ncbi,s3","gs.us-east1,ncbi.public,s3.us-east-1",SRX132007,Illumina HiSeq 2000,PAIRED,cDNA,TRANSCRIPTOMIC,Monodelphis domestica,ILLUMINA,2012-06-11T00:00:00Z,2012-08-11T23:49:00Z,2,GSM903284,SRP011985,GSM903284: male brain RNA-Seq,male,,adult brain,brain,,,,,,,,,,,,,,,,,,,,,,,,,,GSM903284
SRR449434,RNA-Seq,99,7503393942,PRJNA157033,SAMN00845672,4286726209,GEO,public,"fastq,run.zq,sra","gs,ncbi,s3","gs.us-east1,ncbi.public,s3.us-east-1",SRX132008,Illumina HiSeq 2000,PAIRED,cDNA,TRANSCRIPTOMIC,Monodelphis domestica,ILLUMINA,2012-06-11T00:00:00Z,2012-08-11T23:50:00Z,2,GSM903285,SRP011985,GSM903285: female brain RNA-Seq,female,,adult brain,brain,,,,,,,,,,,,,,,,,,,,,,,,,,GSM903285
SRR449435,RNA-Seq,100,6832956100,PRJNA157033,SAMN00845673,4430702388,GEO,public,"fastq,run.zq,sra","gs,ncbi,s3","gs.us-east1,ncbi.public,s3.us-east-1",SRX132009,Illumina HiSeq 2000,PAIRED,cDNA,TRANSCRIPTOMIC,Monodelphis domestica,ILLUMINA,2012-06-11T00:00:00Z,2012-08-11T23:50:00Z,2,GSM903286,SRP011985,GSM903286: male liver RNA-Seq,male,,adult liver,liver,,,,,,,,,,,,,,,,,,,,,,,,,,GSM903286
SRR449436,RNA-Seq,100,6781991700,PRJNA157033,SAMN00845674,4442020332,GEO,public,"fastq,run.zq,sra","gs,ncbi,s3","gs.us-east1,ncbi.public,s3.us-east-1",SRX132010,Illumina HiSeq 2000,PAIRED,cDNA,TRANSCRIPTOMIC,Monodelphis domestica,ILLUMINA,2012-06-11T00:00:00Z,2012-08-11T23:50:00Z,2,GSM903287,SRP011985,GSM903287: female liver RNA-Seq,female,,adult liver,liver,,,,,,,,,,,,,,,,,,,,,,,,,,GSM903287
ERR3415748,RNA-Seq,300,28109493000,PRJEB33353,SAMEA5756305,8510058347,"Genomics core facility, Cancer Research UK Cambridge Institute",public,"fastq,run.zq,sra","ena,gs,ncbi,s3","ena,gs.us-east1,ncbi.public,s3.us-east-1",ERX3439276,Illumina NovaSeq 6000,PAIRED,Inverse rRNA,TRANSCRIPTOMIC,Monodelphis domestica,ILLUMINA,2019-09-03T00:00:00Z,2021-10-26T18:40:00Z,2,SAMEA5756305,ERP116137,do22635_p,male,wild type genotype,,,,,,,,1,ArrayExpress,gray short-tailed opossum,adult,2019-09-01,2019-09-01T04:03:21Z,2019-07-04,2019-07-04T18:31:17Z,Monodelphis domestica,brain,SAMEA5756305,Opo25,"European Molecular Biology Laboratory\, European Bioinformatics Institute",2019-09-01T04:03:21Z,2019-07-04T18:31:17Z,public,brain,E-MTAB-8118:do22635,Monodelphis domestica,E-MTAB-8118:do22635,
ERR3415754,RNA-Seq,300,19354283100,PRJEB33353,SAMEA5756311,5823732013,"Genomics core facility, Cancer Research UK Cambridge Institute",public,"fastq,run.zq,sra","ena,gs,ncbi,s3","ena,gs.us-east1,ncbi.public,s3.us-east-1",ERX3439282,Illumina NovaSeq 6000,PAIRED,Inverse rRNA,TRANSCRIPTOMIC,Monodelphis domestica,ILLUMINA,2019-09-03T00:00:00Z,2022-07-19T02:43:00Z,2,SAMEA5756311,ERP116137,do26427_p,male,wild type genotype,,,,,,,,1,ArrayExpress,gray short-tailed opossum,adult,2019-09-01,2019-09-01T04:03:21Z,2019-07-04,2019-07-04T18:31:18Z,Monodelphis domestica,brain,SAMEA5756311,Opo15,"European Molecular Biology Laboratory\, European Bioinformatics Institute",2019-09-01T04:03:21Z,2019-07-04T18:31:18Z,public,brain,E-MTAB-8118:do26427,Monodelphis domestica,E-MTAB-8118:do26427,
ERR3418008,RNA-Seq,300,105820606500,PRJEB33381,SAMEA5760492,31920057418,"Genomics core facility, Cancer Research UK Cambridge Institute",public,"fastq,run.zq,sra","ena,gs,ncbi,s3","ena,gs.us-east1,ncbi.public,s3.us-east-1",ERX3441446,Illumina NovaSeq 6000,PAIRED,Inverse rRNA,TRANSCRIPTOMIC,Monodelphis domestica,ILLUMINA,2019-09-03T00:00:00Z,2022-07-13T04:30:00Z,2,SAMEA5760492,ERP116168,do26416_p,male,wild type genotype,,,,,,,,1,ArrayExpress,gray short-tailed opossum,adult,2019-09-01,2019-09-01T04:03:21Z,2019-07-06,2019-07-05T20:18:55Z,Monodelphis domestica,brain,SAMEA5760492,Opo17,"European Molecular Biology Laboratory\, European Bioinformatics Institute",2019-09-01T04:03:21Z,2019-07-05T20:18:55Z,public,brain,E-MTAB-8122:do26416,Monodelphis domestica,E-MTAB-8122:do26416,
ERR3418017,RNA-Seq,300,28672210200,PRJEB33381,SAMEA5760501,8689474179,"Genomics core facility, Cancer Research UK Cambridge Institute",public,"fastq,run.zq,sra","ena,gs,ncbi,s3","ena,gs.us-east1,ncbi.public,s3.us-east-1",ERX3441455,Illumina NovaSeq 6000,PAIRED,Inverse rRNA,TRANSCRIPTOMIC,Monodelphis domestica,ILLUMINA,2019-09-03T00:00:00Z,2022-07-24T13:57:00Z,2,SAMEA5760501,ERP116168,do26428_p,male,wild type genotype,,,,,,,,1,ArrayExpress,gray short-tailed opossum,adult,2019-09-01,2019-09-01T04:03:21Z,2019-07-06,2019-07-05T20:18:55Z,Monodelphis domestica,brain,SAMEA5760501,Opo24,"European Molecular Biology Laboratory\, European Bioinformatics Institute",2019-09-01T04:03:21Z,2019-07-05T20:18:55Z,public,brain,E-MTAB-8122:do26428,Monodelphis domestica,E-MTAB-8122:do26428,
SRR6206899,RNA-Seq,202,14752259172,PRJNA415552,SAMN07828474,10441959269,GEO,public,"fastq,run.zq,sra","gs,ncbi,s3","gs.us-east1,ncbi.public,s3.us-east-1",SRX3316194,Illumina HiSeq 2000,PAIRED,cDNA,TRANSCRIPTOMIC,Monodelphis domestica,ILLUMINA,2018-10-22T00:00:00Z,2017-10-24T09:37:00Z,1,GSM2829089,SRP121212,,,,brain,brain,,,,,,,,,,,,,,,,,,,,,,,,,,GSM2829089
SRR19754580,RNA-Seq,202,2855778232,PRJNA851077,SAMN29209110,1287736613,"SEX CHROMOSOME BIOLOGY LAB, THE FRANCIS CRICK INSTITUTE",public,"run.zq,sra,fastq","ncbi,gs,s3","s3.us-east-1,ncbi.public,gs.us-east1",SRX15799349,Illumina HiSeq 4000,PAIRED,cDNA,TRANSCRIPTOMIC,Monodelphis domestica,ILLUMINA,2025-01-12T00:00:00Z,2022-06-20T16:00:00Z,1,GSM6255496,SRP382733,GSM6255496,female,WT,Brain,Brain,missing,uncalculated,uncalculated,missing,LL2,,,,,,,,,,,,,,,,,,,,,
SRR19754581,RNA-Seq,202,2805484878,PRJNA851077,SAMN29209110,1267722827,"SEX CHROMOSOME BIOLOGY LAB, THE FRANCIS CRICK INSTITUTE",public,"run.zq,sra,fastq","s3,ncbi,gs","s3.us-east-1,ncbi.public,gs.us-east1",SRX15799349,Illumina HiSeq 4000,PAIRED,cDNA,TRANSCRIPTOMIC,Monodelphis domestica,ILLUMINA,2025-01-12T00:00:00Z,2022-06-20T15:55:00Z,1,GSM6255496,SRP382733,GSM6255496,female,WT,Brain,Brain,missing,uncalculated,uncalculated,missing,LL2,,,,,,,,,,,,,,,,,,,,,
SRR19754582,RNA-Seq,202,374979064,PRJNA851077,SAMN29209110,160102241,"SEX CHROMOSOME BIOLOGY LAB, THE FRANCIS CRICK INSTITUTE",public,"fastq,run.zq,sra","ncbi,s3,gs","ncbi.public,gs.us-east1,s3.us-east-1",SRX15799349,Illumina HiSeq 4000,PAIRED,cDNA,TRANSCRIPTOMIC,Monodelphis domestica,ILLUMINA,2025-01-12T00:00:00Z,2022-06-20T15:38:00Z,1,GSM6255496,SRP382733,GSM6255496,female,WT,Brain,Brain,missing,uncalculated,uncalculated,missing,LL2,,,,,,,,,,,,,,,,,,,,,
SRR19754589,RNA-Seq,202,330901250,PRJNA851077,SAMN29209113,138664242,"SEX CHROMOSOME BIOLOGY LAB, THE FRANCIS CRICK INSTITUTE",public,"fastq,run.zq,sra","ncbi,gs,s3","gs.us-east1,s3.us-east-1,ncbi.public",SRX15799346,Illumina HiSeq 4000,PAIRED,cDNA,TRANSCRIPTOMIC,Monodelphis domestica,ILLUMINA,2025-01-12T00:00:00Z,2022-06-20T15:37:00Z,1,GSM6255493,SRP382733,GSM6255493,male,WT,Brain,Brain,missing,uncalculated,uncalculated,missing,LL2,,,,,,,,,,,,,,,,,,,,,
SRR19754590,RNA-Seq,202,3288768464,PRJNA851077,SAMN29209113,1430144722,"SEX CHROMOSOME BIOLOGY LAB, THE FRANCIS CRICK INSTITUTE",public,"run.zq,sra,fastq","s3,gs,ncbi","s3.us-east-1,ncbi.public,gs.us-east1",SRX15799346,Illumina HiSeq 4000,PAIRED,cDNA,TRANSCRIPTOMIC,Monodelphis domestica,ILLUMINA,2025-01-12T00:00:00Z,2022-06-20T15:59:00Z,1,GSM6255493,SRP382733,GSM6255493,male,WT,Brain,Brain,missing,uncalculated,uncalculated,missing,LL2,,,,,,,,,,,,,,,,,,,,,
SRR19754591,RNA-Seq,202,3279423540,PRJNA851077,SAMN29209113,1431238058,"SEX CHROMOSOME BIOLOGY LAB, THE FRANCIS CRICK INSTITUTE",public,"sra,run.zq,fastq","gs,s3,ncbi","s3.us-east-1,gs.us-east1,ncbi.public",SRX15799346,Illumina HiSeq 4000,PAIRED,cDNA,TRANSCRIPTOMIC,Monodelphis domestica,ILLUMINA,2025-01-12T00:00:00Z,2022-06-20T15:52:00Z,1,GSM6255493,SRP382733,GSM6255493,male,WT,Brain,Brain,missing,uncalculated,uncalculated,missing,LL2,,,,,,,,,,,,,,,,,,,,,
SRR19754598,RNA-Seq,202,3030001818,PRJNA851077,SAMN29209116,1343893749,"SEX CHROMOSOME BIOLOGY LAB, THE FRANCIS CRICK INSTITUTE",public,"fastq,sra,run.zq","ncbi,s3,gs","ncbi.public,gs.us-east1,s3.us-east-1",SRX15799343,Illumina HiSeq 4000,PAIRED,cDNA,TRANSCRIPTOMIC,Monodelphis domestica,ILLUMINA,2025-01-12T00:00:00Z,2022-06-20T16:01:00Z,1,GSM6255490,SRP382733,GSM6255490,male,WT,Brain,Brain,missing,uncalculated,uncalculated,missing,LL2,,,,,,,,,,,,,,,,,,,,,
SRR19754599,RNA-Seq,202,3011161480,PRJNA851077,SAMN29209116,1339709608,"SEX CHROMOSOME BIOLOGY LAB, THE FRANCIS CRICK INSTITUTE",public,"fastq,run.zq,sra","ncbi,s3,gs","ncbi.public,s3.us-east-1,gs.us-east1",SRX15799343,Illumina HiSeq 4000,PAIRED,cDNA,TRANSCRIPTOMIC,Monodelphis domestica,ILLUMINA,2025-01-12T00:00:00Z,2022-06-20T16:00:00Z,1,GSM6255490,SRP382733,GSM6255490,male,WT,Brain,Brain,missing,uncalculated,uncalculated,missing,LL2,,,,,,,,,,,,,,,,,,,,,
SRR19754600,RNA-Seq,202,366789984,PRJNA851077,SAMN29209116,157150967,"SEX CHROMOSOME BIOLOGY LAB, THE FRANCIS CRICK INSTITUTE",public,"sra,run.zq,fastq","s3,gs,ncbi","gs.us-east1,s3.us-east-1,ncbi.public",SRX15799343,Illumina HiSeq 4000,PAIRED,cDNA,TRANSCRIPTOMIC,Monodelphis domestica,ILLUMINA,2025-01-12T00:00:00Z,2022-06-20T15:38:00Z,1,GSM6255490,SRP382733,GSM6255490,male,WT,Brain,Brain,missing,uncalculated,uncalculated,missing,LL2,,,,,,,,,,,,,,,,,,,,,
SRR19754607,RNA-Seq,202,404829210,PRJNA851077,SAMN29209119,172596660,"SEX CHROMOSOME BIOLOGY LAB, THE FRANCIS CRICK INSTITUTE",public,"sra,run.zq,fastq","gs,ncbi,s3","s3.us-east-1,ncbi.public,gs.us-east1",SRX15799340,Illumina HiSeq 4000,PAIRED,cDNA,TRANSCRIPTOMIC,Monodelphis domestica,ILLUMINA,2025-01-12T00:00:00Z,2022-06-20T15:39:00Z,1,GSM6255487,SRP382733,GSM6255487,male,WT,Brain,Brain,missing,uncalculated,uncalculated,missing,LL2,,,,,,,,,,,,,,,,,,,,,
SRR19754608,RNA-Seq,202,2915298340,PRJNA851077,SAMN29209119,1290601240,"SEX CHROMOSOME BIOLOGY LAB, THE FRANCIS CRICK INSTITUTE",public,"sra,run.zq,fastq","gs,s3,ncbi","s3.us-east-1,gs.us-east1,ncbi.public",SRX15799340,Illumina HiSeq 4000,PAIRED,cDNA,TRANSCRIPTOMIC,Monodelphis domestica,ILLUMINA,2025-01-12T00:00:00Z,2022-06-20T15:58:00Z,1,GSM6255487,SRP382733,GSM6255487,male,WT,Brain,Brain,missing,uncalculated,uncalculated,missing,LL2,,,,,,,,,,,,,,,,,,,,,
SRR19754609,RNA-Seq,202,2897521330,PRJNA851077,SAMN29209119,1286976159,"SEX CHROMOSOME BIOLOGY LAB, THE FRANCIS CRICK INSTITUTE",public,"sra,fastq,run.zq","gs,s3,ncbi","s3.us-east-1,ncbi.public,gs.us-east1",SRX15799340,Illumina HiSeq 4000,PAIRED,cDNA,TRANSCRIPTOMIC,Monodelphis domestica,ILLUMINA,2025-01-12T00:00:00Z,2022-06-20T15:54:00Z,1,GSM6255487,SRP382733,GSM6255487,male,WT,Brain,Brain,missing,uncalculated,uncalculated,missing,LL2,,,,,,,,,,,,,,,,,,,,,
SRR19754616,RNA-Seq,202,131054772,PRJNA851077,SAMN29209122,53582603,"SEX CHROMOSOME BIOLOGY LAB, THE FRANCIS CRICK INSTITUTE",public,"run.zq,fastq,sra","s3,gs,ncbi","s3.us-east-1,gs.us-east1,ncbi.public",SRX15799337,Illumina HiSeq 4000,PAIRED,cDNA,TRANSCRIPTOMIC,Monodelphis domestica,ILLUMINA,2025-01-12T00:00:00Z,2022-06-20T15:36:00Z,1,GSM6255484,SRP382733,GSM6255484,female,WT,Brain,Brain,missing,uncalculated,uncalculated,missing,LL2,,,,,,,,,,,,,,,,,,,,,
SRR19754617,RNA-Seq,202,4286933688,PRJNA851077,SAMN29209122,1835107296,"SEX CHROMOSOME BIOLOGY LAB, THE FRANCIS CRICK INSTITUTE",public,"run.zq,fastq,sra","ncbi,s3,gs","ncbi.public,gs.us-east1,s3.us-east-1",SRX15799337,Illumina HiSeq 4000,PAIRED,cDNA,TRANSCRIPTOMIC,Monodelphis domestica,ILLUMINA,2025-01-12T00:00:00Z,2022-06-20T16:06:00Z,1,GSM6255484,SRP382733,GSM6255484,female,WT,Brain,Brain,missing,uncalculated,uncalculated,missing,LL2,,,,,,,,,,,,,,,,,,,,,
SRR19754618,RNA-Seq,202,4233310970,PRJNA851077,SAMN29209122,1820318517,"SEX CHROMOSOME BIOLOGY LAB, THE FRANCIS CRICK INSTITUTE",public,"run.zq,fastq,sra","gs,s3,ncbi","s3.us-east-1,gs.us-east1,ncbi.public",SRX15799337,Illumina HiSeq 4000,PAIRED,cDNA,TRANSCRIPTOMIC,Monodelphis domestica,ILLUMINA,2025-01-12T00:00:00Z,2022-06-20T16:13:00Z,1,GSM6255484,SRP382733,GSM6255484,female,WT,Brain,Brain,missing,uncalculated,uncalculated,missing,LL2,,,,,,,,,,,,,,,,,,,,,
SRR19754625,RNA-Seq,202,2772274058,PRJNA851077,SAMN29209125,1246582877,"SEX CHROMOSOME BIOLOGY LAB, THE FRANCIS CRICK INSTITUTE",public,"fastq,sra,run.zq","s3,gs,ncbi","s3.us-east-1,gs.us-east1,ncbi.public",SRX15799334,Illumina HiSeq 4000,PAIRED,cDNA,TRANSCRIPTOMIC,Monodelphis domestica,ILLUMINA,2025-01-12T00:00:00Z,2022-06-20T15:59:00Z,1,GSM6255481,SRP382733,GSM6255481,female,WT,Brain,Brain,missing,uncalculated,uncalculated,missing,LL2,,,,,,,,,,,,,,,,,,,,,
SRR19754626,RNA-Seq,202,2752496238,PRJNA851077,SAMN29209125,1242234582,"SEX CHROMOSOME BIOLOGY LAB, THE FRANCIS CRICK INSTITUTE",public,"run.zq,sra,fastq","gs,ncbi,s3","ncbi.public,s3.us-east-1,gs.us-east1",SRX15799334,Illumina HiSeq 4000,PAIRED,cDNA,TRANSCRIPTOMIC,Monodelphis domestica,ILLUMINA,2025-01-12T00:00:00Z,2022-06-20T15:59:00Z,1,GSM6255481,SRP382733,GSM6255481,female,WT,Brain,Brain,missing,uncalculated,uncalculated,missing,LL2,,,,,,,,,,,,,,,,,,,,,
SRR19754627,RNA-Seq,202,422802968,PRJNA851077,SAMN29209125,182867904,"SEX CHROMOSOME BIOLOGY LAB, THE FRANCIS CRICK INSTITUTE",public,"fastq,sra,run.zq","ncbi,s3,gs","ncbi.public,s3.us-east-1,gs.us-east1",SRX15799334,Illumina HiSeq 4000,PAIRED,cDNA,TRANSCRIPTOMIC,Monodelphis domestica,ILLUMINA,2025-01-12T00:00:00Z,2022-06-20T15:39:00Z,1,GSM6255481,SRP382733,GSM6255481,female,WT,Brain,Brain,missing,uncalculated,uncalculated,missing,LL2,,,,,,,,,,,,,,,,,,,,,
SRR19754634,RNA-Seq,202,3114636384,PRJNA851077,SAMN29209128,1297479298,"SEX CHROMOSOME BIOLOGY LAB, THE FRANCIS CRICK INSTITUTE",public,"run.zq,sra,fastq","gs,ncbi,s3","s3.us-east-1,gs.us-east1,ncbi.public",SRX15799331,Illumina HiSeq 4000,PAIRED,cDNA,TRANSCRIPTOMIC,Monodelphis domestica,ILLUMINA,2025-01-12T00:00:00Z,2022-06-20T16:02:00Z,1,GSM6255478,SRP382733,GSM6255478,female,WT,Brain,Brain,missing,uncalculated,uncalculated,missing,LL2,,,,,,,,,,,,,,,,,,,,,
SRR19754635,RNA-Seq,202,3078419804,PRJNA851077,SAMN29209128,1289398872,"SEX CHROMOSOME BIOLOGY LAB, THE FRANCIS CRICK INSTITUTE",public,"run.zq,sra,fastq","s3,ncbi,gs","ncbi.public,s3.us-east-1,gs.us-east1",SRX15799331,Illumina HiSeq 4000,PAIRED,cDNA,TRANSCRIPTOMIC,Monodelphis domestica,ILLUMINA,2025-01-12T00:00:00Z,2022-06-20T15:59:00Z,1,GSM6255478,SRP382733,GSM6255478,female,WT,Brain,Brain,missing,uncalculated,uncalculated,missing,LL2,,,,,,,,,,,,,,,,,,,,,
SRR19754636,RNA-Seq,202,336817830,PRJNA851077,SAMN29209128,133768249,"SEX CHROMOSOME BIOLOGY LAB, THE FRANCIS CRICK INSTITUTE",public,"fastq,sra,run.zq","ncbi,s3,gs","ncbi.public,s3.us-east-1,gs.us-east1",SRX15799331,Illumina HiSeq 4000,PAIRED,cDNA,TRANSCRIPTOMIC,Monodelphis domestica,ILLUMINA,2025-01-12T00:00:00Z,2022-06-20T15:37:00Z,1,GSM6255478,SRP382733,GSM6255478,female,WT,Brain,Brain,missing,uncalculated,uncalculated,missing,LL2,,,,,,,,,,,,,,,,,,,,,
