Run,AGE,Assay Type,AvgSpotLen,Bases,BioProject,BioSample,BioSampleModel,Bytes,Center Name,Consent,DATASTORE filetype,DATASTORE provider,DATASTORE region,Experiment,Instrument,Library Name,LibraryLayout,LibrarySelection,LibrarySource,Organism,Platform,ReleaseDate,create_date,version,Sample Name,sex,SRA Study,tissue,BREED,collected_by,geo_loc_name_country,geo_loc_name_country_continent,geo_loc_name,dev_stage,store_cond,BIOMATERIAL_PROVIDER,cell_line,Collection_Date,strain
SRR10160906,50 weeks,RNA-Seq,300,14392520700,PRJNA380312,SAMN12816852,Model organism or animal,5258608016,SHANGHAI JIAO TONG UNIVERSITY,public,"run.zq,fastq,sra","ncbi,s3,gs","ncbi.public,gs.us-east1,s3.us-east-1",SRX6886303,Illumina HiSeq 2000,PCB,PAIRED,RT-PCR,TRANSCRIPTOMIC,Phasianus colchicus,ILLUMINA,2020-10-01T00:00:00Z,2019-09-23T00:50:00Z,1,PCB,female,SRP222887,brain,Chinese ring-neck,,,,,,,,,,
SRR10160907,50 weeks,RNA-Seq,300,11740909500,PRJNA380312,SAMN12816851,Model organism or animal,4011326010,SHANGHAI JIAO TONG UNIVERSITY,public,"run.zq,fastq,sra","s3,gs,ncbi","ncbi.public,gs.us-east1,s3.us-east-1",SRX6886302,Illumina HiSeq 2000,PCM,PAIRED,RT-PCR,TRANSCRIPTOMIC,Phasianus colchicus,ILLUMINA,2020-10-01T00:00:00Z,2019-09-23T00:46:00Z,1,PCM,female,SRP222887,muscle,Chinese ring-neck,,,,,,,,,,
SRR10160908,50 weeks,RNA-Seq,300,12906585900,PRJNA380312,SAMN12816850,Model organism or animal,4403429607,SHANGHAI JIAO TONG UNIVERSITY,public,"run.zq,fastq,sra","gs,ncbi,s3","ncbi.public,gs.us-east1,s3.us-east-1",SRX6886301,Illumina HiSeq 2000,PCS,PAIRED,RT-PCR,TRANSCRIPTOMIC,Phasianus colchicus,ILLUMINA,2020-10-01T00:00:00Z,2019-09-23T00:48:00Z,1,PCS,female,SRP222887,spleen,Chinese ring-neck,,,,,,,,,,
SRR10160909,50 weeks,RNA-Seq,300,11768732100,PRJNA380312,SAMN12816849,Model organism or animal,4026630281,SHANGHAI JIAO TONG UNIVERSITY,public,"run.zq,sra,fastq","gs,ncbi,s3","gs.us-east1,ncbi.public,s3.us-east-1",SRX6886300,Illumina HiSeq 2000,PCL,PAIRED,RT-PCR,TRANSCRIPTOMIC,Phasianus colchicus,ILLUMINA,2020-10-01T00:00:00Z,2019-09-23T00:48:00Z,1,PCL,female,SRP222887,liver,Chinese ring-neck,,,,,,,,,,
SRR10160910,50 weeks,RNA-Seq,300,10146561300,PRJNA380312,SAMN12816848,Model organism or animal,3503881646,SHANGHAI JIAO TONG UNIVERSITY,public,"run.zq,fastq,sra","s3,ncbi,gs","ncbi.public,s3.us-east-1,gs.us-east1",SRX6886299,Illumina HiSeq 2000,PCH,PAIRED,RT-PCR,TRANSCRIPTOMIC,Phasianus colchicus,ILLUMINA,2020-10-01T00:00:00Z,2019-09-23T00:46:00Z,1,PCH,female,SRP222887,heart,Chinese ring-neck,,,,,,,,,,
SRR35569318,not collected,RNA-Seq,202,12259400200,PRJNA1330895,SAMN51601148,Model organism or animal,8453640129,TRANSLATIONAL GENOMICS RESEARCH INSTITUTE,public,"run.zq,fastq,sra","ncbi,s3,gs","ncbi.public,s3.us-east-1,gs.us-east1",SRX30642525,Illumina HiSeq 2500,18.Pheasant,PAIRED,RANDOM,TRANSCRIPTOMIC,Phasianus colchicus,ILLUMINA,2025-09-24T00:00:00Z,2025-09-23T10:33:00Z,1,18.Pheasant,not collected,SRP625492,not collected,,"Richard Miller\, University of Michigan",uncalculated,uncalculated,not collected,,,"Richard Miller\, University of Michigan",fibroblast,not collected,not collected
SRR1797821,not applicable,RNA-Seq,200,4553647600,PRJNA271731,SAMN03322581,Model organism or animal,3118506313,UNIVERSITY COLLEGE LONDON,public,"sra,run.zq,fastq","s3,ncbi,gs","s3.us-east-1,ncbi.public,gs.us-east1",SRX866394,Illumina HiSeq 2000,PCOFG1,PAIRED,PolyA,TRANSCRIPTOMIC,Phasianus colchicus,ILLUMINA,2015-05-18T00:00:00Z,2015-02-23T09:15:00Z,1,PCOFG,female,SRP053228,Gonad,not applicable,"Judith Mank\, UCL",United Kingdom,Europe,United Kingdom,First reproductive year,RNAlater,,,,
SRR1797822,not applicable,RNA-Seq,200,5163013000,PRJNA271731,SAMN03322581,Model organism or animal,3592121066,UNIVERSITY COLLEGE LONDON,public,"sra,fastq,run.zq","gs,s3,ncbi","ncbi.public,gs.us-east1,s3.us-east-1",SRX866395,Illumina HiSeq 2000,PCOFG2,PAIRED,PolyA,TRANSCRIPTOMIC,Phasianus colchicus,ILLUMINA,2015-05-18T00:00:00Z,2015-02-24T04:22:00Z,1,PCOFG,female,SRP053228,Gonad,not applicable,"Judith Mank\, UCL",United Kingdom,Europe,United Kingdom,First reproductive year,RNAlater,,,,
SRR1797823,not applicable,RNA-Seq,200,4852542600,PRJNA271731,SAMN03322581,Model organism or animal,3380567501,UNIVERSITY COLLEGE LONDON,public,"fastq,run.zq,sra","s3,gs,ncbi","s3.us-east-1,ncbi.public,gs.us-east1",SRX866397,Illumina HiSeq 2000,PCOFG3,PAIRED,PolyA,TRANSCRIPTOMIC,Phasianus colchicus,ILLUMINA,2015-05-18T00:00:00Z,2015-02-24T05:27:00Z,1,PCOFG,female,SRP053228,Gonad,not applicable,"Judith Mank\, UCL",United Kingdom,Europe,United Kingdom,First reproductive year,RNAlater,,,,
SRR1797825,not applicable,RNA-Seq,200,4139828000,PRJNA271731,SAMN03322581,Model organism or animal,2886077601,UNIVERSITY COLLEGE LONDON,public,"sra,fastq,run.zq","ncbi,gs,s3","gs.us-east1,s3.us-east-1,ncbi.public",SRX866398,Illumina HiSeq 2000,PCOFG4,PAIRED,PolyA,TRANSCRIPTOMIC,Phasianus colchicus,ILLUMINA,2015-05-18T00:00:00Z,2015-02-24T05:28:00Z,1,PCOFG,female,SRP053228,Gonad,not applicable,"Judith Mank\, UCL",United Kingdom,Europe,United Kingdom,First reproductive year,RNAlater,,,,
SRR1797826,not applicable,RNA-Seq,200,4198993400,PRJNA271731,SAMN03322581,Model organism or animal,2938664425,UNIVERSITY COLLEGE LONDON,public,"fastq,sra,run.zq","ncbi,s3,gs","ncbi.public,s3.us-east-1,gs.us-east1",SRX866399,Illumina HiSeq 2000,PCOFG5,PAIRED,PolyA,TRANSCRIPTOMIC,Phasianus colchicus,ILLUMINA,2015-05-18T00:00:00Z,2015-02-24T06:17:00Z,1,PCOFG,female,SRP053228,Gonad,not applicable,"Judith Mank\, UCL",United Kingdom,Europe,United Kingdom,First reproductive year,RNAlater,,,,
SRR1797827,not applicable,RNA-Seq,200,4045243200,PRJNA271731,SAMN03322582,Model organism or animal,2781941357,UNIVERSITY COLLEGE LONDON,public,"run.zq,fastq,sra","s3,gs,ncbi","ncbi.public,gs.us-east1,s3.us-east-1",SRX866400,Illumina HiSeq 2000,PCOFS1,PAIRED,PolyA,TRANSCRIPTOMIC,Phasianus colchicus,ILLUMINA,2015-05-18T00:00:00Z,2015-02-23T08:26:00Z,1,PCOFS,female,SRP053228,Spleen,not applicable,"Judith Mank\, UCL",United Kingdom,Europe,United Kingdom,First reproductive year,RNAlater,,,,
SRR1797828,not applicable,RNA-Seq,200,4555389000,PRJNA271731,SAMN03322582,Model organism or animal,3144168569,UNIVERSITY COLLEGE LONDON,public,"sra,run.zq,fastq","ncbi,gs,s3","ncbi.public,gs.us-east1,s3.us-east-1",SRX866401,Illumina HiSeq 2000,PCOFS2,PAIRED,PolyA,TRANSCRIPTOMIC,Phasianus colchicus,ILLUMINA,2015-05-18T00:00:00Z,2015-02-23T08:31:00Z,1,PCOFS,female,SRP053228,Spleen,not applicable,"Judith Mank\, UCL",United Kingdom,Europe,United Kingdom,First reproductive year,RNAlater,,,,
SRR1797829,not applicable,RNA-Seq,200,4330968200,PRJNA271731,SAMN03322582,Model organism or animal,2987917228,UNIVERSITY COLLEGE LONDON,public,"fastq,run.zq,sra","gs,s3,ncbi","gs.us-east1,s3.us-east-1,ncbi.public",SRX866402,Illumina HiSeq 2000,PCOFS3,PAIRED,PolyA,TRANSCRIPTOMIC,Phasianus colchicus,ILLUMINA,2015-05-18T00:00:00Z,2015-02-23T11:19:00Z,1,PCOFS,female,SRP053228,Spleen,not applicable,"Judith Mank\, UCL",United Kingdom,Europe,United Kingdom,First reproductive year,RNAlater,,,,
SRR1797831,not applicable,RNA-Seq,200,4249077200,PRJNA271731,SAMN03322582,Model organism or animal,2926211057,UNIVERSITY COLLEGE LONDON,public,"run.zq,sra,fastq","ncbi,gs,s3","gs.us-east1,ncbi.public,s3.us-east-1",SRX866403,Illumina HiSeq 2000,PCOFS4,PAIRED,PolyA,TRANSCRIPTOMIC,Phasianus colchicus,ILLUMINA,2015-05-18T00:00:00Z,2015-02-23T11:17:00Z,1,PCOFS,female,SRP053228,Spleen,not applicable,"Judith Mank\, UCL",United Kingdom,Europe,United Kingdom,First reproductive year,RNAlater,,,,
SRR1797832,not applicable,RNA-Seq,200,4382430800,PRJNA271731,SAMN03322582,Model organism or animal,3021960628,UNIVERSITY COLLEGE LONDON,public,"run.zq,fastq,sra","ncbi,gs,s3","s3.us-east-1,gs.us-east1,ncbi.public",SRX866404,Illumina HiSeq 2000,PCOFS5,PAIRED,PolyA,TRANSCRIPTOMIC,Phasianus colchicus,ILLUMINA,2015-05-18T00:00:00Z,2015-02-23T11:24:00Z,1,PCOFS,female,SRP053228,Spleen,not applicable,"Judith Mank\, UCL",United Kingdom,Europe,United Kingdom,First reproductive year,RNAlater,,,,
SRR1797834,not applicable,RNA-Seq,200,4823096200,PRJNA271731,SAMN03322583,Model organism or animal,3313181548,UNIVERSITY COLLEGE LONDON,public,"fastq,run.zq,sra","s3,ncbi,gs","ncbi.public,gs.us-east1,s3.us-east-1",SRX866405,Illumina HiSeq 2000,PCOMG1,PAIRED,PolyA,TRANSCRIPTOMIC,Phasianus colchicus,ILLUMINA,2015-05-18T00:00:00Z,2015-02-23T10:16:00Z,1,PCOMG,male,SRP053228,Gonad,not applicable,"Judith Mank\, UCL",United Kingdom,Europe,United Kingdom,First reproductive year,RNAlater,,,,
SRR1797835,not applicable,RNA-Seq,200,5791891600,PRJNA271731,SAMN03322583,Model organism or animal,3971792122,UNIVERSITY COLLEGE LONDON,public,"run.zq,fastq,sra","ncbi,s3,gs","s3.us-east-1,ncbi.public,gs.us-east1",SRX866406,Illumina HiSeq 2000,PCOMG2,PAIRED,PolyA,TRANSCRIPTOMIC,Phasianus colchicus,ILLUMINA,2015-05-18T00:00:00Z,2015-02-23T10:42:00Z,1,PCOMG,male,SRP053228,Gonad,not applicable,"Judith Mank\, UCL",United Kingdom,Europe,United Kingdom,First reproductive year,RNAlater,,,,
SRR1797836,not applicable,RNA-Seq,200,4553610200,PRJNA271731,SAMN03322583,Model organism or animal,3179411966,UNIVERSITY COLLEGE LONDON,public,"fastq,sra,run.zq","ncbi,gs,s3","s3.us-east-1,gs.us-east1,ncbi.public",SRX866408,Illumina HiSeq 2000,PCOMG3,PAIRED,PolyA,TRANSCRIPTOMIC,Phasianus colchicus,ILLUMINA,2015-05-18T00:00:00Z,2015-02-24T06:22:00Z,1,PCOMG,male,SRP053228,Gonad,not applicable,"Judith Mank\, UCL",United Kingdom,Europe,United Kingdom,First reproductive year,RNAlater,,,,
SRR1797837,not applicable,RNA-Seq,200,4827851200,PRJNA271731,SAMN03322583,Model organism or animal,3372347923,UNIVERSITY COLLEGE LONDON,public,"fastq,sra,run.zq","ncbi,gs,s3","ncbi.public,s3.us-east-1,gs.us-east1",SRX866409,Illumina HiSeq 2000,PCOMG4,PAIRED,PolyA,TRANSCRIPTOMIC,Phasianus colchicus,ILLUMINA,2015-05-18T00:00:00Z,2015-02-24T06:27:00Z,1,PCOMG,male,SRP053228,Gonad,not applicable,"Judith Mank\, UCL",United Kingdom,Europe,United Kingdom,First reproductive year,RNAlater,,,,
SRR1797838,not applicable,RNA-Seq,200,4122066200,PRJNA271731,SAMN03322583,Model organism or animal,2877827165,UNIVERSITY COLLEGE LONDON,public,"run.zq,sra,fastq","ncbi,s3,gs","ncbi.public,s3.us-east-1,gs.us-east1",SRX866410,Illumina HiSeq 2000,PCOMG5,PAIRED,PolyA,TRANSCRIPTOMIC,Phasianus colchicus,ILLUMINA,2015-05-18T00:00:00Z,2015-02-24T07:20:00Z,1,PCOMG,male,SRP053228,Gonad,not applicable,"Judith Mank\, UCL",United Kingdom,Europe,United Kingdom,First reproductive year,RNAlater,,,,
SRR1797839,not applicable,RNA-Seq,200,4123393000,PRJNA271731,SAMN03322583,Model organism or animal,2881456286,UNIVERSITY COLLEGE LONDON,public,"run.zq,sra,fastq","s3,ncbi,gs","s3.us-east-1,ncbi.public,gs.us-east1",SRX866411,Illumina HiSeq 2000,PCOMG6,PAIRED,PolyA,TRANSCRIPTOMIC,Phasianus colchicus,ILLUMINA,2015-05-18T00:00:00Z,2015-02-24T07:21:00Z,1,PCOMG,male,SRP053228,Gonad,not applicable,"Judith Mank\, UCL",United Kingdom,Europe,United Kingdom,First reproductive year,RNAlater,,,,
SRR1797840,not applicable,RNA-Seq,200,4252002000,PRJNA271731,SAMN03322584,Model organism or animal,2930855971,UNIVERSITY COLLEGE LONDON,public,"run.zq,sra,fastq","gs,ncbi,s3","s3.us-east-1,ncbi.public,gs.us-east1",SRX866412,Illumina HiSeq 2000,PCOMS1,PAIRED,PolyA,TRANSCRIPTOMIC,Phasianus colchicus,ILLUMINA,2015-05-18T00:00:00Z,2015-02-23T08:28:00Z,1,PCOMS,male,SRP053228,Spleen,not applicable,"Judith Mank\, UCL",United Kingdom,Europe,United Kingdom,First reproductive year,RNAlater,,,,
SRR1797842,not applicable,RNA-Seq,200,4951860800,PRJNA271731,SAMN03322584,Model organism or animal,3417581136,UNIVERSITY COLLEGE LONDON,public,"fastq,run.zq,sra","s3,ncbi,gs","ncbi.public,s3.us-east-1,gs.us-east1",SRX866413,Illumina HiSeq 2000,PCOMS2,PAIRED,PolyA,TRANSCRIPTOMIC,Phasianus colchicus,ILLUMINA,2015-05-18T00:00:00Z,2015-02-23T09:15:00Z,1,PCOMS,male,SRP053228,Spleen,not applicable,"Judith Mank\, UCL",United Kingdom,Europe,United Kingdom,First reproductive year,RNAlater,,,,
SRR1797843,not applicable,RNA-Seq,200,4934250000,PRJNA271731,SAMN03322584,Model organism or animal,3419294405,UNIVERSITY COLLEGE LONDON,public,"fastq,sra,run.zq","ncbi,gs,s3","ncbi.public,s3.us-east-1,gs.us-east1",SRX866414,Illumina HiSeq 2000,PCOMS3,PAIRED,PolyA,TRANSCRIPTOMIC,Phasianus colchicus,ILLUMINA,2015-05-18T00:00:00Z,2015-02-23T11:20:00Z,1,PCOMS,male,SRP053228,Spleen,not applicable,"Judith Mank\, UCL",United Kingdom,Europe,United Kingdom,First reproductive year,RNAlater,,,,
SRR1797844,not applicable,RNA-Seq,200,5065481600,PRJNA271731,SAMN03322584,Model organism or animal,3490725887,UNIVERSITY COLLEGE LONDON,public,"sra,run.zq,fastq","gs,s3,ncbi","s3.us-east-1,gs.us-east1,ncbi.public",SRX866416,Illumina HiSeq 2000,PCOMS4,PAIRED,PolyA,TRANSCRIPTOMIC,Phasianus colchicus,ILLUMINA,2015-05-18T00:00:00Z,2015-02-23T13:07:00Z,1,PCOMS,male,SRP053228,Spleen,not applicable,"Judith Mank\, UCL",United Kingdom,Europe,United Kingdom,First reproductive year,RNAlater,,,,
SRR1797845,not applicable,RNA-Seq,200,4295963200,PRJNA271731,SAMN03322584,Model organism or animal,2977863619,UNIVERSITY COLLEGE LONDON,public,"run.zq,sra,fastq","gs,s3,ncbi","ncbi.public,gs.us-east1,s3.us-east-1",SRX866417,Illumina HiSeq 2000,PCOMS5,PAIRED,PolyA,TRANSCRIPTOMIC,Phasianus colchicus,ILLUMINA,2015-05-18T00:00:00Z,2015-02-23T13:02:00Z,1,PCOMS,male,SRP053228,Spleen,not applicable,"Judith Mank\, UCL",United Kingdom,Europe,United Kingdom,First reproductive year,RNAlater,,,,
SRR1797846,not applicable,RNA-Seq,200,4903033000,PRJNA271731,SAMN03322584,Model organism or animal,3384020065,UNIVERSITY COLLEGE LONDON,public,"sra,fastq,run.zq","ncbi,s3,gs","gs.us-east1,s3.us-east-1,ncbi.public",SRX866418,Illumina HiSeq 2000,PCOMS6,PAIRED,PolyA,TRANSCRIPTOMIC,Phasianus colchicus,ILLUMINA,2015-05-18T00:00:00Z,2015-02-23T13:03:00Z,1,PCOMS,male,SRP053228,Spleen,not applicable,"Judith Mank\, UCL",United Kingdom,Europe,United Kingdom,First reproductive year,RNAlater,,,,
