Run,Assay Type,AvgSpotLen,Bases,BioProject,BioSample,Bytes,Center Name,Consent,DATASTORE filetype,DATASTORE provider,DATASTORE region,Experiment,Instrument,LibraryLayout,LibrarySelection,LibrarySource,Organism,Platform,ReleaseDate,create_date,version,Sample Name,SRA Study,Library Name,GEO_Accession (exp),source_name,sex,AGE,Sample_ID,sample_type,tissue,gender,RIN,Stage,Broker_name,common_name,ENA-FIRST-PUBLIC (run),ENA-FIRST-PUBLIC,ENA-LAST-UPDATE (run),ENA-LAST-UPDATE,Experimental_Factor:_organism (exp),Experimental_Factor:_organism_part (exp),Experimental_Factor:_protocol (exp),external_id,Extraction,Fraction,INSDC_center_name,INSDC_first_public,INSDC_last_update,INSDC_status,Organism_part,performer,read_name_barcode_proc_directive (run),replicate,replicate_type,Sample_name,Scientific_Name,Submitter_Id,tissue_source,used_library?,Extract_protocol,strain,tissue/cell,BioSampleModel,dev_stage,isolate,flow_count (run),Individual,key_sequence (run),Source,tissue/cell_type
SRR943349,RNA-Seq,101,2389660000,PRJNA186646,SAMN02265399,1619147375,GEO,public,"fastq,run.zq,sra","gs,ncbi,s3","gs.us-east1,ncbi.public,s3.us-east-1",SRX328084,Illumina HiSeq 2000,SINGLE,cDNA,TRANSCRIPTOMIC,Ornithorhynchus anatinus,ILLUMINA,2014-01-20T00:00:00Z,2013-07-26T13:18:00Z,1,GSM1196053,SRP017959,,GSM1196053,Ovary,female,adult,,,,,,,,,,,,,,,,,,,,,,,,,,,,,,,,,"Illumina HiSeq 2000\, strand-specific",NA,,,,,,,,,
SRR943350,RNA-Seq,101,2945787412,PRJNA186646,SAMN02265396,1987268098,GEO,public,"fastq,run.zq,sra","gs,ncbi,s3","gs.us-east1,ncbi.public,s3.us-east-1",SRX328085,Illumina HiSeq 2000,SINGLE,cDNA,TRANSCRIPTOMIC,Ornithorhynchus anatinus,ILLUMINA,2014-01-20T00:00:00Z,2013-07-26T13:19:00Z,1,GSM1196054,SRP017959,,GSM1196054,Ovary,female,adult,,,,,,,,,,,,,,,,,,,,,,,,,,,,,,,,,"Illumina HiSeq 2000\, strand-specific",NA,,,,,,,,,
SRR5412222,RNA-Seq,101,3392225491,PRJNA381064,SAMN06679927,1110772716,GEO,public,"fastq,run.zq,sra","gs,ncbi,s3","gs.us-east1,ncbi.public,s3.us-east-1",SRX2704270,Illumina HiSeq 2500,SINGLE,cDNA,TRANSCRIPTOMIC,Ornithorhynchus anatinus,ILLUMINA,2017-10-30T00:00:00Z,2017-04-04T08:09:00Z,1,GSM2563083,SRP102989,,GSM2563083,Brain,female,,,,Brain,,,Adult,,,,,,,,,,,,,,,,,,,,,,,,,,,,,,,,,,,,,
SRR5412223,RNA-Seq,101,6175735193,PRJNA381064,SAMN06679926,2162787512,GEO,public,"fastq,run.zq,sra","gs,ncbi,s3","gs.us-east1,ncbi.public,s3.us-east-1",SRX2704271,Illumina HiSeq 2500,SINGLE,cDNA,TRANSCRIPTOMIC,Ornithorhynchus anatinus,ILLUMINA,2017-10-30T00:00:00Z,2017-04-04T08:14:00Z,1,GSM2563084,SRP102989,,GSM2563084,Brain,female,,,,Brain,,,Adult,,,,,,,,,,,,,,,,,,,,,,,,,,,,,,,,,,,,,
SRR5412224,RNA-Seq,101,4299964304,PRJNA381064,SAMN06679925,2791136286,GEO,public,"fastq,run.zq,sra","gs,ncbi,s3","gs.us-east1,ncbi.public,s3.us-east-1",SRX2704272,Illumina HiSeq 2500,SINGLE,cDNA,TRANSCRIPTOMIC,Ornithorhynchus anatinus,ILLUMINA,2017-10-30T00:00:00Z,2017-04-04T08:16:00Z,1,GSM2563085,SRP102989,,GSM2563085,Brain,male,,,,Brain,,,Adult,,,,,,,,,,,,,,,,,,,,,,,,,,,,,,,,,,,,,
SRR5412225,RNA-Seq,101,3963683592,PRJNA381064,SAMN06679924,2737740021,GEO,public,"fastq,run.zq,sra","gs,ncbi,s3","gs.us-east1,ncbi.public,s3.us-east-1",SRX2704273,Illumina HiSeq 2500,SINGLE,cDNA,TRANSCRIPTOMIC,Ornithorhynchus anatinus,ILLUMINA,2017-10-30T00:00:00Z,2017-04-04T08:15:00Z,1,GSM2563086,SRP102989,,GSM2563086,Brain,male,,,,Brain,,,Adult,,,,,,,,,,,,,,,,,,,,,,,,,,,,,,,,,,,,,
SRR5412226,RNA-Seq,101,6200357276,PRJNA381064,SAMN06679923,2156855544,GEO,public,"fastq,run.zq,sra","gs,ncbi,s3","gs.us-east1,ncbi.public,s3.us-east-1",SRX2704274,Illumina HiSeq 2500,SINGLE,cDNA,TRANSCRIPTOMIC,Ornithorhynchus anatinus,ILLUMINA,2017-10-30T00:00:00Z,2017-04-04T08:32:00Z,1,GSM2563087,SRP102989,,GSM2563087,Heart,female,,,,Heart,,,Adult,,,,,,,,,,,,,,,,,,,,,,,,,,,,,,,,,,,,,
SRR5412227,RNA-Seq,101,4015457303,PRJNA381064,SAMN06679922,1474132218,GEO,public,"fastq,run.zq,sra","gs,ncbi,s3","gs.us-east1,ncbi.public,s3.us-east-1",SRX2704275,Illumina HiSeq 2500,SINGLE,cDNA,TRANSCRIPTOMIC,Ornithorhynchus anatinus,ILLUMINA,2017-10-30T00:00:00Z,2017-04-04T08:14:00Z,1,GSM2563088,SRP102989,,GSM2563088,Heart,female,,,,Heart,,,Adult,,,,,,,,,,,,,,,,,,,,,,,,,,,,,,,,,,,,,
SRR5412228,RNA-Seq,101,5584069820,PRJNA381064,SAMN06679921,3875594410,GEO,public,"fastq,run.zq,sra","gs,ncbi,s3","gs.us-east1,ncbi.public,s3.us-east-1",SRX2704276,Illumina HiSeq 2500,SINGLE,cDNA,TRANSCRIPTOMIC,Ornithorhynchus anatinus,ILLUMINA,2017-10-30T00:00:00Z,2017-04-04T08:07:00Z,1,GSM2563089,SRP102989,,GSM2563089,Heart,male,,,,Heart,,,Adult,,,,,,,,,,,,,,,,,,,,,,,,,,,,,,,,,,,,,
SRR5412229,RNA-Seq,101,5174719143,PRJNA381064,SAMN06679920,3602780397,GEO,public,"fastq,run.zq,sra","gs,ncbi,s3","gs.us-east1,ncbi.public,s3.us-east-1",SRX2704277,Illumina HiSeq 2500,SINGLE,cDNA,TRANSCRIPTOMIC,Ornithorhynchus anatinus,ILLUMINA,2017-10-30T00:00:00Z,2017-04-04T08:11:00Z,1,GSM2563090,SRP102989,,GSM2563090,Heart,male,,,,Heart,,,Adult,,,,,,,,,,,,,,,,,,,,,,,,,,,,,,,,,,,,,
SRR5412230,RNA-Seq,101,5396269814,PRJNA381064,SAMN06679919,1902312030,GEO,public,"fastq,run.zq,sra","gs,ncbi,s3","gs.us-east1,ncbi.public,s3.us-east-1",SRX2704278,Illumina HiSeq 2500,SINGLE,cDNA,TRANSCRIPTOMIC,Ornithorhynchus anatinus,ILLUMINA,2017-10-30T00:00:00Z,2017-04-04T08:24:00Z,1,GSM2563091,SRP102989,,GSM2563091,Kidney,female,,,,Kidney,,,Adult,,,,,,,,,,,,,,,,,,,,,,,,,,,,,,,,,,,,,
SRR5412231,RNA-Seq,101,8000587134,PRJNA381064,SAMN06679918,2946788120,GEO,public,"fastq,run.zq,sra","gs,ncbi,s3","gs.us-east1,ncbi.public,s3.us-east-1",SRX2704279,Illumina HiSeq 2500,SINGLE,cDNA,TRANSCRIPTOMIC,Ornithorhynchus anatinus,ILLUMINA,2017-10-30T00:00:00Z,2017-04-04T08:46:00Z,1,GSM2563092,SRP102989,,GSM2563092,Kidney,female,,,,Kidney,,,Adult,,,,,,,,,,,,,,,,,,,,,,,,,,,,,,,,,,,,,
SRR5412232,RNA-Seq,101,3594023087,PRJNA381064,SAMN06679917,2501485539,GEO,public,"fastq,run.zq,sra","gs,ncbi,s3","gs.us-east1,ncbi.public,s3.us-east-1",SRX2704280,Illumina HiSeq 2500,SINGLE,cDNA,TRANSCRIPTOMIC,Ornithorhynchus anatinus,ILLUMINA,2017-10-30T00:00:00Z,2017-04-04T10:51:00Z,1,GSM2563093,SRP102989,,GSM2563093,Kidney,male,,,,Kidney,,,Adult,,,,,,,,,,,,,,,,,,,,,,,,,,,,,,,,,,,,,
SRR5412233,RNA-Seq,101,3046597229,PRJNA381064,SAMN06679833,2110340129,GEO,public,"fastq,run.zq,sra","gs,ncbi,s3","gs.us-east1,ncbi.public,s3.us-east-1",SRX2704281,Illumina HiSeq 2500,SINGLE,cDNA,TRANSCRIPTOMIC,Ornithorhynchus anatinus,ILLUMINA,2017-10-30T00:00:00Z,2017-04-04T08:06:00Z,1,GSM2563094,SRP102989,,GSM2563094,Kidney,male,,,,Kidney,,,Adult,,,,,,,,,,,,,,,,,,,,,,,,,,,,,,,,,,,,,
SRR5412234,RNA-Seq,101,3213345401,PRJNA381064,SAMN06679832,1125485752,GEO,public,"fastq,run.zq,sra","gs,ncbi,s3","gs.us-east1,ncbi.public,s3.us-east-1",SRX2704282,Illumina HiSeq 2500,SINGLE,cDNA,TRANSCRIPTOMIC,Ornithorhynchus anatinus,ILLUMINA,2017-10-30T00:00:00Z,2017-04-04T08:12:00Z,1,GSM2563095,SRP102989,,GSM2563095,Liver,female,,,,Liver,,,Adult,,,,,,,,,,,,,,,,,,,,,,,,,,,,,,,,,,,,,
SRR5412235,RNA-Seq,101,5830418718,PRJNA381064,SAMN06679887,2150303429,GEO,public,"fastq,run.zq,sra","gs,ncbi,s3","gs.us-east1,ncbi.public,s3.us-east-1",SRX2704283,Illumina HiSeq 2500,SINGLE,cDNA,TRANSCRIPTOMIC,Ornithorhynchus anatinus,ILLUMINA,2017-10-30T00:00:00Z,2017-04-04T08:29:00Z,1,GSM2563096,SRP102989,,GSM2563096,Liver,female,,,,Liver,,,Adult,,,,,,,,,,,,,,,,,,,,,,,,,,,,,,,,,,,,,
SRR5412236,RNA-Seq,101,2549723992,PRJNA381064,SAMN06679886,1760502282,GEO,public,"fastq,run.zq,sra","gs,ncbi,s3","gs.us-east1,ncbi.public,s3.us-east-1",SRX2704284,Illumina HiSeq 2500,SINGLE,cDNA,TRANSCRIPTOMIC,Ornithorhynchus anatinus,ILLUMINA,2017-10-30T00:00:00Z,2017-04-04T08:04:00Z,1,GSM2563097,SRP102989,,GSM2563097,Liver,male,,,,Liver,,,Adult,,,,,,,,,,,,,,,,,,,,,,,,,,,,,,,,,,,,,
SRR5412237,RNA-Seq,101,5890657744,PRJNA381064,SAMN06679885,4038523359,GEO,public,"fastq,run.zq,sra","gs,ncbi,s3","gs.us-east1,ncbi.public,s3.us-east-1",SRX2704285,Illumina HiSeq 2500,SINGLE,cDNA,TRANSCRIPTOMIC,Ornithorhynchus anatinus,ILLUMINA,2017-10-30T00:00:00Z,2017-04-04T08:13:00Z,1,GSM2563098,SRP102989,,GSM2563098,Liver,male,,,,Liver,,,Adult,,,,,,,,,,,,,,,,,,,,,,,,,,,,,,,,,,,,,
SRR5412238,RNA-Seq,101,4195572320,PRJNA381064,SAMN06679884,2717925375,GEO,public,"fastq,run.zq,sra","gs,ncbi,s3","gs.us-east1,ncbi.public,s3.us-east-1",SRX2704286,Illumina HiSeq 2500,SINGLE,cDNA,TRANSCRIPTOMIC,Ornithorhynchus anatinus,ILLUMINA,2017-10-30T00:00:00Z,2017-04-04T08:11:00Z,1,GSM2563099,SRP102989,,GSM2563099,Ovary,female,,,,Ovary,,,Adult,,,,,,,,,,,,,,,,,,,,,,,,,,,,,,,,,,,,,
SRR5412239,RNA-Seq,101,3611551132,PRJNA381064,SAMN06679883,1341825290,GEO,public,"fastq,run.zq,sra","gs,ncbi,s3","gs.us-east1,ncbi.public,s3.us-east-1",SRX2704287,Illumina HiSeq 2500,SINGLE,cDNA,TRANSCRIPTOMIC,Ornithorhynchus anatinus,ILLUMINA,2017-10-30T00:00:00Z,2017-04-04T08:15:00Z,1,GSM2563100,SRP102989,,GSM2563100,Ovary,female,,,,Ovary,,,Adult,,,,,,,,,,,,,,,,,,,,,,,,,,,,,,,,,,,,,
SRR5412240,RNA-Seq,101,3516881408,PRJNA381064,SAMN06679882,2312897748,GEO,public,"fastq,run.zq,sra","gs,ncbi,s3","gs.us-east1,ncbi.public,s3.us-east-1",SRX2704288,Illumina HiSeq 2500,SINGLE,cDNA,TRANSCRIPTOMIC,Ornithorhynchus anatinus,ILLUMINA,2017-10-30T00:00:00Z,2017-04-04T08:05:00Z,1,GSM2563101,SRP102989,,GSM2563101,Testis,male,,,,Testis,,,Adult,,,,,,,,,,,,,,,,,,,,,,,,,,,,,,,,,,,,,
SRR5412241,RNA-Seq,101,5844289452,PRJNA381064,SAMN06679881,4012937397,GEO,public,"fastq,run.zq,sra","gs,ncbi,s3","gs.us-east1,ncbi.public,s3.us-east-1",SRX2704289,Illumina HiSeq 2500,SINGLE,cDNA,TRANSCRIPTOMIC,Ornithorhynchus anatinus,ILLUMINA,2017-10-30T00:00:00Z,2017-04-04T08:22:00Z,1,GSM2563102,SRP102989,,GSM2563102,Testis,male,,,,Testis,,,Adult,,,,,,,,,,,,,,,,,,,,,,,,,,,,,,,,,,,,,
SRR414996,RNA-Seq,79,3041642121,PRJNA152927,SAMN00792926,2057459465,GEO,public,"fastq,run.zq,sra","gs,ncbi,s3","gs.us-east1,ncbi.public,s3.us-east-1",SRX122683,Illumina Genome Analyzer IIx,SINGLE,cDNA,TRANSCRIPTOMIC,Ornithorhynchus anatinus,ILLUMINA,2012-05-16T00:00:00Z,2012-08-11T20:35:00Z,2,GSM881436,SRP011081,GSM881436: PlatypusOvary,GSM881436,Ovary,female,adult,,,,,9.3,,,,,,,,,,,,,,,,,,,,,,,,,,,,,,,,,,,Female1,,"Captured in New South Wales\, Australia (provided by Adelaide University)",Ovary
SRR414997,RNA-Seq,75,2606318025,PRJNA152927,SAMN00792927,1596809664,GEO,public,"fastq,run.zq,sra","gs,ncbi,s3","gs.us-east1,ncbi.public,s3.us-east-1",SRX122684,Illumina Genome Analyzer IIx,SINGLE,cDNA,TRANSCRIPTOMIC,Ornithorhynchus anatinus,ILLUMINA,2012-05-16T00:00:00Z,2012-08-11T20:35:00Z,2,GSM881437,SRP011081,GSM881437: PlatypusFibroblastMale,GSM881437,Fibroblast,male,adult,,,,,8.9,,,,,,,,,,,,,,,,,,,,,,,,,,,,,,,,,,,Male1,,"Captured in New South Wales\, Australia (provided by Adelaide University)",Fibroblast
SRR414998,RNA-Seq,75,2871527175,PRJNA152927,SAMN00792928,1826836746,GEO,public,"fastq,run.zq,sra","gs,ncbi,s3","gs.us-east1,ncbi.public,s3.us-east-1",SRX122685,Illumina Genome Analyzer IIx,SINGLE,cDNA,TRANSCRIPTOMIC,Ornithorhynchus anatinus,ILLUMINA,2012-05-16T00:00:00Z,2012-08-11T20:36:00Z,2,GSM881438,SRP011081,GSM881438: PlatypusFibroblastFemale,GSM881438,Fibroblast,female,adult,,,,,9.9,,,,,,,,,,,,,,,,,,,,,,,,,,,,,,,,,,,Female2,,"Captured in New South Wales\, Australia (provided by Adelaide University)",Fibroblast
SRR306724,RNA-Seq,76,820587580,PRJNA143627,SAMN00632131,722905597,GEO,public,"fastq,run.zq,sra","gs,ncbi,s3","gs.us-east1,ncbi.public,s3.us-east-1",SRX081881,Illumina Genome Analyzer IIx,SINGLE,cDNA,TRANSCRIPTOMIC,Ornithorhynchus anatinus,ILLUMINA,2011-10-14T00:00:00Z,2012-08-11T16:19:00Z,3,GSM752569,SRP007412,GSM752569: oan br F 1,GSM752569,Brain,,adult,,,,female,6.9,,,,,,,,,,,,Standard,,,,,,,,ignore,,,,,,"Captured in New South Wales, Australia (provided by Adelaide University)",,,,,,,,,,,,
SRR306725,RNA-Seq,76,1850093840,PRJNA143627,SAMN00632131,1506382598,GEO,public,"fastq,run.zq,sra","gs,ncbi,s3","gs.us-east1,ncbi.public,s3.us-east-1",SRX081881,Illumina Genome Analyzer IIx,SINGLE,cDNA,TRANSCRIPTOMIC,Ornithorhynchus anatinus,ILLUMINA,2011-10-14T00:00:00Z,2012-08-11T16:20:00Z,3,GSM752569,SRP007412,GSM752569: oan br F 1,GSM752569,Brain,,adult,,,,female,6.9,,,,,,,,,,,,Standard,,,,,,,,ignore,,,,,,"Captured in New South Wales, Australia (provided by Adelaide University)",,,,,,,,,,,,
SRR306726,RNA-Seq,76,707293012,PRJNA143627,SAMN00632132,544044254,GEO,public,"fastq,run.zq,sra","gs,ncbi,s3","gs.us-east1,ncbi.public,s3.us-east-1",SRX081882,Illumina Genome Analyzer IIx,SINGLE,cDNA,TRANSCRIPTOMIC,Ornithorhynchus anatinus,ILLUMINA,2011-10-14T00:00:00Z,2012-08-11T16:19:00Z,3,GSM752570,SRP007412,GSM752570: oan br M 1,GSM752570,Brain,,adult,,,,male,7.3,,,,,,,,,,,,Standard,,,,,,,,ignore,,,,,,"Captured in New South Wales, Australia (provided by Adelaide University)",,,,,,,,,,,,
SRR306727,RNA-Seq,76,1037813896,PRJNA143627,SAMN00632132,850813907,GEO,public,"fastq,run.zq,sra","gs,ncbi,s3","gs.us-east1,ncbi.public,s3.us-east-1",SRX081882,Illumina Genome Analyzer IIx,SINGLE,cDNA,TRANSCRIPTOMIC,Ornithorhynchus anatinus,ILLUMINA,2011-10-14T00:00:00Z,2012-08-11T16:19:00Z,3,GSM752570,SRP007412,GSM752570: oan br M 1,GSM752570,Brain,,adult,,,,male,7.3,,,,,,,,,,,,Standard,,,,,,,,ignore,,,,,,"Captured in New South Wales, Australia (provided by Adelaide University)",,,,,,,,,,,,
SRR306728,RNA-Seq,76,2302429576,PRJNA143627,SAMN00632133,1803464748,GEO,public,"fastq,run.zq,sra","gs,ncbi,s3","gs.us-east1,ncbi.public,s3.us-east-1",SRX081883,Illumina Genome Analyzer IIx,SINGLE,cDNA,TRANSCRIPTOMIC,Ornithorhynchus anatinus,ILLUMINA,2011-10-14T00:00:00Z,2012-08-11T16:20:00Z,3,GSM752571,SRP007412,GSM752571: oan cb F 1,GSM752571,Cerebellum,,adult,,,,female,8.3,,,,,,,,,,,,Standard,,,,,,,,ignore,,,,,,"Captured in New South Wales, Australia (provided by Adelaide University)",,,,,,,,,,,,
SRR306729,RNA-Seq,76,2159580280,PRJNA143627,SAMN00632134,1687454023,GEO,public,"fastq,run.zq,sra","gs,ncbi,s3","gs.us-east1,ncbi.public,s3.us-east-1",SRX081884,Illumina Genome Analyzer IIx,SINGLE,cDNA,TRANSCRIPTOMIC,Ornithorhynchus anatinus,ILLUMINA,2011-10-14T00:00:00Z,2012-08-11T16:20:00Z,3,GSM752572,SRP007412,GSM752572: oan cb M 1,GSM752572,Cerebellum,,adult,,,,male,7.3,,,,,,,,,,,,Standard,,,,,,,,ignore,,,,,,"Captured in New South Wales, Australia (provided by Adelaide University)",,,,,,,,,,,,
SRR306730,RNA-Seq,76,1429341652,PRJNA143627,SAMN00632135,1142850764,GEO,public,"fastq,run.zq,sra","gs,ncbi,s3","gs.us-east1,ncbi.public,s3.us-east-1",SRX081885,Illumina Genome Analyzer IIx,SINGLE,cDNA,TRANSCRIPTOMIC,Ornithorhynchus anatinus,ILLUMINA,2011-10-14T00:00:00Z,2012-08-11T16:19:00Z,3,GSM752573,SRP007412,GSM752573: oan ht F 1,GSM752573,Heart,,adult,,,,female,7.8,,,,,,,,,,,,Standard,,,,,,,,ignore,,,,,,"Captured in New South Wales, Australia (provided by Adelaide University)",,,,,,,,,,,,
SRR306731,RNA-Seq,76,1282580180,PRJNA143627,SAMN00632136,995509021,GEO,public,"fastq,run.zq,sra","gs,ncbi,s3","gs.us-east1,ncbi.public,s3.us-east-1",SRX081886,Illumina Genome Analyzer IIx,SINGLE,cDNA,TRANSCRIPTOMIC,Ornithorhynchus anatinus,ILLUMINA,2011-10-14T00:00:00Z,2012-08-11T16:19:00Z,3,GSM752575,SRP007412,GSM752575: oan ht M 1,GSM752575,Heart,,adult,,,,male,7.3,,,,,,,,,,,,Standard,,,,,,,,ignore,,,,,,"Captured in New South Wales, Australia (provided by Adelaide University)",,,,,,,,,,,,
SRR306732,RNA-Seq,76,1357606316,PRJNA143627,SAMN00632137,1030660774,GEO,public,"fastq,run.zq,sra","gs,ncbi,s3","gs.us-east1,ncbi.public,s3.us-east-1",SRX081887,Illumina Genome Analyzer IIx,SINGLE,cDNA,TRANSCRIPTOMIC,Ornithorhynchus anatinus,ILLUMINA,2011-10-14T00:00:00Z,2012-08-11T16:20:00Z,3,GSM752576,SRP007412,GSM752576: oan kd F 1,GSM752576,Kidney,,adult,,,,female,9,,,,,,,,,,,,Standard,,,,,,,,ignore,,,,,,"Captured in New South Wales, Australia (provided by Adelaide University)",,,,,,,,,,,,
SRR306733,RNA-Seq,76,883208008,PRJNA143627,SAMN00632138,681391838,GEO,public,"fastq,run.zq,sra","gs,ncbi,s3","gs.us-east1,ncbi.public,s3.us-east-1",SRX081888,Illumina Genome Analyzer IIx,SINGLE,cDNA,TRANSCRIPTOMIC,Ornithorhynchus anatinus,ILLUMINA,2011-10-14T00:00:00Z,2012-08-11T16:19:00Z,3,GSM752578,SRP007412,GSM752578: oan kd M 1,GSM752578,Kidney,,adult,,,,male,7.8,,,,,,,,,,,,Standard,,,,,,,,ignore,,,,,,"Captured in New South Wales, Australia (provided by Adelaide University)",,,,,,,,,,,,
SRR306734,RNA-Seq,76,1222176520,PRJNA143627,SAMN00632138,993783269,GEO,public,"fastq,run.zq,sra","gs,ncbi,s3","gs.us-east1,ncbi.public,s3.us-east-1",SRX081888,Illumina Genome Analyzer IIx,SINGLE,cDNA,TRANSCRIPTOMIC,Ornithorhynchus anatinus,ILLUMINA,2011-10-14T00:00:00Z,2012-08-11T16:20:00Z,3,GSM752578,SRP007412,GSM752578: oan kd M 1,GSM752578,Kidney,,adult,,,,male,7.8,,,,,,,,,,,,Standard,,,,,,,,ignore,,,,,,"Captured in New South Wales, Australia (provided by Adelaide University)",,,,,,,,,,,,
SRR306735,RNA-Seq,76,1205382724,PRJNA143627,SAMN00632139,1059162129,GEO,public,"fastq,run.zq,sra","gs,ncbi,s3","gs.us-east1,ncbi.public,s3.us-east-1",SRX081889,Illumina Genome Analyzer IIx,SINGLE,cDNA,TRANSCRIPTOMIC,Ornithorhynchus anatinus,ILLUMINA,2011-10-14T00:00:00Z,2012-08-11T16:20:00Z,3,GSM752580,SRP007412,GSM752580: oan lv F 1,GSM752580,Liver,,adult,,,,female,7.6,,,,,,,,,,,,Standard,,,,,,,,ignore,,,,,,"Captured in New South Wales, Australia (provided by Adelaide University)",,,,,,,,,,,,
SRR306736,RNA-Seq,76,1635037248,PRJNA143627,SAMN00632139,1325535248,GEO,public,"fastq,run.zq,sra","gs,ncbi,s3","gs.us-east1,ncbi.public,s3.us-east-1",SRX081889,Illumina Genome Analyzer IIx,SINGLE,cDNA,TRANSCRIPTOMIC,Ornithorhynchus anatinus,ILLUMINA,2011-10-14T00:00:00Z,2012-08-11T16:20:00Z,3,GSM752580,SRP007412,GSM752580: oan lv F 1,GSM752580,Liver,,adult,,,,female,7.6,,,,,,,,,,,,Standard,,,,,,,,ignore,,,,,,"Captured in New South Wales, Australia (provided by Adelaide University)",,,,,,,,,,,,
SRR306737,RNA-Seq,76,1377145688,PRJNA143627,SAMN00632140,1100278644,GEO,public,"fastq,run.zq,sra","gs,ncbi,s3","gs.us-east1,ncbi.public,s3.us-east-1",SRX081890,Illumina Genome Analyzer IIx,SINGLE,cDNA,TRANSCRIPTOMIC,Ornithorhynchus anatinus,ILLUMINA,2011-10-14T00:00:00Z,2012-08-11T16:20:00Z,3,GSM752581,SRP007412,GSM752581: oan lv M 1,GSM752581,Liver,,adult,,,,male,8.6,,,,,,,,,,,,Standard,,,,,,,,ignore,,,,,,"Captured in New South Wales, Australia (provided by Adelaide University)",,,,,,,,,,,,
SRR306738,RNA-Seq,76,1501827716,PRJNA143627,SAMN00632140,1230378849,GEO,public,"fastq,run.zq,sra","gs,ncbi,s3","gs.us-east1,ncbi.public,s3.us-east-1",SRX081890,Illumina Genome Analyzer IIx,SINGLE,cDNA,TRANSCRIPTOMIC,Ornithorhynchus anatinus,ILLUMINA,2011-10-14T00:00:00Z,2012-08-11T16:20:00Z,3,GSM752581,SRP007412,GSM752581: oan lv M 1,GSM752581,Liver,,adult,,,,male,8.6,,,,,,,,,,,,Standard,,,,,,,,ignore,,,,,,"Captured in New South Wales, Australia (provided by Adelaide University)",,,,,,,,,,,,
SRR306739,RNA-Seq,76,1436304772,PRJNA143627,SAMN00632141,1153171137,GEO,public,"fastq,run.zq,sra","gs,ncbi,s3","gs.us-east1,ncbi.public,s3.us-east-1",SRX081891,Illumina Genome Analyzer IIx,SINGLE,cDNA,TRANSCRIPTOMIC,Ornithorhynchus anatinus,ILLUMINA,2011-10-14T00:00:00Z,2012-08-11T16:20:00Z,3,GSM752583,SRP007412,GSM752583: oan ts M 1,GSM752583,Testis,,adult,,,,male,8.6,,,,,,,,,,,,Standard,,,,,,,,ignore,,,,,,"Captured in New South Wales, Australia (provided by Adelaide University)",,,,,,,,,,,,
SRR306740,RNA-Seq,76,1874422884,PRJNA143627,SAMN00632142,1525802893,GEO,public,"fastq,run.zq,sra","gs,ncbi,s3","gs.us-east1,ncbi.public,s3.us-east-1",SRX081892,Illumina Genome Analyzer IIx,SINGLE,cDNA,TRANSCRIPTOMIC,Ornithorhynchus anatinus,ILLUMINA,2011-10-14T00:00:00Z,2012-08-11T16:20:00Z,3,GSM752585,SRP007412,GSM752585: oan ts M 2,GSM752585,Testis,,adult,,,,male,8,,,,,,,,,,,,Standard,,,,,,,,ignore,,,,,,"Captured in New South Wales, Australia (provided by Adelaide University)",,,,,,,,,,,,
SRR306741,RNA-Seq,76,1918107836,PRJNA143627,SAMN00632142,1569232845,GEO,public,"fastq,run.zq,sra","gs,ncbi,s3","gs.us-east1,ncbi.public,s3.us-east-1",SRX081892,Illumina Genome Analyzer IIx,SINGLE,cDNA,TRANSCRIPTOMIC,Ornithorhynchus anatinus,ILLUMINA,2011-10-14T00:00:00Z,2012-08-11T16:20:00Z,3,GSM752585,SRP007412,GSM752585: oan ts M 2,GSM752585,Testis,,adult,,,,male,8,,,,,,,,,,,,Standard,,,,,,,,ignore,,,,,,"Captured in New South Wales, Australia (provided by Adelaide University)",,,,,,,,,,,,
SRR553592,RNA-Seq,37,905103213,PRJNA174234,SAMN01161975,533701335,GEO,public,"fastq,sra","gs,ncbi,s3","gs.us-east1,ncbi.public,s3.us-east-1",SRX182798,Illumina Genome Analyzer IIx,SINGLE,size fractionation,TRANSCRIPTOMIC,Ornithorhynchus anatinus,ILLUMINA,2015-07-22T00:00:00Z,2015-12-07T08:10:00Z,2,GSM995320,SRP015370,GSM995320: main_oan_bra,GSM995320,Brain,,Adult,,,,male,,,,,,,,,,,,,,,,,,,,,,,,,,,,,,,Brain,,,,,,,,
SRR553593,RNA-Seq,37,1134640409,PRJNA174234,SAMN01161976,703366033,GEO,public,sra,"gs,ncbi,s3","gs.us-east1,ncbi.public,s3.us-east-1",SRX182799,Illumina Genome Analyzer IIx,SINGLE,size fractionation,TRANSCRIPTOMIC,Ornithorhynchus anatinus,ILLUMINA,2015-07-22T00:00:00Z,2015-12-07T22:29:00Z,2,GSM995321,SRP015370,GSM995321: main_oan_cer,GSM995321,Cerebellum,,Adult,,,,male,,,,,,,,,,,,,,,,,,,,,,,,,,,,,,,Cerebellum,,,,,,,,
SRR553594,RNA-Seq,37,1035991712,PRJNA174234,SAMN01161977,609558444,GEO,public,"fastq,sra","gs,ncbi,s3","gs.us-east1,ncbi.public,s3.us-east-1",SRX182800,Illumina Genome Analyzer IIx,SINGLE,size fractionation,TRANSCRIPTOMIC,Ornithorhynchus anatinus,ILLUMINA,2015-07-22T00:00:00Z,2015-12-07T22:29:00Z,2,GSM995322,SRP015370,GSM995322: main_oan_hea,GSM995322,Heart,,Adult,,,,male,,,,,,,,,,,,,,,,,,,,,,,,,,,,,,,Heart,,,,,,,,
SRR553595,RNA-Seq,37,934006651,PRJNA174234,SAMN01161978,441393432,GEO,public,"fastq,sra","gs,ncbi,s3","gs.us-east1,ncbi.public,s3.us-east-1",SRX182801,Illumina Genome Analyzer IIx,SINGLE,size fractionation,TRANSCRIPTOMIC,Ornithorhynchus anatinus,ILLUMINA,2015-07-22T00:00:00Z,2015-12-07T22:29:00Z,2,GSM995323,SRP015370,GSM995323: main_oan_kid,GSM995323,Kidney,,Adult,,,,male,,,,,,,,,,,,,,,,,,,,,,,,,,,,,,,Kidney,,,,,,,,
SRR553596,RNA-Seq,37,1022108794,PRJNA174234,SAMN01161979,616330320,GEO,public,sra,"gs,ncbi,s3","gs.us-east1,ncbi.public,s3.us-east-1",SRX182802,Illumina Genome Analyzer IIx,SINGLE,size fractionation,TRANSCRIPTOMIC,Ornithorhynchus anatinus,ILLUMINA,2015-07-22T00:00:00Z,2015-12-07T22:49:00Z,2,GSM995324,SRP015370,GSM995324: main_oan_tes,GSM995324,Testis,,Adult,,,,male,,,,,,,,,,,,,,,,,,,,,,,,,,,,,,,Testis,,,,,,,,
SRR351274,FL-cDNA,255,1348824,PRJNA12885,SAMN00738163,3366053,WUGSC,public,"run.zq,sff,sra","gs,ncbi,s3","gs.us-east1,ncbi.public,s3.us-east-1",SRX100227,454 GS FLX Titanium,SINGLE,cDNA,TRANSCRIPTOMIC,Ornithorhynchus anatinus,LS454,2011-10-10T00:00:00Z,2012-01-21T06:38:00Z,2,115707,SRP000120,2087684707,,,,,2087684707,rna,,,,,,,,,,,,,,,,,,,,,,,,,,,,,,,,,,,,,,,,,
SRR351275,FL-cDNA,270,50808084,PRJNA12885,SAMN00738161,127430371,WUGSC,public,"run.zq,sff,sra","gs,ncbi,s3","gs.us-east1,ncbi.public,s3.us-east-1",SRX100226,454 GS FLX Titanium,SINGLE,cDNA,TRANSCRIPTOMIC,Ornithorhynchus anatinus,LS454,2011-10-10T00:00:00Z,2012-01-21T06:38:00Z,2,115691,SRP000120,2087690095,,,,,2087690095,rna,,,,,,,,,,,,,,,,,,,,,,,,,,,,,,,,,,,,,,,,,
SRR351276,FL-cDNA,254,1066072,PRJNA12885,SAMN00738163,2723474,WUGSC,public,"run.zq,sff,sra","gs,ncbi,s3","gs.us-east1,ncbi.public,s3.us-east-1",SRX100227,454 GS FLX Titanium,SINGLE,cDNA,TRANSCRIPTOMIC,Ornithorhynchus anatinus,LS454,2011-10-10T00:00:00Z,2012-01-21T06:38:00Z,2,115707,SRP000120,2087684707,,,,,2087684707,rna,,,,,,,,,,,,,,,,,,,,,,,,,,,,,,,,,,,,,,,,,
SRR351277,FL-cDNA,256,426844,PRJNA12885,SAMN00738163,1083144,WUGSC,public,"run.zq,sff,sra","gs,ncbi,s3","gs.us-east1,ncbi.public,s3.us-east-1",SRX100227,454 GS FLX Titanium,SINGLE,cDNA,TRANSCRIPTOMIC,Ornithorhynchus anatinus,LS454,2011-10-10T00:00:00Z,2012-01-21T06:38:00Z,2,115707,SRP000120,2087684707,,,,,2087684707,rna,,,,,,,,,,,,,,,,,,,,,,,,,,,,,,,,,,,,,,,,,
SRR351278,FL-cDNA,255,28285545,PRJNA12885,SAMN00738163,70944862,WUGSC,public,"run.zq,sff,sra","gs,ncbi,s3","gs.us-east1,ncbi.public,s3.us-east-1",SRX100227,454 GS FLX Titanium,SINGLE,cDNA,TRANSCRIPTOMIC,Ornithorhynchus anatinus,LS454,2011-10-10T00:00:00Z,2012-01-21T06:38:00Z,2,115707,SRP000120,2087684707,,,,,2087684707,rna,,,,,,,,,,,,,,,,,,,,,,,,,,,,,,,,,,,,,,,,,
SRR351279,FL-cDNA,267,603161,PRJNA12885,SAMN00738161,1513832,WUGSC,public,"run.zq,sff,sra","gs,ncbi,s3","gs.us-east1,ncbi.public,s3.us-east-1",SRX100226,454 GS FLX Titanium,SINGLE,cDNA,TRANSCRIPTOMIC,Ornithorhynchus anatinus,LS454,2011-10-10T00:00:00Z,2012-01-21T06:38:00Z,2,115691,SRP000120,2087690095,,,,,2087690095,rna,,,,,,,,,,,,,,,,,,,,,,,,,,,,,,,,,,,,,,,,,
SRR351280,FL-cDNA,269,1053629,PRJNA12885,SAMN00738161,2571649,WUGSC,public,"run.zq,sff,sra","gs,ncbi,s3","gs.us-east1,ncbi.public,s3.us-east-1",SRX100226,454 GS FLX Titanium,SINGLE,cDNA,TRANSCRIPTOMIC,Ornithorhynchus anatinus,LS454,2011-10-10T00:00:00Z,2012-01-21T06:38:00Z,2,115691,SRP000120,2087690095,,,,,2087690095,rna,,,,,,,,,,,,,,,,,,,,,,,,,,,,,,,,,,,,,,,,,
SRR351281,FL-cDNA,270,51928757,PRJNA12885,SAMN00738161,129640900,WUGSC,public,"run.zq,sff,sra","gs,ncbi,s3","gs.us-east1,ncbi.public,s3.us-east-1",SRX100226,454 GS FLX Titanium,SINGLE,cDNA,TRANSCRIPTOMIC,Ornithorhynchus anatinus,LS454,2011-10-10T00:00:00Z,2012-01-21T06:38:00Z,2,115691,SRP000120,2087690095,,,,,2087690095,rna,,,,,,,,,,,,,,,,,,,,,,,,,,,,,,,,,,,,,,,,,
SRR351282,FL-cDNA,258,476715,PRJNA12885,SAMN00738163,1201814,WUGSC,public,"run.zq,sff,sra","gs,ncbi,s3","gs.us-east1,ncbi.public,s3.us-east-1",SRX100227,454 GS FLX Titanium,SINGLE,cDNA,TRANSCRIPTOMIC,Ornithorhynchus anatinus,LS454,2011-10-10T00:00:00Z,2012-01-21T06:38:00Z,2,115707,SRP000120,2087684707,,,,,2087684707,rna,,,,,,,,,,,,,,,,,,,,,,,,,,,,,,,,,,,,,,,,,
SRR351283,FL-cDNA,255,45295737,PRJNA12885,SAMN00738163,113420893,WUGSC,public,"run.zq,sff,sra","gs,ncbi,s3","gs.us-east1,ncbi.public,s3.us-east-1",SRX100227,454 GS FLX Titanium,SINGLE,cDNA,TRANSCRIPTOMIC,Ornithorhynchus anatinus,LS454,2011-10-10T00:00:00Z,2012-01-21T06:38:00Z,2,115707,SRP000120,2087684707,,,,,2087684707,rna,,,,,,,,,,,,,,,,,,,,,,,,,,,,,,,,,,,,,,,,,
SRR351284,FL-cDNA,270,259673,PRJNA12885,SAMN00738161,659413,WUGSC,public,"run.zq,sff,sra","gs,ncbi,s3","gs.us-east1,ncbi.public,s3.us-east-1",SRX100226,454 GS FLX Titanium,SINGLE,cDNA,TRANSCRIPTOMIC,Ornithorhynchus anatinus,LS454,2011-10-10T00:00:00Z,2012-01-21T06:38:00Z,2,115691,SRP000120,2087690095,,,,,2087690095,rna,,,,,,,,,,,,,,,,,,,,,,,,,,,,,,,,,,,,,,,,,
SRR351285,FL-cDNA,270,286027,PRJNA12885,SAMN00738161,732447,WUGSC,public,"run.zq,sff,sra","gs,ncbi,s3","gs.us-east1,ncbi.public,s3.us-east-1",SRX100226,454 GS FLX Titanium,SINGLE,cDNA,TRANSCRIPTOMIC,Ornithorhynchus anatinus,LS454,2011-10-10T00:00:00Z,2012-01-21T06:38:00Z,2,115691,SRP000120,2087690095,,,,,2087690095,rna,,,,,,,,,,,,,,,,,,,,,,,,,,,,,,,,,,,,,,,,,
SRR351415,FL-cDNA,271,848769,PRJNA12885,SAMN00738162,2062290,WUGSC,public,"run.zq,sff,sra","gs,ncbi,s3","gs.us-east1,ncbi.public,s3.us-east-1",SRX100327,454 GS FLX Titanium,SINGLE,cDNA,TRANSCRIPTOMIC,Ornithorhynchus anatinus,LS454,2011-10-11T00:00:00Z,2012-01-21T06:43:00Z,2,115684,SRP000120,2087689303,,,,,2087689303,rna,,,,,,,,,,,,,,,,,,,,,,,,,,,,,,,,,,,,,,,,,
SRR351416,FL-cDNA,273,23950380,PRJNA12885,SAMN00738164,58819667,WUGSC,public,"run.zq,sff,sra","gs,ncbi,s3","gs.us-east1,ncbi.public,s3.us-east-1",SRX100329,454 GS FLX Titanium,SINGLE,cDNA,TRANSCRIPTOMIC,Ornithorhynchus anatinus,LS454,2011-10-11T00:00:00Z,2012-01-21T06:43:00Z,2,115711,SRP000120,2087685134,,,,,2087685134,rna,,,,,,,,,,,,,,,,,,,,,,,,,,,,,,,,,,,,,,,,,
SRR351417,FL-cDNA,268,65448470,PRJNA12885,SAMN00738162,159280869,WUGSC,public,"run.zq,sff,sra","gs,ncbi,s3","gs.us-east1,ncbi.public,s3.us-east-1",SRX100327,454 GS FLX Titanium,SINGLE,cDNA,TRANSCRIPTOMIC,Ornithorhynchus anatinus,LS454,2011-10-11T00:00:00Z,2012-01-21T06:43:00Z,2,115684,SRP000120,2087689303,,,,,2087689303,rna,,,,,,,,,,,,,,,,,,,,,,,,,,,,,,,,,,,,,,,,,
SRR351418,FL-cDNA,275,40198675,PRJNA12885,SAMN00738160,100330622,WUGSC,public,"run.zq,sff,sra","gs,ncbi,s3","gs.us-east1,ncbi.public,s3.us-east-1",SRX100328,454 GS FLX Titanium,SINGLE,cDNA,TRANSCRIPTOMIC,Ornithorhynchus anatinus,LS454,2011-10-11T00:00:00Z,2012-01-21T06:43:00Z,2,115680,SRP000120,2087684706,,,,,2087684706,rna,,,,,,,,,,,,,,,,,,,,,,,,,,,,,,,,,,,,,,,,,
SRR351419,FL-cDNA,270,485414,PRJNA12885,SAMN00738162,1194646,WUGSC,public,"run.zq,sff,sra","gs,ncbi,s3","gs.us-east1,ncbi.public,s3.us-east-1",SRX100327,454 GS FLX Titanium,SINGLE,cDNA,TRANSCRIPTOMIC,Ornithorhynchus anatinus,LS454,2011-10-11T00:00:00Z,2012-01-21T06:43:00Z,2,115684,SRP000120,2087689303,,,,,2087689303,rna,,,,,,,,,,,,,,,,,,,,,,,,,,,,,,,,,,,,,,,,,
SRR351448,FL-cDNA,274,476913,PRJNA12885,SAMN00738160,1186144,WUGSC,public,"run.zq,sff,sra","gs,ncbi,s3","gs.us-east1,ncbi.public,s3.us-east-1",SRX100328,454 GS FLX Titanium,SINGLE,cDNA,TRANSCRIPTOMIC,Ornithorhynchus anatinus,LS454,2011-10-11T00:00:00Z,2012-01-21T06:44:00Z,2,115680,SRP000120,2087684706,,,,,2087684706,rna,,,,,,,,,,,,,,,,,,,,,,,,,,,,,,,,,,,,,,,,,
SRR351449,FL-cDNA,276,524608,PRJNA12885,SAMN00738160,1297288,WUGSC,public,"run.zq,sff,sra","gs,ncbi,s3","gs.us-east1,ncbi.public,s3.us-east-1",SRX100328,454 GS FLX Titanium,SINGLE,cDNA,TRANSCRIPTOMIC,Ornithorhynchus anatinus,LS454,2011-10-11T00:00:00Z,2012-01-21T06:44:00Z,2,115680,SRP000120,2087684706,,,,,2087684706,rna,,,,,,,,,,,,,,,,,,,,,,,,,,,,,,,,,,,,,,,,,
SRR351450,FL-cDNA,267,24621,PRJNA12885,SAMN00738162,100303,WUGSC,public,"run.zq,sff,sra","gs,ncbi,s3","gs.us-east1,ncbi.public,s3.us-east-1",SRX100327,454 GS FLX Titanium,SINGLE,cDNA,TRANSCRIPTOMIC,Ornithorhynchus anatinus,LS454,2011-10-11T00:00:00Z,2012-01-21T06:44:00Z,2,115684,SRP000120,2087689303,,,,,2087689303,rna,,,,,,,,,,,,,,,,,,,,,,,,,,,,,,,,,,,,,,,,,
SRR351451,FL-cDNA,272,534858,PRJNA12885,SAMN00738164,1329211,WUGSC,public,"run.zq,sff,sra","gs,ncbi,s3","gs.us-east1,ncbi.public,s3.us-east-1",SRX100329,454 GS FLX Titanium,SINGLE,cDNA,TRANSCRIPTOMIC,Ornithorhynchus anatinus,LS454,2011-10-11T00:00:00Z,2012-01-21T06:44:00Z,2,115711,SRP000120,2087685134,,,,,2087685134,rna,,,,,,,,,,,,,,,,,,,,,,,,,,,,,,,,,,,,,,,,,
SRR351454,FL-cDNA,273,136826,PRJNA12885,SAMN00738160,371838,WUGSC,public,"run.zq,sff,sra","gs,ncbi,s3","gs.us-east1,ncbi.public,s3.us-east-1",SRX100328,454 GS FLX Titanium,SINGLE,cDNA,TRANSCRIPTOMIC,Ornithorhynchus anatinus,LS454,2011-10-11T00:00:00Z,2012-01-21T06:44:00Z,2,115680,SRP000120,2087684706,,,,,2087684706,rna,,,,,,,,,,,,,,,,,,,,,,,,,,,,,,,,,,,,,,,,,
SRR351455,FL-cDNA,274,707974,PRJNA12885,SAMN00738160,1760450,WUGSC,public,"run.zq,sff,sra","gs,ncbi,s3","gs.us-east1,ncbi.public,s3.us-east-1",SRX100328,454 GS FLX Titanium,SINGLE,cDNA,TRANSCRIPTOMIC,Ornithorhynchus anatinus,LS454,2011-10-11T00:00:00Z,2012-01-21T06:44:00Z,2,115680,SRP000120,2087684706,,,,,2087684706,rna,,,,,,,,,,,,,,,,,,,,,,,,,,,,,,,,,,,,,,,,,
SRR351457,FL-cDNA,269,158716,PRJNA12885,SAMN00738162,422580,WUGSC,public,"run.zq,sff,sra","gs,ncbi,s3","gs.us-east1,ncbi.public,s3.us-east-1",SRX100327,454 GS FLX Titanium,SINGLE,cDNA,TRANSCRIPTOMIC,Ornithorhynchus anatinus,LS454,2011-10-11T00:00:00Z,2012-01-21T06:44:00Z,2,115684,SRP000120,2087689303,,,,,2087689303,rna,,,,,,,,,,,,,,,,,,,,,,,,,,,,,,,,,,,,,,,,,
SRR351458,FL-cDNA,274,129257,PRJNA12885,SAMN00738164,349665,WUGSC,public,"run.zq,sff,sra","gs,ncbi,s3","gs.us-east1,ncbi.public,s3.us-east-1",SRX100329,454 GS FLX Titanium,SINGLE,cDNA,TRANSCRIPTOMIC,Ornithorhynchus anatinus,LS454,2011-10-11T00:00:00Z,2012-01-21T06:44:00Z,2,115711,SRP000120,2087685134,,,,,2087685134,rna,,,,,,,,,,,,,,,,,,,,,,,,,,,,,,,,,,,,,,,,,
SRR351459,FL-cDNA,268,52641676,PRJNA12885,SAMN00738162,128013503,WUGSC,public,"run.zq,sff,sra","gs,ncbi,s3","gs.us-east1,ncbi.public,s3.us-east-1",SRX100327,454 GS FLX Titanium,SINGLE,cDNA,TRANSCRIPTOMIC,Ornithorhynchus anatinus,LS454,2011-10-11T00:00:00Z,2012-01-21T06:44:00Z,2,115684,SRP000120,2087689303,,,,,2087689303,rna,,,,,,,,,,,,,,,,,,,,,,,,,,,,,,,,,,,,,,,,,
SRR351460,FL-cDNA,273,332603,PRJNA12885,SAMN00738160,841571,WUGSC,public,"run.zq,sff,sra","gs,ncbi,s3","gs.us-east1,ncbi.public,s3.us-east-1",SRX100328,454 GS FLX Titanium,SINGLE,cDNA,TRANSCRIPTOMIC,Ornithorhynchus anatinus,LS454,2011-10-11T00:00:00Z,2012-01-21T06:44:00Z,2,115680,SRP000120,2087684706,,,,,2087684706,rna,,,,,,,,,,,,,,,,,,,,,,,,,,,,,,,,,,,,,,,,,
SRR351461,FL-cDNA,275,135056,PRJNA12885,SAMN00738160,366316,WUGSC,public,"run.zq,sff,sra","gs,ncbi,s3","gs.us-east1,ncbi.public,s3.us-east-1",SRX100328,454 GS FLX Titanium,SINGLE,cDNA,TRANSCRIPTOMIC,Ornithorhynchus anatinus,LS454,2011-10-11T00:00:00Z,2012-01-21T06:44:00Z,2,115680,SRP000120,2087684706,,,,,2087684706,rna,,,,,,,,,,,,,,,,,,,,,,,,,,,,,,,,,,,,,,,,,
SRR351462,FL-cDNA,272,34602375,PRJNA12885,SAMN00738164,85139357,WUGSC,public,"run.zq,sff,sra","gs,ncbi,s3","gs.us-east1,ncbi.public,s3.us-east-1",SRX100329,454 GS FLX Titanium,SINGLE,cDNA,TRANSCRIPTOMIC,Ornithorhynchus anatinus,LS454,2011-10-11T00:00:00Z,2012-01-21T06:44:00Z,2,115711,SRP000120,2087685134,,,,,2087685134,rna,,,,,,,,,,,,,,,,,,,,,,,,,,,,,,,,,,,,,,,,,
SRR351463,FL-cDNA,275,39143591,PRJNA12885,SAMN00738160,98027716,WUGSC,public,"run.zq,sff,sra","gs,ncbi,s3","gs.us-east1,ncbi.public,s3.us-east-1",SRX100328,454 GS FLX Titanium,SINGLE,cDNA,TRANSCRIPTOMIC,Ornithorhynchus anatinus,LS454,2011-10-11T00:00:00Z,2012-01-21T06:44:00Z,2,115680,SRP000120,2087684706,,,,,2087684706,rna,,,,,,,,,,,,,,,,,,,,,,,,,,,,,,,,,,,,,,,,,
SRR351464,FL-cDNA,274,269509,PRJNA12885,SAMN00738164,689397,WUGSC,public,"run.zq,sff,sra","gs,ncbi,s3","gs.us-east1,ncbi.public,s3.us-east-1",SRX100329,454 GS FLX Titanium,SINGLE,cDNA,TRANSCRIPTOMIC,Ornithorhynchus anatinus,LS454,2011-10-11T00:00:00Z,2012-01-21T06:44:00Z,2,115711,SRP000120,2087685134,,,,,2087685134,rna,,,,,,,,,,,,,,,,,,,,,,,,,,,,,,,,,,,,,,,,,
SRR353543,FL-cDNA,274,961271,PRJNA12885,SAMN00738164,2367402,WUGSC,public,"run.zq,sff,sra","gs,ncbi,s3","gs.us-east1,ncbi.public,s3.us-east-1",SRX100329,454 GS FLX Titanium,SINGLE,cDNA,TRANSCRIPTOMIC,Ornithorhynchus anatinus,LS454,2011-10-17T00:00:00Z,2012-01-21T08:01:00Z,2,115711,SRP000120,2087685134,,,,,2087685134,rna,,,,,,,,,,,,,,,,,,,,,,,,,,,,,,,,,,,,,,,,,
SRR649381,RNA-Seq,76,2326503640,PRJNA186646,SAMN01886769,1350553761,GEO,public,sra,"gs,ncbi,s3","gs.us-east1,ncbi.public,s3.us-east-1",SRX217698,Illumina Genome Analyzer IIx,SINGLE,cDNA,TRANSCRIPTOMIC,Ornithorhynchus anatinus,ILLUMINA,2015-07-22T00:00:00Z,2015-09-08T08:59:00Z,2,GSM1064850,SRP017959,,GSM1064850,Brain,male,adult,,,,,,,,,,,,,,,,,,,,,,,,,,,,,,,,,"Illumina GAIIx\, strand-specific",NA,,,,,,,,,
SRR649382,RNA-Seq,76,2926136724,PRJNA186646,SAMN01886770,1977081807,GEO,public,"fastq,sra","gs,ncbi,s3","gs.us-east1,ncbi.public,s3.us-east-1",SRX217699,Illumina Genome Analyzer IIx,SINGLE,cDNA,TRANSCRIPTOMIC,Ornithorhynchus anatinus,ILLUMINA,2015-07-22T00:00:00Z,2015-09-08T08:51:00Z,2,GSM1064851,SRP017959,,GSM1064851,Ovary,female,adult,,,,,,,,,,,,,,,,,,,,,,,,,,,,,,,,,"Illumina GAIIx\, strand-specific",NA,,,,,,,,,
SRR649383,RNA-Seq,76,2561721056,PRJNA186646,SAMN01886771,1534144565,GEO,public,sra,"gs,ncbi,s3","gs.us-east1,ncbi.public,s3.us-east-1",SRX217700,Illumina Genome Analyzer IIx,SINGLE,cDNA,TRANSCRIPTOMIC,Ornithorhynchus anatinus,ILLUMINA,2015-07-22T00:00:00Z,2015-09-08T08:48:00Z,2,GSM1064852,SRP017959,,GSM1064852,Testis,male,adult,,,,,,,,,,,,,,,,,,,,,,,,,,,,,,,,,"Illumina GAIIx\, strand-specific",NA,,,,,,,,,
SRR649384,RNA-Seq,76,2247105148,PRJNA186646,SAMN01886771,1380662593,GEO,public,sra,"gs,ncbi,s3","gs.us-east1,ncbi.public,s3.us-east-1",SRX217700,Illumina Genome Analyzer IIx,SINGLE,cDNA,TRANSCRIPTOMIC,Ornithorhynchus anatinus,ILLUMINA,2015-07-22T00:00:00Z,2015-09-08T08:48:00Z,2,GSM1064852,SRP017959,,GSM1064852,Testis,male,adult,,,,,,,,,,,,,,,,,,,,,,,,,,,,,,,,,"Illumina GAIIx\, strand-specific",NA,,,,,,,,,
ERR2812418,RNA-Seq,63,33524134145,PRJEB28810,SAMEA4939657,12938083048,"Lausanne Genomic Technologies Facility, Lausanne, Switzerland",public,"fastq,run.zq,sra","gs,ncbi,s3","gs.us-east1,ncbi.public,s3.us-east-1",ERX2819249,Illumina HiSeq 2500,SINGLE,other,TRANSCRIPTOMIC,Ornithorhynchus anatinus,ILLUMINA,2019-10-02T00:00:00Z,2022-07-25T14:12:00Z,2,SAMEA4939657,ERP111066,platypus_brain_ribo_1_s,,,male,,,,,,,,ArrayExpress,platypus,2019-10-01,2019-03-31T17:01:56Z,2018-11-16,2018-09-26T15:26:00Z,Ornithorhynchus anatinus,brain,Ribo-seq,SAMEA4939657,,ribosome-protected fragments 26-34nt,"Center for Molecular Biology (ZMBH)\, Heidelberg University",2019-03-31T17:01:56Z,2018-09-26T15:26:00Z,public,brain,"Lausanne Genomic Technologies Facility, Lausanne, Switzerland",,1,biological replicate,E-MTAB-7247:platypus_brain_ribo_1,Ornithorhynchus anatinus,E-MTAB-7247:platypus_brain_ribo_1,,yes,,,,,,,,,,,
ERR2812419,RNA-Seq,77,17543332126,PRJEB28810,SAMEA4939658,13550067688,"Lausanne Genomic Technologies Facility, Lausanne, Switzerland",public,"fastq,run.zq,sra","ena,gs,ncbi,s3","ena,gs.us-east1,ncbi.public,s3.us-east-1",ERX2819250,Illumina HiSeq 2500,SINGLE,other,TRANSCRIPTOMIC,Ornithorhynchus anatinus,ILLUMINA,2019-10-02T00:00:00Z,2019-10-04T14:20:00Z,1,SAMEA4939658,ERP111066,platypus_brain_ribo_2_s,,,male,,,,,,,,ArrayExpress,platypus,2019-10-01,2019-03-31T17:01:56Z,2018-11-16,2018-09-26T15:26:00Z,Ornithorhynchus anatinus,brain,Ribo-seq,SAMEA4939658,,ribosome-protected fragments 26-34nt,"Center for Molecular Biology (ZMBH)\, Heidelberg University",2019-03-31T17:01:56Z,2018-09-26T15:26:00Z,public,brain,"Lausanne Genomic Technologies Facility, Lausanne, Switzerland",,2,biological replicate,E-MTAB-7247:platypus_brain_ribo_2,Ornithorhynchus anatinus,E-MTAB-7247:platypus_brain_ribo_2,,yes,,,,,,,,,,,
ERR2812420,RNA-Seq,101,14169893778,PRJEB28810,SAMEA4939659,8710997492,"Lausanne Genomic Technologies Facility, Lausanne, Switzerland",public,"fastq,run.zq,sra","ena,gs,ncbi,s3","ena,gs.us-east1,ncbi.public,s3.us-east-1",ERX2819251,Illumina HiSeq 2500,SINGLE,other,TRANSCRIPTOMIC,Ornithorhynchus anatinus,ILLUMINA,2019-10-02T00:00:00Z,2019-10-04T14:08:00Z,1,SAMEA4939659,ERP111066,platypus_brain_ribo_3_s,,,male,,,,,,,,ArrayExpress,platypus,2019-10-01,2019-03-31T17:01:56Z,2018-11-16,2018-09-26T15:26:00Z,Ornithorhynchus anatinus,brain,Ribo-seq,SAMEA4939659,,ribosome-protected fragments 26-34nt,"Center for Molecular Biology (ZMBH)\, Heidelberg University",2019-03-31T17:01:56Z,2018-09-26T15:26:00Z,public,brain,"Lausanne Genomic Technologies Facility, Lausanne, Switzerland",,3,biological replicate,E-MTAB-7247:platypus_brain_ribo_3,Ornithorhynchus anatinus,E-MTAB-7247:platypus_brain_ribo_3,,yes,,,,,,,,,,,
ERR2812421,RNA-Seq,51,4513573083,PRJEB28810,SAMEA4939660,1767626497,"Lausanne Genomic Technologies Facility, Lausanne, Switzerland",public,"fastq,run.zq,sra","gs,ncbi,s3","gs.us-east1,ncbi.public,s3.us-east-1",ERX2819252,Illumina HiSeq 2500,SINGLE,other,TRANSCRIPTOMIC,Ornithorhynchus anatinus,ILLUMINA,2019-10-02T00:00:00Z,2022-07-24T10:57:00Z,2,SAMEA4939660,ERP111066,platypus_brain_rna_1_s,,,male,,,,,,,,ArrayExpress,platypus,2019-10-01,2019-03-31T17:01:56Z,2018-11-16,2018-09-26T15:26:01Z,Ornithorhynchus anatinus,brain,RNA-seq,SAMEA4939660,,rRNA-depleted total RNA,"Center for Molecular Biology (ZMBH)\, Heidelberg University",2019-03-31T17:01:56Z,2018-09-26T15:26:01Z,public,brain,"Lausanne Genomic Technologies Facility, Lausanne, Switzerland",,1,biological replicate,E-MTAB-7247:platypus_brain_rna_1,Ornithorhynchus anatinus,E-MTAB-7247:platypus_brain_rna_1,,yes,,,,,,,,,,,
ERR2812422,RNA-Seq,78,13377672862,PRJEB28810,SAMEA4939661,8930109182,"Lausanne Genomic Technologies Facility, Lausanne, Switzerland",public,"fastq,run.zq,sra","ena,gs,ncbi,s3","ena,gs.us-east1,ncbi.public,s3.us-east-1",ERX2819253,Illumina HiSeq 2500,SINGLE,other,TRANSCRIPTOMIC,Ornithorhynchus anatinus,ILLUMINA,2019-10-02T00:00:00Z,2019-10-04T14:00:00Z,1,SAMEA4939661,ERP111066,platypus_brain_rna_2_s,,,male,,,,,,,,ArrayExpress,platypus,2019-10-01,2019-03-31T17:01:56Z,2018-11-16,2018-09-26T15:26:01Z,Ornithorhynchus anatinus,brain,RNA-seq,SAMEA4939661,,rRNA-depleted total RNA,"Center for Molecular Biology (ZMBH)\, Heidelberg University",2019-03-31T17:01:56Z,2018-09-26T15:26:01Z,public,brain,"Lausanne Genomic Technologies Facility, Lausanne, Switzerland",,2,biological replicate,E-MTAB-7247:platypus_brain_rna_2,Ornithorhynchus anatinus,E-MTAB-7247:platypus_brain_rna_2,,yes,,,,,,,,,,,
ERR2812423,RNA-Seq,101,25618315589,PRJEB28810,SAMEA4939662,15121654894,"Lausanne Genomic Technologies Facility, Lausanne, Switzerland",public,"fastq,run.zq,sra","ena,gs,ncbi,s3","ena,gs.us-east1,ncbi.public,s3.us-east-1",ERX2819254,Illumina HiSeq 2500,SINGLE,other,TRANSCRIPTOMIC,Ornithorhynchus anatinus,ILLUMINA,2019-10-02T00:00:00Z,2019-10-04T14:14:00Z,1,SAMEA4939662,ERP111066,platypus_brain_rna_3_s,,,male,,,,,,,,ArrayExpress,platypus,2019-10-01,2019-03-31T17:01:56Z,2018-11-16,2018-09-26T15:26:01Z,Ornithorhynchus anatinus,brain,RNA-seq,SAMEA4939662,,rRNA-depleted total RNA,"Center for Molecular Biology (ZMBH)\, Heidelberg University",2019-03-31T17:01:56Z,2018-09-26T15:26:01Z,public,brain,"Lausanne Genomic Technologies Facility, Lausanne, Switzerland",,3,biological replicate,E-MTAB-7247:platypus_brain_rna_3,Ornithorhynchus anatinus,E-MTAB-7247:platypus_brain_rna_3,,no,,,,,,,,,,,
ERR2812424,RNA-Seq,51,10493971242,PRJEB28810,SAMEA4939663,4174997829,"Lausanne Genomic Technologies Facility, Lausanne, Switzerland",public,"fastq,run.zq,sra","gs,ncbi,s3","gs.us-east1,ncbi.public,s3.us-east-1",ERX2819255,Illumina HiSeq 2500,SINGLE,other,TRANSCRIPTOMIC,Ornithorhynchus anatinus,ILLUMINA,2019-10-02T00:00:00Z,2022-07-13T14:15:00Z,2,SAMEA4939663,ERP111066,platypus_liver_ribo_1_s,,,male,,,,,,,,ArrayExpress,platypus,2019-10-01,2019-03-31T17:01:56Z,2018-11-16,2018-09-26T15:26:01Z,Ornithorhynchus anatinus,liver,Ribo-seq,SAMEA4939663,,ribosome-protected fragments 26-34nt,"Center for Molecular Biology (ZMBH)\, Heidelberg University",2019-03-31T17:01:56Z,2018-09-26T15:26:01Z,public,liver,"Lausanne Genomic Technologies Facility, Lausanne, Switzerland",,1,biological replicate,E-MTAB-7247:platypus_liver_ribo_1,Ornithorhynchus anatinus,E-MTAB-7247:platypus_liver_ribo_1,,yes,,,,,,,,,,,
ERR2812425,RNA-Seq,55,5333546809,PRJEB28810,SAMEA4939664,3506295666,"Lausanne Genomic Technologies Facility, Lausanne, Switzerland",public,"fastq,run.zq,sra","gs,ncbi,s3","gs.us-east1,ncbi.public,s3.us-east-1",ERX2819256,Illumina HiSeq 2500,SINGLE,other,TRANSCRIPTOMIC,Ornithorhynchus anatinus,ILLUMINA,2019-10-02T00:00:00Z,2019-12-08T08:38:00Z,1,SAMEA4939664,ERP111066,platypus_liver_ribo_2_s,,,male,,,,,,,,ArrayExpress,platypus,2019-10-01,2019-03-31T17:01:56Z,2018-11-16,2018-09-26T15:26:01Z,Ornithorhynchus anatinus,liver,Ribo-seq,SAMEA4939664,,ribosome-protected fragments 26-34nt,"Center for Molecular Biology (ZMBH)\, Heidelberg University",2019-03-31T17:01:56Z,2018-09-26T15:26:01Z,public,liver,"Lausanne Genomic Technologies Facility, Lausanne, Switzerland",,2,biological replicate,E-MTAB-7247:platypus_liver_ribo_2,Ornithorhynchus anatinus,E-MTAB-7247:platypus_liver_ribo_2,,yes,,,,,,,,,,,
ERR2812426,RNA-Seq,101,11018193222,PRJEB28810,SAMEA4939665,6650435321,"Lausanne Genomic Technologies Facility, Lausanne, Switzerland",public,"fastq,run.zq,sra","ena,gs,ncbi,s3","ena,gs.us-east1,ncbi.public,s3.us-east-1",ERX2819257,Illumina HiSeq 2500,SINGLE,other,TRANSCRIPTOMIC,Ornithorhynchus anatinus,ILLUMINA,2019-10-02T00:00:00Z,2019-10-04T13:49:00Z,1,SAMEA4939665,ERP111066,platypus_liver_ribo_3_s,,,male,,,,,,,,ArrayExpress,platypus,2019-10-01,2019-03-31T17:01:56Z,2018-11-16,2018-09-26T15:26:01Z,Ornithorhynchus anatinus,liver,Ribo-seq,SAMEA4939665,,ribosome-protected fragments 26-34nt,"Center for Molecular Biology (ZMBH)\, Heidelberg University",2019-03-31T17:01:56Z,2018-09-26T15:26:01Z,public,liver,"Lausanne Genomic Technologies Facility, Lausanne, Switzerland",,3,biological replicate,E-MTAB-7247:platypus_liver_ribo_3,Ornithorhynchus anatinus,E-MTAB-7247:platypus_liver_ribo_3,,yes,,,,,,,,,,,
ERR2812427,RNA-Seq,51,5477563200,PRJEB28810,SAMEA4939666,2177516470,"Lausanne Genomic Technologies Facility, Lausanne, Switzerland",public,"fastq,run.zq,sra","gs,ncbi,s3","gs.us-east1,ncbi.public,s3.us-east-1",ERX2819258,Illumina HiSeq 2500,SINGLE,other,TRANSCRIPTOMIC,Ornithorhynchus anatinus,ILLUMINA,2019-10-02T00:00:00Z,2022-07-13T22:05:00Z,2,SAMEA4939666,ERP111066,platypus_liver_rna_1_s,,,male,,,,,,,,ArrayExpress,platypus,2019-10-01,2019-03-31T17:01:56Z,2018-11-16,2018-09-26T15:26:01Z,Ornithorhynchus anatinus,liver,RNA-seq,SAMEA4939666,,rRNA-depleted total RNA,"Center for Molecular Biology (ZMBH)\, Heidelberg University",2019-03-31T17:01:56Z,2018-09-26T15:26:01Z,public,liver,"Lausanne Genomic Technologies Facility, Lausanne, Switzerland",,1,biological replicate,E-MTAB-7247:platypus_liver_rna_1,Ornithorhynchus anatinus,E-MTAB-7247:platypus_liver_rna_1,,yes,,,,,,,,,,,
ERR2812428,RNA-Seq,51,11809880943,PRJEB28810,SAMEA4939667,10315769157,"Lausanne Genomic Technologies Facility, Lausanne, Switzerland",public,"fastq,run.zq,sra","ena,gs,ncbi,s3","ena,gs.us-east1,ncbi.public,s3.us-east-1",ERX2819259,Illumina HiSeq 2500,SINGLE,other,TRANSCRIPTOMIC,Ornithorhynchus anatinus,ILLUMINA,2019-10-02T00:00:00Z,2019-10-04T14:06:00Z,1,SAMEA4939667,ERP111066,platypus_liver_rna_2_s,,,male,,,,,,,,ArrayExpress,platypus,2019-10-01,2019-03-31T17:01:56Z,2018-11-16,2018-09-26T15:26:01Z,Ornithorhynchus anatinus,liver,RNA-seq,SAMEA4939667,,rRNA-depleted total RNA,"Center for Molecular Biology (ZMBH)\, Heidelberg University",2019-03-31T17:01:56Z,2018-09-26T15:26:01Z,public,liver,"Lausanne Genomic Technologies Facility, Lausanne, Switzerland",,2,biological replicate,E-MTAB-7247:platypus_liver_rna_2,Ornithorhynchus anatinus,E-MTAB-7247:platypus_liver_rna_2,,yes,,,,,,,,,,,
ERR2812429,RNA-Seq,59,18838254843,PRJEB28810,SAMEA4939668,14791458496,"Lausanne Genomic Technologies Facility, Lausanne, Switzerland",public,"fastq,run.zq,sra","ena,gs,ncbi,s3","ena,gs.us-east1,ncbi.public,s3.us-east-1",ERX2819260,Illumina HiSeq 2500,SINGLE,other,TRANSCRIPTOMIC,Ornithorhynchus anatinus,ILLUMINA,2019-10-02T00:00:00Z,2019-10-04T14:30:00Z,1,SAMEA4939668,ERP111066,platypus_liver_rna_3_s,,,male,,,,,,,,ArrayExpress,platypus,2019-10-01,2019-03-31T17:01:56Z,2018-11-16,2018-09-26T15:26:01Z,Ornithorhynchus anatinus,liver,RNA-seq,SAMEA4939668,,rRNA-depleted total RNA,"Center for Molecular Biology (ZMBH)\, Heidelberg University",2019-03-31T17:01:56Z,2018-09-26T15:26:01Z,public,liver,"Lausanne Genomic Technologies Facility, Lausanne, Switzerland",,3,biological replicate,E-MTAB-7247:platypus_liver_rna_3,Ornithorhynchus anatinus,E-MTAB-7247:platypus_liver_rna_3,,yes,,,,,,,,,,,
ERR2812430,RNA-Seq,101,18399271101,PRJEB28810,SAMEA4939669,10872095086,"Lausanne Genomic Technologies Facility, Lausanne, Switzerland",public,"fastq,run.zq,sra","ena,gs,ncbi,s3","ena,gs.us-east1,ncbi.public,s3.us-east-1",ERX2819261,Illumina HiSeq 2500,SINGLE,other,TRANSCRIPTOMIC,Ornithorhynchus anatinus,ILLUMINA,2019-10-02T00:00:00Z,2019-10-04T14:00:00Z,1,SAMEA4939669,ERP111066,platypus_testis_ribo_1_s,,,male,,,,,,,,ArrayExpress,platypus,2019-10-01,2019-03-31T17:01:56Z,2018-11-16,2018-09-26T15:26:01Z,Ornithorhynchus anatinus,testis,Ribo-seq,SAMEA4939669,,ribosome-protected fragments 26-34nt,"Center for Molecular Biology (ZMBH)\, Heidelberg University",2019-03-31T17:01:56Z,2018-09-26T15:26:01Z,public,testis,"Lausanne Genomic Technologies Facility, Lausanne, Switzerland",,1,biological replicate,E-MTAB-7247:platypus_testis_ribo_1,Ornithorhynchus anatinus,E-MTAB-7247:platypus_testis_ribo_1,,yes,,,,,,,,,,,
ERR2812431,RNA-Seq,51,4998098991,PRJEB28810,SAMEA4939670,4204593235,"Lausanne Genomic Technologies Facility, Lausanne, Switzerland",public,"fastq,run.zq,sra","ena,gs,ncbi,s3","ena,gs.us-east1,ncbi.public,s3.us-east-1",ERX2819262,Illumina HiSeq 2500,SINGLE,other,TRANSCRIPTOMIC,Ornithorhynchus anatinus,ILLUMINA,2019-10-02T00:00:00Z,2019-10-04T13:41:00Z,1,SAMEA4939670,ERP111066,platypus_testis_ribo_2_s,,,male,,,,,,,,ArrayExpress,platypus,2019-10-01,2019-03-31T17:01:56Z,2018-11-16,2018-09-26T15:26:01Z,Ornithorhynchus anatinus,testis,Ribo-seq,SAMEA4939670,,ribosome-protected fragments 26-34nt,"Center for Molecular Biology (ZMBH)\, Heidelberg University",2019-03-31T17:01:56Z,2018-09-26T15:26:01Z,public,testis,"Lausanne Genomic Technologies Facility, Lausanne, Switzerland",,2,biological replicate,E-MTAB-7247:platypus_testis_ribo_2,Ornithorhynchus anatinus,E-MTAB-7247:platypus_testis_ribo_2,,yes,,,,,,,,,,,
ERR2812432,RNA-Seq,58,8390985851,PRJEB28810,SAMEA4939671,6761175760,"Lausanne Genomic Technologies Facility, Lausanne, Switzerland",public,"fastq,run.zq,sra","ena,gs,ncbi,s3","ena,gs.us-east1,ncbi.public,s3.us-east-1",ERX2819263,Illumina HiSeq 2500,SINGLE,other,TRANSCRIPTOMIC,Ornithorhynchus anatinus,ILLUMINA,2019-10-02T00:00:00Z,2019-10-04T13:56:00Z,1,SAMEA4939671,ERP111066,platypus_testis_ribo_3_s,,,male,,,,,,,,ArrayExpress,platypus,2019-10-01,2019-03-31T17:01:56Z,2018-11-16,2018-09-26T15:26:01Z,Ornithorhynchus anatinus,testis,Ribo-seq,SAMEA4939671,,ribosome-protected fragments 26-34nt,"Center for Molecular Biology (ZMBH)\, Heidelberg University",2019-03-31T17:01:56Z,2018-09-26T15:26:01Z,public,testis,"Lausanne Genomic Technologies Facility, Lausanne, Switzerland",,3,biological replicate,E-MTAB-7247:platypus_testis_ribo_3,Ornithorhynchus anatinus,E-MTAB-7247:platypus_testis_ribo_3,,yes,,,,,,,,,,,
ERR2812433,RNA-Seq,101,25456034647,PRJEB28810,SAMEA4939672,16522902720,"Lausanne Genomic Technologies Facility, Lausanne, Switzerland",public,"fastq,run.zq,sra","ena,gs,ncbi,s3","ena,gs.us-east1,ncbi.public,s3.us-east-1",ERX2819264,Illumina HiSeq 2500,SINGLE,other,TRANSCRIPTOMIC,Ornithorhynchus anatinus,ILLUMINA,2019-10-02T00:00:00Z,2019-10-04T14:29:00Z,1,SAMEA4939672,ERP111066,platypus_testis_rna_1_s,,,male,,,,,,,,ArrayExpress,platypus,2019-10-01,2019-03-31T17:01:56Z,2018-11-16,2018-09-26T15:26:01Z,Ornithorhynchus anatinus,testis,RNA-seq,SAMEA4939672,,rRNA-depleted total RNA,"Center for Molecular Biology (ZMBH)\, Heidelberg University",2019-03-31T17:01:56Z,2018-09-26T15:26:01Z,public,testis,"Lausanne Genomic Technologies Facility, Lausanne, Switzerland",,1,biological replicate,E-MTAB-7247:platypus_testis_rna_1,Ornithorhynchus anatinus,E-MTAB-7247:platypus_testis_rna_1,,yes,,,,,,,,,,,
ERR2812434,RNA-Seq,60,4708402780,PRJEB28810,SAMEA4939673,3707928714,"Lausanne Genomic Technologies Facility, Lausanne, Switzerland",public,"fastq,run.zq,sra","ena,gs,ncbi,s3","ena,gs.us-east1,ncbi.public,s3.us-east-1",ERX2819265,Illumina HiSeq 2500,SINGLE,other,TRANSCRIPTOMIC,Ornithorhynchus anatinus,ILLUMINA,2019-10-02T00:00:00Z,2019-10-04T13:33:00Z,1,SAMEA4939673,ERP111066,platypus_testis_rna_2_s,,,male,,,,,,,,ArrayExpress,platypus,2019-10-01,2019-03-31T17:01:56Z,2018-11-16,2018-09-26T15:26:01Z,Ornithorhynchus anatinus,testis,RNA-seq,SAMEA4939673,,rRNA-depleted total RNA,"Center for Molecular Biology (ZMBH)\, Heidelberg University",2019-03-31T17:01:56Z,2018-09-26T15:26:01Z,public,testis,"Lausanne Genomic Technologies Facility, Lausanne, Switzerland",,2,biological replicate,E-MTAB-7247:platypus_testis_rna_2,Ornithorhynchus anatinus,E-MTAB-7247:platypus_testis_rna_2,,yes,,,,,,,,,,,
ERR2812435,RNA-Seq,51,5624214465,PRJEB28810,SAMEA4939674,4914830182,"Lausanne Genomic Technologies Facility, Lausanne, Switzerland",public,"fastq,run.zq,sra","ena,gs,ncbi,s3","ena,gs.us-east1,ncbi.public,s3.us-east-1",ERX2819266,Illumina HiSeq 2500,SINGLE,other,TRANSCRIPTOMIC,Ornithorhynchus anatinus,ILLUMINA,2019-10-02T00:00:00Z,2019-10-04T13:38:00Z,1,SAMEA4939674,ERP111066,platypus_testis_rna_3_s,,,male,,,,,,,,ArrayExpress,platypus,2019-10-01,2019-03-31T17:01:56Z,2018-11-16,2018-09-26T15:26:01Z,Ornithorhynchus anatinus,testis,RNA-seq,SAMEA4939674,,rRNA-depleted total RNA,"Center for Molecular Biology (ZMBH)\, Heidelberg University",2019-03-31T17:01:56Z,2018-09-26T15:26:01Z,public,testis,"Lausanne Genomic Technologies Facility, Lausanne, Switzerland",,3,biological replicate,E-MTAB-7247:platypus_testis_rna_3,Ornithorhynchus anatinus,E-MTAB-7247:platypus_testis_rna_3,,yes,,,,,,,,,,,
SRR069023,OTHER,35,44976610,PRJNA107829,SAMN00115779,36390637,GEO,public,"fastq,run.zq,sra","gs,ncbi,s3","gs.us-east1,ncbi.public,s3.us-east-1",SRX028596,Illumina Genome Analyzer,SINGLE,other,TRANSCRIPTOMIC,Ornithorhynchus anatinus,ILLUMINA,2010-10-14T00:00:00Z,2014-05-28T08:29:00Z,2,GSM266831,SRP003805,GSM266831: Platypus testis 18-24 nt,GSM266831,Adult testis,,,,,testis,,,,,,,,,,,,,,,,,,,,,,,,,,,,,,,,,,,,,,,,
SRR069024,OTHER,35,26814935,PRJNA107829,SAMN00115780,23191476,GEO,public,"fastq,run.zq,sra","gs,ncbi,s3","gs.us-east1,ncbi.public,s3.us-east-1",SRX028597,Illumina Genome Analyzer,SINGLE,other,TRANSCRIPTOMIC,Ornithorhynchus anatinus,ILLUMINA,2010-10-14T00:00:00Z,2014-05-28T08:29:00Z,2,GSM266832,SRP003805,GSM266832: Platypus testis 25-33 nt,GSM266832,Adult testis,,,,,testis,,,,,,,,,,,,,,,,,,,,,,,,,,,,,,,,,,,,,,,,
SRR000910,FL-cDNA,268,2406842,PRJNA12885,SAMN00000115,5863250,WUGSC,public,"run.zq,sff,sra","gs,ncbi,s3","gs.us-east1,ncbi.public,s3.us-east-1",SRX000186,454 GS FLX,SINGLE,cDNA,TRANSCRIPTOMIC,Ornithorhynchus anatinus,LS454,2008-04-09T00:00:00Z,2012-01-19T15:25:00Z,3,SRA000294_sample,SRP000120,2322772156,,,,,,,,,,,,,,,,,,,,,,,,,,,,,,,,,,,,,,,,,,,400,,TCAG,,
SRR000911,FL-cDNA,266,1391619,PRJNA12885,SAMN00000115,3475109,WUGSC,public,"run.zq,sff,sra","gs,ncbi,s3","gs.us-east1,ncbi.public,s3.us-east-1",SRX000186,454 GS FLX,SINGLE,cDNA,TRANSCRIPTOMIC,Ornithorhynchus anatinus,LS454,2008-04-09T00:00:00Z,2012-01-19T15:25:00Z,3,SRA000294_sample,SRP000120,2322772156,,,,,,,,,,,,,,,,,,,,,,,,,,,,,,,,,,,,,,,,,,,400,,TCAG,,
SRR000912,FL-cDNA,259,57791691,PRJNA12885,SAMN00000115,143566750,WUGSC,public,"run.zq,sff,sra","gs,ncbi,s3","gs.us-east1,ncbi.public,s3.us-east-1",SRX000186,454 GS FLX,SINGLE,cDNA,TRANSCRIPTOMIC,Ornithorhynchus anatinus,LS454,2008-04-09T00:00:00Z,2012-01-19T15:25:00Z,3,SRA000294_sample,SRP000120,2322772156,,,,,,,,,,,,,,,,,,,,,,,,,,,,,,,,,,,,,,,,,,,400,,TCAG,,
SRR065183,EST,35,163920715,PRJNA12885,SAMN00110599,76422020,WUGSC,public,"fastq,run.zq,sra","gs,ncbi,s3","gs.us-east1,ncbi.public,s3.us-east-1",SRX026473,Illumina Genome Analyzer II,SINGLE,cDNA,TRANSCRIPTOMIC,Ornithorhynchus anatinus,ILLUMINA,2010-09-09T00:00:00Z,2014-05-27T15:42:00Z,2,64641,SRP000120,2325600180,,,,,,,,,,,,,,,,,,,,,,,,,,,,,,,,,,,,,,,,,,,,,,,
SRR065184,EST,35,165554025,PRJNA12885,SAMN00110599,77267573,WUGSC,public,"fastq,run.zq,sra","gs,ncbi,s3","gs.us-east1,ncbi.public,s3.us-east-1",SRX026473,Illumina Genome Analyzer II,SINGLE,cDNA,TRANSCRIPTOMIC,Ornithorhynchus anatinus,ILLUMINA,2010-09-09T00:00:00Z,2014-05-27T15:43:00Z,2,64641,SRP000120,2325600180,,,,,,,,,,,,,,,,,,,,,,,,,,,,,,,,,,,,,,,,,,,,,,,
SRR065185,EST,35,165500475,PRJNA12885,SAMN00110599,77333128,WUGSC,public,"fastq,run.zq,sra","gs,ncbi,s3","gs.us-east1,ncbi.public,s3.us-east-1",SRX026473,Illumina Genome Analyzer II,SINGLE,cDNA,TRANSCRIPTOMIC,Ornithorhynchus anatinus,ILLUMINA,2010-09-09T00:00:00Z,2014-05-27T15:43:00Z,2,64641,SRP000120,2325600180,,,,,,,,,,,,,,,,,,,,,,,,,,,,,,,,,,,,,,,,,,,,,,,
SRR065186,EST,35,168415065,PRJNA12885,SAMN00110599,78768801,WUGSC,public,"fastq,run.zq,sra","gs,ncbi,s3","gs.us-east1,ncbi.public,s3.us-east-1",SRX026473,Illumina Genome Analyzer II,SINGLE,cDNA,TRANSCRIPTOMIC,Ornithorhynchus anatinus,ILLUMINA,2010-09-09T00:00:00Z,2014-05-27T15:43:00Z,2,64641,SRP000120,2325600180,,,,,,,,,,,,,,,,,,,,,,,,,,,,,,,,,,,,,,,,,,,,,,,
SRR065187,EST,35,167848310,PRJNA12885,SAMN00110599,78351731,WUGSC,public,"fastq,run.zq,sra","gs,ncbi,s3","gs.us-east1,ncbi.public,s3.us-east-1",SRX026473,Illumina Genome Analyzer II,SINGLE,cDNA,TRANSCRIPTOMIC,Ornithorhynchus anatinus,ILLUMINA,2010-09-09T00:00:00Z,2014-05-27T15:43:00Z,2,64641,SRP000120,2325600180,,,,,,,,,,,,,,,,,,,,,,,,,,,,,,,,,,,,,,,,,,,,,,,
SRR065188,EST,35,168152495,PRJNA12885,SAMN00110599,80293800,WUGSC,public,"fastq,run.zq,sra","gs,ncbi,s3","gs.us-east1,ncbi.public,s3.us-east-1",SRX026473,Illumina Genome Analyzer II,SINGLE,cDNA,TRANSCRIPTOMIC,Ornithorhynchus anatinus,ILLUMINA,2010-09-09T00:00:00Z,2014-05-27T15:43:00Z,2,64641,SRP000120,2325600180,,,,,,,,,,,,,,,,,,,,,,,,,,,,,,,,,,,,,,,,,,,,,,,
SRR065189,EST,35,167369265,PRJNA12885,SAMN00110599,80145027,WUGSC,public,"fastq,run.zq,sra","gs,ncbi,s3","gs.us-east1,ncbi.public,s3.us-east-1",SRX026473,Illumina Genome Analyzer II,SINGLE,cDNA,TRANSCRIPTOMIC,Ornithorhynchus anatinus,ILLUMINA,2010-09-09T00:00:00Z,2014-05-27T15:43:00Z,2,64641,SRP000120,2325600180,,,,,,,,,,,,,,,,,,,,,,,,,,,,,,,,,,,,,,,,,,,,,,,
SRR065190,EST,35,168081445,PRJNA12885,SAMN00110599,82013492,WUGSC,public,"fastq,run.zq,sra","gs,ncbi,s3","gs.us-east1,ncbi.public,s3.us-east-1",SRX026473,Illumina Genome Analyzer II,SINGLE,cDNA,TRANSCRIPTOMIC,Ornithorhynchus anatinus,ILLUMINA,2010-09-09T00:00:00Z,2014-05-27T15:44:00Z,2,64641,SRP000120,2325600180,,,,,,,,,,,,,,,,,,,,,,,,,,,,,,,,,,,,,,,,,,,,,,,
SRR1289525,RNA-Seq,74,2427642816,PRJNA247824,SAMN02781342,1511644398,GEO,public,"fastq,sra","gs,ncbi,s3","gs.us-east1,ncbi.public,s3.us-east-1",SRX544838,Illumina Genome Analyzer II,SINGLE,cDNA,TRANSCRIPTOMIC,Ornithorhynchus anatinus,ILLUMINA,2015-07-22T00:00:00Z,2015-12-04T10:59:00Z,2,GSM1387174,SRP042024,,GSM1387174,Pregnant platypus endometrium,,,,,pregnant endometrium,,,,,,,,,,,,,,,,,,,,,,,,,,,,,,,,,,,,,,,,
SRR23268339,RNA-Seq,79,2830261505,PRJNA929280,SAMN32954943,1881135582,UNSW,public,"fastq,run.zq,sra","gs,ncbi,s3","gs.us-east1,ncbi.public,s3.us-east-1",SRX19212297,Illumina HiSeq 2000,SINGLE,cDNA,TRANSCRIPTOMIC,Ornithorhynchus anatinus,ILLUMINA,2024-07-29T00:00:00Z,2023-01-29T20:07:00Z,1,Opposum_fibroblast_female_RNA,SRP419957,MDO_FIB_RNA_F,,,female,,,,fibroblast,,,,,,,,,,,,,,,,,,,,,,,,,,,,,,,,,Model organism or animal,adult,Opossum Fibroblast Female RNA-Seq Replicate 1,,,,,
SRR23268350,RNA-Seq,79,2640774080,PRJNA929280,SAMN32954942,1672003768,UNSW,public,"fastq,run.zq,sra","gs,ncbi,s3","gs.us-east1,ncbi.public,s3.us-east-1",SRX19212286,Illumina HiSeq 2000,SINGLE,cDNA,TRANSCRIPTOMIC,Ornithorhynchus anatinus,ILLUMINA,2024-07-29T00:00:00Z,2023-01-29T20:07:00Z,1,Opossum_fibroblast_male_RNA,SRP419957,MDO_FIB_RNA_M,,,male,,,,fibroblast,,,,,,,,,,,,,,,,,,,,,,,,,,,,,,,,,Model organism or animal,adult,Opossum Fibroblast Male RNA-Seq Replicate 1,,,,,
SRR23268361,RNA-Seq,202,8498573896,PRJNA929280,SAMN32954941,5480714784,UNSW,public,"sra,fastq,run.zq","gs,ncbi,s3","gs.us-east1,ncbi.public,s3.us-east-1",SRX19212275,Illumina HiSeq 2000,PAIRED,cDNA,TRANSCRIPTOMIC,Ornithorhynchus anatinus,ILLUMINA,2024-07-29T00:00:00Z,2023-01-29T20:43:00Z,1,Platypus_fibroblast_female_RNA,SRP419957,OAN_FIB_RNA_F,,,female,,,,fibroblast,,,,,,,,,,,,,,,,,,,,,,,,,,,,,,,,,Model organism or animal,adult,Platypus Fibroblast Female RNA-Seq Replicate 1,,,,,
SRR23268362,RNA-Seq,202,5552048376,PRJNA929280,SAMN32954940,3571074142,UNSW,public,"fastq,run.zq,sra","gs,ncbi,s3","gs.us-east1,ncbi.public,s3.us-east-1",SRX19212274,Illumina HiSeq 2000,PAIRED,cDNA,TRANSCRIPTOMIC,Ornithorhynchus anatinus,ILLUMINA,2024-07-29T00:00:00Z,2023-01-29T19:59:00Z,1,Platypus_fibroblast_male_RNA,SRP419957,OAN_FIB_RNA_M,,,male,,,,fibroblast,,,,,,,,,,,,,,,,,,,,,,,,,,,,,,,,,Model organism or animal,adult,Platypus Fibroblast Male RNA-Seq Replicate 1,,,,,
