Run,AGE,Assay Type,AvgSpotLen,Bases,BioProject,BioSample,Broker_name,Bytes,Center Name,common_name,Consent,DATASTORE filetype,DATASTORE provider,DATASTORE region,Developmental_stage,ENA-FIRST-PUBLIC (run),ENA-FIRST-PUBLIC,ENA-LAST-UPDATE (run),ENA-LAST-UPDATE,Experiment,Experimental_Factor:_organism (exp),Experimental_Factor:_organism_part (exp),external_id,genotype,Individual,INSDC_center_name,INSDC_first_public,INSDC_last_update,INSDC_status,Instrument,Library Name,LibraryLayout,LibrarySelection,LibrarySource,Organism_part,Organism,Platform,ReleaseDate,create_date,version,Sample Name,Sample_name,Scientific_Name,sex,SRA Study,Submitter_Id,strain,sub_species
ERR3417899,1,RNA-Seq,300,35837698500,PRJEB33381,SAMEA5760382,ArrayExpress,10732339296,"Genomics core facility, Cancer Research UK Cambridge Institute",gray short-tailed opossum,public,"sra,fastq,run.zq","gs,ena,ncbi,s3","gs.us-east1,s3.us-east-1,ncbi.public,ena",adult,2019-09-01,2019-09-01T04:03:21Z,2019-07-06,2019-07-05T20:18:52Z,ERX3441337,Monodelphis domestica,testis,SAMEA5760382,wild type genotype,Opo17,"European Molecular Biology Laboratory\, European Bioinformatics Institute",2019-09-01T04:03:21Z,2019-07-05T20:18:52Z,public,Illumina NovaSeq 6000,do22597_p,PAIRED,Inverse rRNA,TRANSCRIPTOMIC,testis,Monodelphis domestica,ILLUMINA,2019-09-03T00:00:00Z,2022-07-18T09:33:00Z,2,SAMEA5760382,E-MTAB-8122:do22597,Monodelphis domestica,male,ERP116168,E-MTAB-8122:do22597,,
ERR3417900,10,RNA-Seq,300,43119054000,PRJEB33381,SAMEA5760383,ArrayExpress,12940465534,"Genomics core facility, Cancer Research UK Cambridge Institute",Norway rat,public,"sra,run.zq,fastq","s3,ena,ncbi,gs","gs.us-east1,ena,s3.us-east-1,ncbi.public",adult,2019-09-01,2019-09-01T04:03:21Z,2019-07-06,2019-07-05T20:18:52Z,ERX3441338,Rattus norvegicus,testis,SAMEA5760383,wild type genotype,Rat15,"European Molecular Biology Laboratory\, European Bioinformatics Institute",2019-09-01T04:03:21Z,2019-07-05T20:18:52Z,public,Illumina NovaSeq 6000,do22598_p,PAIRED,Inverse rRNA,TRANSCRIPTOMIC,testis,Rattus norvegicus,ILLUMINA,2019-09-03T00:00:00Z,2022-07-24T13:39:00Z,2,SAMEA5760383,E-MTAB-8122:do22598,Rattus norvegicus,male,ERP116168,E-MTAB-8122:do22598,Brown Norway Rat,
ERR3417901,10,RNA-Seq,300,34922042400,PRJEB33381,SAMEA5760384,ArrayExpress,10334794582,"Genomics core facility, Cancer Research UK Cambridge Institute",Norway rat,public,"fastq,run.zq,sra","ena,gs,ncbi,s3","gs.us-east1,s3.us-east-1,ncbi.public,ena",adult,2019-09-01,2019-09-01T04:03:21Z,2019-07-06,2019-07-05T20:18:52Z,ERX3441339,Rattus norvegicus,muscle,SAMEA5760384,wild type genotype,Rat14,"European Molecular Biology Laboratory\, European Bioinformatics Institute",2019-09-01T04:03:21Z,2019-07-05T20:18:52Z,public,Illumina NovaSeq 6000,do22599_p,PAIRED,Inverse rRNA,TRANSCRIPTOMIC,muscle,Rattus norvegicus,ILLUMINA,2019-09-03T00:00:00Z,2022-07-14T07:46:00Z,2,SAMEA5760384,E-MTAB-8122:do22599,Rattus norvegicus,male,ERP116168,E-MTAB-8122:do22599,Brown Norway Rat,
ERR3417902,1,RNA-Seq,300,39801578100,PRJEB33381,SAMEA5760385,ArrayExpress,11903942558,"Genomics core facility, Cancer Research UK Cambridge Institute",gray short-tailed opossum,public,"fastq,sra,run.zq","ena,gs,s3,ncbi","ncbi.public,gs.us-east1,s3.us-east-1,ena",adult,2019-09-01,2019-09-01T04:03:21Z,2019-07-06,2019-07-05T20:18:52Z,ERX3441340,Monodelphis domestica,testis,SAMEA5760385,wild type genotype,Opo23,"European Molecular Biology Laboratory\, European Bioinformatics Institute",2019-09-01T04:03:21Z,2019-07-05T20:18:52Z,public,Illumina NovaSeq 6000,do22600_p,PAIRED,Inverse rRNA,TRANSCRIPTOMIC,testis,Monodelphis domestica,ILLUMINA,2019-09-03T00:00:00Z,2021-10-26T21:10:00Z,2,SAMEA5760385,E-MTAB-8122:do22600,Monodelphis domestica,male,ERP116168,E-MTAB-8122:do22600,,
ERR3417903,10,RNA-Seq,300,20841066900,PRJEB33381,SAMEA5760386,ArrayExpress,6121216984,"Genomics core facility, Cancer Research UK Cambridge Institute",Norway rat,public,"fastq,sra,run.zq","ena,ncbi,s3,gs","gs.us-east1,s3.us-east-1,ncbi.public,ena",adult,2019-09-01,2019-09-01T04:03:21Z,2019-07-06,2019-07-05T20:18:52Z,ERX3441341,Rattus norvegicus,muscle,SAMEA5760386,wild type genotype,Rat16,"European Molecular Biology Laboratory\, European Bioinformatics Institute",2019-09-01T04:03:21Z,2019-07-05T20:18:52Z,public,Illumina NovaSeq 6000,do22601_p,PAIRED,Inverse rRNA,TRANSCRIPTOMIC,muscle,Rattus norvegicus,ILLUMINA,2019-09-03T00:00:00Z,2021-10-26T18:31:00Z,2,SAMEA5760386,E-MTAB-8122:do22601,Rattus norvegicus,male,ERP116168,E-MTAB-8122:do22601,Brown Norway Rat,
ERR3417904,2,RNA-Seq,300,56142823800,PRJEB33381,SAMEA5760387,ArrayExpress,17191113113,"Genomics core facility, Cancer Research UK Cambridge Institute",pig,public,"sra,run.zq,fastq","ncbi,s3,gs,ena","s3.us-east-1,ena,ncbi.public,gs.us-east1",adult,2019-09-01,2019-09-01T04:03:21Z,2019-07-06,2019-07-05T20:18:52Z,ERX3441342,Sus scrofa,testis,SAMEA5760387,wild type genotype,Pig5,"European Molecular Biology Laboratory\, European Bioinformatics Institute",2019-09-01T04:03:21Z,2019-07-05T20:18:52Z,public,Illumina NovaSeq 6000,do22602_p,PAIRED,Inverse rRNA,TRANSCRIPTOMIC,testis,Sus scrofa,ILLUMINA,2019-09-03T00:00:00Z,2021-10-27T02:32:00Z,2,SAMEA5760387,E-MTAB-8122:do22602,Sus scrofa,male,ERP116168,E-MTAB-8122:do22602,,
ERR3417905,9,RNA-Seq,300,45375599100,PRJEB33381,SAMEA5760388,ArrayExpress,13655847922,"Genomics core facility, Cancer Research UK Cambridge Institute",house mouse,public,"run.zq,fastq,sra","ena,s3,gs,ncbi","ena,s3.us-east-1,gs.us-east1,ncbi.public",adult,2019-09-01,2019-09-01T04:03:21Z,2019-07-06,2019-07-05T20:18:52Z,ERX3441343,Mus musculus,testis,SAMEA5760388,wild type genotype,17/3505,"European Molecular Biology Laboratory\, European Bioinformatics Institute",2019-09-01T04:03:21Z,2019-07-05T20:18:52Z,public,Illumina NovaSeq 6000,do22603_p,PAIRED,Inverse rRNA,TRANSCRIPTOMIC,testis,Mus musculus,ILLUMINA,2019-09-03T00:00:00Z,2022-07-17T15:36:00Z,2,SAMEA5760388,E-MTAB-8122:do22603,Mus musculus,male,ERP116168,E-MTAB-8122:do22603,BL6,
ERR3417906,10,RNA-Seq,300,56129258400,PRJEB33381,SAMEA5760389,ArrayExpress,16665422360,"Genomics core facility, Cancer Research UK Cambridge Institute",Norway rat,public,"sra,fastq,run.zq","ena,gs,ncbi,s3","ncbi.public,s3.us-east-1,ena,gs.us-east1",adult,2019-09-01,2019-09-01T04:03:21Z,2019-07-06,2019-07-05T20:18:52Z,ERX3441344,Rattus norvegicus,testis,SAMEA5760389,wild type genotype,Rat12,"European Molecular Biology Laboratory\, European Bioinformatics Institute",2019-09-01T04:03:21Z,2019-07-05T20:18:52Z,public,Illumina NovaSeq 6000,do22604_p,PAIRED,Inverse rRNA,TRANSCRIPTOMIC,testis,Rattus norvegicus,ILLUMINA,2019-09-03T00:00:00Z,2022-07-23T03:15:00Z,2,SAMEA5760389,E-MTAB-8122:do22604,Rattus norvegicus,male,ERP116168,E-MTAB-8122:do22604,Brown Norway Rat,
ERR3417907,1,RNA-Seq,300,27079208700,PRJEB33381,SAMEA5760390,ArrayExpress,8266875481,"Genomics core facility, Cancer Research UK Cambridge Institute",domestic cat,public,"fastq,run.zq,sra","ncbi,gs,s3,ena","ncbi.public,s3.us-east-1,gs.us-east1,ena",adult,2019-09-01,2019-09-01T04:03:21Z,2019-07-06,2019-07-05T20:18:52Z,ERX3441345,Felis catus,brain,SAMEA5760390,wild type genotype,Cat6,"European Molecular Biology Laboratory\, European Bioinformatics Institute",2019-09-01T04:03:21Z,2019-07-05T20:18:52Z,public,Illumina NovaSeq 6000,do22605_p,PAIRED,Inverse rRNA,TRANSCRIPTOMIC,brain,Felis catus,ILLUMINA,2019-09-03T00:00:00Z,2022-07-15T07:00:00Z,2,SAMEA5760390,E-MTAB-8122:do22605,Felis catus,male,ERP116168,E-MTAB-8122:do22605,,
ERR3417908,1,RNA-Seq,300,46579602000,PRJEB33381,SAMEA5760391,ArrayExpress,14121943540,"Genomics core facility, Cancer Research UK Cambridge Institute",gray short-tailed opossum,public,"run.zq,sra,fastq","gs,s3,ena,ncbi","ncbi.public,ena,s3.us-east-1,gs.us-east1",adult,2019-09-01,2019-09-01T04:03:21Z,2019-07-06,2019-07-05T20:18:52Z,ERX3441346,Monodelphis domestica,testis,SAMEA5760391,wild type genotype,Opo14,"European Molecular Biology Laboratory\, European Bioinformatics Institute",2019-09-01T04:03:21Z,2019-07-05T20:18:52Z,public,Illumina NovaSeq 6000,do22606_p,PAIRED,Inverse rRNA,TRANSCRIPTOMIC,testis,Monodelphis domestica,ILLUMINA,2019-09-03T00:00:00Z,2022-07-12T17:50:00Z,2,SAMEA5760391,E-MTAB-8122:do22606,Monodelphis domestica,male,ERP116168,E-MTAB-8122:do22606,,
ERR3417909,5,RNA-Seq,300,27707067600,PRJEB33381,SAMEA5760392,ArrayExpress,8382643830,"Genomics core facility, Cancer Research UK Cambridge Institute",rabbit,public,"sra,fastq,run.zq","gs,s3,ena,ncbi","s3.us-east-1,gs.us-east1,ncbi.public,ena",adult,2019-09-01,2019-09-01T04:03:21Z,2019-07-05,2019-07-05T20:18:52Z,ERX3441347,Oryctolagus cuniculus,brain,SAMEA5760392,wild type genotype,Rabbit9,"European Molecular Biology Laboratory\, European Bioinformatics Institute",2019-09-01T04:03:21Z,2019-07-05T20:18:52Z,public,Illumina NovaSeq 6000,do22607_p,PAIRED,Inverse rRNA,TRANSCRIPTOMIC,brain,Oryctolagus cuniculus,ILLUMINA,2019-09-03T00:00:00Z,2022-07-22T01:55:00Z,2,SAMEA5760392,E-MTAB-8122:do22607,Oryctolagus cuniculus,male,ERP116168,E-MTAB-8122:do22607,,
ERR3417910,10,RNA-Seq,300,21967618200,PRJEB33381,SAMEA5760393,ArrayExpress,6673935841,"Genomics core facility, Cancer Research UK Cambridge Institute",Norway rat,public,"fastq,run.zq,sra","ncbi,ena,gs,s3","ena,gs.us-east1,s3.us-east-1,ncbi.public",adult,2019-09-01,2019-09-01T04:03:21Z,2019-07-06,2019-07-05T20:18:52Z,ERX3441348,Rattus norvegicus,brain,SAMEA5760393,wild type genotype,Rat16,"European Molecular Biology Laboratory\, European Bioinformatics Institute",2019-09-01T04:03:21Z,2019-07-05T20:18:52Z,public,Illumina NovaSeq 6000,do22608_p,PAIRED,Inverse rRNA,TRANSCRIPTOMIC,brain,Rattus norvegicus,ILLUMINA,2019-09-03T00:00:00Z,2022-07-19T02:28:00Z,2,SAMEA5760393,E-MTAB-8122:do22608,Rattus norvegicus,male,ERP116168,E-MTAB-8122:do22608,Brown Norway Rat,
ERR3417911,2.5,RNA-Seq,300,125697840300,PRJEB33381,SAMEA5760394,ArrayExpress,36846221066,"Genomics core facility, Cancer Research UK Cambridge Institute",horse,public,"sra,run.zq,fastq","ncbi,s3,gs,ena","ncbi.public,ena,gs.us-east1,s3.us-east-1",adult,2019-09-01,2019-09-01T04:03:21Z,2019-07-06,2019-07-05T20:18:52Z,ERX3441349,Equus caballus,testis,SAMEA5760394,wild type genotype,Horse3,"European Molecular Biology Laboratory\, European Bioinformatics Institute",2019-09-01T04:03:21Z,2019-07-05T20:18:52Z,public,Illumina NovaSeq 6000,do22609_p,PAIRED,Inverse rRNA,TRANSCRIPTOMIC,testis,Equus caballus,ILLUMINA,2019-09-03T00:00:00Z,2021-10-27T00:53:00Z,2,SAMEA5760394,E-MTAB-8122:do22609,Equus caballus,male,ERP116168,E-MTAB-8122:do22609,Welsh mountain pony,
ERR3417912,9,RNA-Seq,300,15936034500,PRJEB33381,SAMEA5760395,ArrayExpress,4689333071,"Genomics core facility, Cancer Research UK Cambridge Institute",house mouse,public,"run.zq,fastq,sra","ncbi,gs,ena,s3","ncbi.public,s3.us-east-1,gs.us-east1,ena",adult,2019-09-01,2019-09-01T04:03:21Z,2019-07-05,2019-07-05T20:18:52Z,ERX3441350,Mus musculus,muscle,SAMEA5760395,wild type genotype,17/3511,"European Molecular Biology Laboratory\, European Bioinformatics Institute",2019-09-01T04:03:21Z,2019-07-05T20:18:52Z,public,Illumina NovaSeq 6000,do22610_p,PAIRED,Inverse rRNA,TRANSCRIPTOMIC,muscle,Mus musculus,ILLUMINA,2019-09-03T00:00:00Z,2022-07-24T10:57:00Z,2,SAMEA5760395,E-MTAB-8122:do22610,Mus musculus,male,ERP116168,E-MTAB-8122:do22610,BL6,
ERR3417914,1.5,RNA-Seq,300,22626135000,PRJEB33381,SAMEA5760397,ArrayExpress,6623085477,"Genomics core facility, Cancer Research UK Cambridge Institute",white-tufted-ear marmoset,public,"run.zq,fastq,sra","ncbi,gs,ena,s3","ncbi.public,ena,s3.us-east-1,gs.us-east1",adult,2019-09-01,2019-09-01T04:03:21Z,2019-07-05,2019-07-05T20:18:52Z,ERX3441352,Callithrix jacchus,muscle,SAMEA5760397,wild type genotype,Marmo11,"European Molecular Biology Laboratory\, European Bioinformatics Institute",2019-09-01T04:03:21Z,2019-07-05T20:18:52Z,public,Illumina NovaSeq 6000,do22613_p,PAIRED,Inverse rRNA,TRANSCRIPTOMIC,muscle,Callithrix jacchus,ILLUMINA,2019-09-03T00:00:00Z,2022-07-21T18:06:00Z,2,SAMEA5760397,E-MTAB-8122:do22613,Callithrix jacchus,male,ERP116168,E-MTAB-8122:do22613,,
ERR3417915,1.5,RNA-Seq,300,17604925500,PRJEB33381,SAMEA5760398,ArrayExpress,5264188713,"Genomics core facility, Cancer Research UK Cambridge Institute",white-tufted-ear marmoset,public,"sra,fastq,run.zq","gs,ncbi,ena,s3","ena,gs.us-east1,ncbi.public,s3.us-east-1",adult,2019-09-01,2019-09-01T04:03:21Z,2019-07-05,2019-07-05T20:18:52Z,ERX3441353,Callithrix jacchus,brain,SAMEA5760398,wild type genotype,Marmo11,"European Molecular Biology Laboratory\, European Bioinformatics Institute",2019-09-01T04:03:21Z,2019-07-05T20:18:52Z,public,Illumina NovaSeq 6000,do22615_p,PAIRED,Inverse rRNA,TRANSCRIPTOMIC,brain,Callithrix jacchus,ILLUMINA,2019-09-03T00:00:00Z,2021-10-26T18:22:00Z,2,SAMEA5760398,E-MTAB-8122:do22615,Callithrix jacchus,male,ERP116168,E-MTAB-8122:do22615,,
ERR3417916,2,RNA-Seq,300,50289369600,PRJEB33381,SAMEA5760399,ArrayExpress,14926679994,"Genomics core facility, Cancer Research UK Cambridge Institute",pig,public,"fastq,sra,run.zq","gs,ena,s3,ncbi","ena,ncbi.public,s3.us-east-1,gs.us-east1",adult,2019-09-01,2019-09-01T04:03:21Z,2019-07-06,2019-07-05T20:18:52Z,ERX3441354,Sus scrofa,brain,SAMEA5760399,wild type genotype,Pig6,"European Molecular Biology Laboratory\, European Bioinformatics Institute",2019-09-01T04:03:21Z,2019-07-05T20:18:52Z,public,Illumina NovaSeq 6000,do22616_p,PAIRED,Inverse rRNA,TRANSCRIPTOMIC,brain,Sus scrofa,ILLUMINA,2019-09-03T00:00:00Z,2022-07-24T12:05:00Z,2,SAMEA5760399,E-MTAB-8122:do22616,Sus scrofa,male,ERP116168,E-MTAB-8122:do22616,,
ERR3417917,10,RNA-Seq,300,39799662300,PRJEB33381,SAMEA5760400,ArrayExpress,11815972455,"Genomics core facility, Cancer Research UK Cambridge Institute",Norway rat,public,"fastq,sra,run.zq","ncbi,s3,ena,gs","ncbi.public,gs.us-east1,ena,s3.us-east-1",adult,2019-09-01,2019-09-01T04:03:21Z,2019-07-06,2019-07-05T20:18:52Z,ERX3441355,Rattus norvegicus,liver,SAMEA5760400,wild type genotype,Rat11,"European Molecular Biology Laboratory\, European Bioinformatics Institute",2019-09-01T04:03:21Z,2019-07-05T20:18:52Z,public,Illumina NovaSeq 6000,do22617_p,PAIRED,Inverse rRNA,TRANSCRIPTOMIC,liver,Rattus norvegicus,ILLUMINA,2019-09-03T00:00:00Z,2022-07-24T12:28:00Z,2,SAMEA5760400,E-MTAB-8122:do22617,Rattus norvegicus,male,ERP116168,E-MTAB-8122:do22617,Brown Norway Rat,
ERR3417918,2,RNA-Seq,300,21449542200,PRJEB33381,SAMEA5760401,ArrayExpress,6376972200,"Genomics core facility, Cancer Research UK Cambridge Institute",pig,public,"run.zq,sra,fastq","ncbi,s3,ena,gs","ncbi.public,ena,gs.us-east1,s3.us-east-1",adult,2019-09-01,2019-09-01T04:03:21Z,2019-07-05,2019-07-05T20:18:52Z,ERX3441356,Sus scrofa,liver,SAMEA5760401,wild type genotype,Pig5,"European Molecular Biology Laboratory\, European Bioinformatics Institute",2019-09-01T04:03:21Z,2019-07-05T20:18:52Z,public,Illumina NovaSeq 6000,do22620_p,PAIRED,Inverse rRNA,TRANSCRIPTOMIC,liver,Sus scrofa,ILLUMINA,2019-09-03T00:00:00Z,2022-07-24T11:46:00Z,2,SAMEA5760401,E-MTAB-8122:do22620,Sus scrofa,male,ERP116168,E-MTAB-8122:do22620,,
ERR3417919,1,RNA-Seq,300,25598250600,PRJEB33381,SAMEA5760402,ArrayExpress,7473964089,"Genomics core facility, Cancer Research UK Cambridge Institute",rabbit,public,"fastq,sra,run.zq","gs,ena,s3,ncbi","gs.us-east1,s3.us-east-1,ena,ncbi.public",adult,2019-09-01,2019-09-01T04:03:21Z,2019-07-05,2019-07-05T20:18:52Z,ERX3441357,Oryctolagus cuniculus,liver,SAMEA5760402,wild type genotype,Rabbit4,"European Molecular Biology Laboratory\, European Bioinformatics Institute",2019-09-01T04:03:21Z,2019-07-05T20:18:52Z,public,Illumina NovaSeq 6000,do22621_p,PAIRED,Inverse rRNA,TRANSCRIPTOMIC,liver,Oryctolagus cuniculus,ILLUMINA,2019-09-03T00:00:00Z,2022-07-24T11:40:00Z,2,SAMEA5760402,E-MTAB-8122:do22621,Oryctolagus cuniculus,male,ERP116168,E-MTAB-8122:do22621,,
ERR3417920,1,RNA-Seq,300,23598272400,PRJEB33381,SAMEA5760403,ArrayExpress,7004397336,"Genomics core facility, Cancer Research UK Cambridge Institute",gray short-tailed opossum,public,"fastq,sra,run.zq","ncbi,ena,s3,gs","ncbi.public,ena,gs.us-east1,s3.us-east-1",adult,2019-09-01,2019-09-01T04:03:21Z,2019-07-06,2019-07-05T20:18:53Z,ERX3441358,Monodelphis domestica,liver,SAMEA5760403,wild type genotype,Opo15,"European Molecular Biology Laboratory\, European Bioinformatics Institute",2019-09-01T04:03:21Z,2019-07-05T20:18:53Z,public,Illumina NovaSeq 6000,do22622_p,PAIRED,Inverse rRNA,TRANSCRIPTOMIC,liver,Monodelphis domestica,ILLUMINA,2019-09-03T00:00:00Z,2022-07-18T23:31:00Z,2,SAMEA5760403,E-MTAB-8122:do22622,Monodelphis domestica,male,ERP116168,E-MTAB-8122:do22622,,
ERR3417921,9,RNA-Seq,300,15093792600,PRJEB33381,SAMEA5760404,ArrayExpress,4451951674,"Genomics core facility, Cancer Research UK Cambridge Institute",house mouse,public,"fastq,run.zq,sra","ncbi,s3,ena,gs","ncbi.public,s3.us-east-1,ena,gs.us-east1",adult,2019-09-01,2019-09-01T04:03:21Z,2019-07-06,2019-07-05T20:18:53Z,ERX3441359,Mus musculus,brain,SAMEA5760404,wild type genotype,17/3506,"European Molecular Biology Laboratory\, European Bioinformatics Institute",2019-09-01T04:03:21Z,2019-07-05T20:18:53Z,public,Illumina NovaSeq 6000,do22623_p,PAIRED,Inverse rRNA,TRANSCRIPTOMIC,brain,Mus musculus,ILLUMINA,2019-09-03T00:00:00Z,2022-07-14T13:27:00Z,2,SAMEA5760404,E-MTAB-8122:do22623,Mus musculus,male,ERP116168,E-MTAB-8122:do22623,BL6,
ERR3417922,1,RNA-Seq,300,18880293000,PRJEB33381,SAMEA5760405,ArrayExpress,5550727346,"Genomics core facility, Cancer Research UK Cambridge Institute",gray short-tailed opossum,public,"fastq,sra,run.zq","s3,ncbi,ena,gs","ncbi.public,s3.us-east-1,gs.us-east1,ena",adult,2019-09-01,2019-09-01T04:03:21Z,2019-07-05,2019-07-05T20:18:53Z,ERX3441360,Monodelphis domestica,liver,SAMEA5760405,wild type genotype,Opo17,"European Molecular Biology Laboratory\, European Bioinformatics Institute",2019-09-01T04:03:21Z,2019-07-05T20:18:53Z,public,Illumina NovaSeq 6000,do22624_p,PAIRED,Inverse rRNA,TRANSCRIPTOMIC,liver,Monodelphis domestica,ILLUMINA,2019-09-03T00:00:00Z,2022-07-18T17:34:00Z,2,SAMEA5760405,E-MTAB-8122:do22624,Monodelphis domestica,male,ERP116168,E-MTAB-8122:do22624,,
ERR3417923,1,RNA-Seq,300,23691249300,PRJEB33381,SAMEA5760406,ArrayExpress,6984495603,"Genomics core facility, Cancer Research UK Cambridge Institute",domestic cat,public,"fastq,sra,run.zq","ena,ncbi,s3,gs","ncbi.public,s3.us-east-1,ena,gs.us-east1",adult,2019-09-01,2019-09-01T04:03:21Z,2019-07-06,2019-07-05T20:18:53Z,ERX3441361,Felis catus,muscle,SAMEA5760406,wild type genotype,Cat3,"European Molecular Biology Laboratory\, European Bioinformatics Institute",2019-09-01T04:03:21Z,2019-07-05T20:18:53Z,public,Illumina NovaSeq 6000,do22626_p,PAIRED,Inverse rRNA,TRANSCRIPTOMIC,muscle,Felis catus,ILLUMINA,2019-09-03T00:00:00Z,2022-07-25T12:42:00Z,2,SAMEA5760406,E-MTAB-8122:do22626,Felis catus,male,ERP116168,E-MTAB-8122:do22626,,
ERR3417924,2,RNA-Seq,300,24335682600,PRJEB33381,SAMEA5760407,ArrayExpress,7230290545,"Genomics core facility, Cancer Research UK Cambridge Institute",pig,public,"fastq,run.zq,sra","ena,gs,s3,ncbi","s3.us-east-1,ncbi.public,ena,gs.us-east1",adult,2019-09-01,2019-09-01T04:03:21Z,2019-07-06,2019-07-05T20:18:53Z,ERX3441362,Sus scrofa,liver,SAMEA5760407,wild type genotype,Pig4,"European Molecular Biology Laboratory\, European Bioinformatics Institute",2019-09-01T04:03:21Z,2019-07-05T20:18:53Z,public,Illumina NovaSeq 6000,do22627_p,PAIRED,Inverse rRNA,TRANSCRIPTOMIC,liver,Sus scrofa,ILLUMINA,2019-09-03T00:00:00Z,2022-07-14T07:37:00Z,2,SAMEA5760407,E-MTAB-8122:do22627,Sus scrofa,male,ERP116168,E-MTAB-8122:do22627,,
ERR3417925,1,RNA-Seq,300,22578489600,PRJEB33381,SAMEA5760408,ArrayExpress,6751327744,"Genomics core facility, Cancer Research UK Cambridge Institute",domestic cat,public,"fastq,run.zq,sra","ncbi,ena,s3,gs","ncbi.public,s3.us-east-1,ena,gs.us-east1",adult,2019-09-01,2019-09-01T04:03:21Z,2019-07-06,2019-07-05T20:18:53Z,ERX3441363,Felis catus,brain,SAMEA5760408,wild type genotype,Cat4,"European Molecular Biology Laboratory\, European Bioinformatics Institute",2019-09-01T04:03:21Z,2019-07-05T20:18:53Z,public,Illumina NovaSeq 6000,do22629_p,PAIRED,Inverse rRNA,TRANSCRIPTOMIC,brain,Felis catus,ILLUMINA,2019-09-03T00:00:00Z,2022-07-17T13:50:00Z,2,SAMEA5760408,E-MTAB-8122:do22629,Felis catus,male,ERP116168,E-MTAB-8122:do22629,,
ERR3417926,2.5,RNA-Seq,300,45568056300,PRJEB33381,SAMEA5760409,ArrayExpress,13512958942,"Genomics core facility, Cancer Research UK Cambridge Institute",domestic cat,public,"sra,fastq,run.zq","gs,ncbi,s3,ena","gs.us-east1,ncbi.public,s3.us-east-1,ena",adult,2019-09-01,2019-09-01T04:03:21Z,2019-07-06,2019-07-05T20:18:53Z,ERX3441364,Felis catus,testis,SAMEA5760409,wild type genotype,Cat5,"European Molecular Biology Laboratory\, European Bioinformatics Institute",2019-09-01T04:03:21Z,2019-07-05T20:18:53Z,public,Illumina NovaSeq 6000,do22630_p,PAIRED,Inverse rRNA,TRANSCRIPTOMIC,testis,Felis catus,ILLUMINA,2019-09-03T00:00:00Z,2022-07-24T13:11:00Z,2,SAMEA5760409,E-MTAB-8122:do22630,Felis catus,male,ERP116168,E-MTAB-8122:do22630,,
ERR3417927,1,RNA-Seq,300,55682806800,PRJEB33381,SAMEA5760410,ArrayExpress,16355381873,"Genomics core facility, Cancer Research UK Cambridge Institute",domestic cat,public,"run.zq,fastq,sra","ena,ncbi,s3,gs","ncbi.public,ena,gs.us-east1,s3.us-east-1",adult,2019-09-01,2019-09-01T04:03:21Z,2019-07-06,2019-07-05T20:18:53Z,ERX3441365,Felis catus,liver,SAMEA5760410,wild type genotype,Cat6,"European Molecular Biology Laboratory\, European Bioinformatics Institute",2019-09-01T04:03:21Z,2019-07-05T20:18:53Z,public,Illumina NovaSeq 6000,do22631_p,PAIRED,Inverse rRNA,TRANSCRIPTOMIC,liver,Felis catus,ILLUMINA,2019-09-03T00:00:00Z,2022-07-13T15:11:00Z,2,SAMEA5760410,E-MTAB-8122:do22631,Felis catus,male,ERP116168,E-MTAB-8122:do22631,,
ERR3417928,1,RNA-Seq,300,50067875100,PRJEB33381,SAMEA5760411,ArrayExpress,14783484146,"Genomics core facility, Cancer Research UK Cambridge Institute",domestic cat,public,"sra,run.zq,fastq","gs,ncbi,s3,ena","s3.us-east-1,ena,ncbi.public,gs.us-east1",adult,2019-09-01,2019-09-01T04:03:21Z,2019-07-06,2019-07-05T20:18:53Z,ERX3441366,Felis catus,liver,SAMEA5760411,wild type genotype,Cat4,"European Molecular Biology Laboratory\, European Bioinformatics Institute",2019-09-01T04:03:21Z,2019-07-05T20:18:53Z,public,Illumina NovaSeq 6000,do22632_p,PAIRED,Inverse rRNA,TRANSCRIPTOMIC,liver,Felis catus,ILLUMINA,2019-09-03T00:00:00Z,2022-07-24T12:15:00Z,2,SAMEA5760411,E-MTAB-8122:do22632,Felis catus,male,ERP116168,E-MTAB-8122:do22632,,
ERR3417929,1,RNA-Seq,300,21489825300,PRJEB33381,SAMEA5760412,ArrayExpress,6337936688,"Genomics core facility, Cancer Research UK Cambridge Institute",dog,public,"run.zq,sra,fastq","s3,gs,ncbi,ena","s3.us-east-1,ncbi.public,gs.us-east1,ena",adult,2019-09-01,2019-09-01T04:03:21Z,2019-07-06,2019-07-05T20:18:53Z,ERX3441367,Canis lupus familiaris,muscle,SAMEA5760412,wild type genotype,Dog7,"European Molecular Biology Laboratory\, European Bioinformatics Institute",2019-09-01T04:03:21Z,2019-07-05T20:18:53Z,public,Illumina NovaSeq 6000,do22633_p,PAIRED,Inverse rRNA,TRANSCRIPTOMIC,muscle,Canis lupus familiaris,ILLUMINA,2019-09-03T00:00:00Z,2022-07-21T13:27:00Z,2,SAMEA5760412,E-MTAB-8122:do22633,Canis lupus familiaris,male,ERP116168,E-MTAB-8122:do22633,Beagle,familiaris
ERR3417930,not available,RNA-Seq,300,44418818400,PRJEB33381,SAMEA5760413,ArrayExpress,13140563945,"Genomics core facility, Cancer Research UK Cambridge Institute",white-tufted-ear marmoset,public,"fastq,sra,run.zq","gs,s3,ncbi,ena","ena,ncbi.public,gs.us-east1,s3.us-east-1",adult,2019-09-01,2019-09-01T04:03:21Z,2019-07-06,2019-07-05T20:18:53Z,ERX3441368,Callithrix jacchus,testis,SAMEA5760413,wild type genotype,Marmo06,"European Molecular Biology Laboratory\, European Bioinformatics Institute",2019-09-01T04:03:21Z,2019-07-05T20:18:53Z,public,Illumina NovaSeq 6000,do22636_p,PAIRED,Inverse rRNA,TRANSCRIPTOMIC,testis,Callithrix jacchus,ILLUMINA,2019-09-03T00:00:00Z,2022-07-14T17:18:00Z,2,SAMEA5760413,E-MTAB-8122:do22636,Callithrix jacchus,male,ERP116168,E-MTAB-8122:do22636,,
ERR3417931,1,RNA-Seq,300,47042159100,PRJEB33381,SAMEA5760414,ArrayExpress,13987695850,"Genomics core facility, Cancer Research UK Cambridge Institute",domestic cat,public,"sra,run.zq,fastq","s3,ena,ncbi,gs","ncbi.public,ena,s3.us-east-1,gs.us-east1",adult,2019-09-01,2019-09-01T04:03:21Z,2019-07-06,2019-07-05T20:18:53Z,ERX3441369,Felis catus,testis,SAMEA5760414,wild type genotype,Cat4,"European Molecular Biology Laboratory\, European Bioinformatics Institute",2019-09-01T04:03:21Z,2019-07-05T20:18:53Z,public,Illumina NovaSeq 6000,do22637_p,PAIRED,Inverse rRNA,TRANSCRIPTOMIC,testis,Felis catus,ILLUMINA,2019-09-03T00:00:00Z,2022-07-21T16:30:00Z,2,SAMEA5760414,E-MTAB-8122:do22637,Felis catus,male,ERP116168,E-MTAB-8122:do22637,,
ERR3417932,1,RNA-Seq,300,24223799400,PRJEB33381,SAMEA5760415,ArrayExpress,7208129820,"Genomics core facility, Cancer Research UK Cambridge Institute",domestic cat,public,"run.zq,fastq,sra","s3,ncbi,ena,gs","s3.us-east-1,ncbi.public,ena,gs.us-east1",adult,2019-09-01,2019-09-01T04:03:21Z,2019-07-05,2019-07-05T20:18:53Z,ERX3441370,Felis catus,muscle,SAMEA5760415,wild type genotype,Cat4,"European Molecular Biology Laboratory\, European Bioinformatics Institute",2019-09-01T04:03:21Z,2019-07-05T20:18:53Z,public,Illumina NovaSeq 6000,do22638_p,PAIRED,Inverse rRNA,TRANSCRIPTOMIC,muscle,Felis catus,ILLUMINA,2019-09-03T00:00:00Z,2022-07-24T11:32:00Z,2,SAMEA5760415,E-MTAB-8122:do22638,Felis catus,male,ERP116168,E-MTAB-8122:do22638,,
ERR3417933,1,RNA-Seq,300,43191240900,PRJEB33381,SAMEA5760416,ArrayExpress,12887835642,"Genomics core facility, Cancer Research UK Cambridge Institute",domestic cat,public,"run.zq,sra,fastq","ena,gs,ncbi,s3","s3.us-east-1,gs.us-east1,ena,ncbi.public",adult,2019-09-01,2019-09-01T04:03:21Z,2019-07-06,2019-07-05T20:18:53Z,ERX3441371,Felis catus,testis,SAMEA5760416,wild type genotype,Cat6,"European Molecular Biology Laboratory\, European Bioinformatics Institute",2019-09-01T04:03:21Z,2019-07-05T20:18:53Z,public,Illumina NovaSeq 6000,do22639_p,PAIRED,Inverse rRNA,TRANSCRIPTOMIC,testis,Felis catus,ILLUMINA,2019-09-03T00:00:00Z,2021-10-26T21:16:00Z,2,SAMEA5760416,E-MTAB-8122:do22639,Felis catus,male,ERP116168,E-MTAB-8122:do22639,,
ERR3417934,1,RNA-Seq,300,30931669800,PRJEB33381,SAMEA5760417,ArrayExpress,9124166805,"Genomics core facility, Cancer Research UK Cambridge Institute",domestic cat,public,"fastq,sra,run.zq","ena,s3,gs,ncbi","gs.us-east1,ena,ncbi.public,s3.us-east-1",adult,2019-09-01,2019-09-01T04:03:21Z,2019-07-06,2019-07-05T20:18:53Z,ERX3441372,Felis catus,liver,SAMEA5760417,wild type genotype,Cat3,"European Molecular Biology Laboratory\, European Bioinformatics Institute",2019-09-01T04:03:21Z,2019-07-05T20:18:53Z,public,Illumina NovaSeq 6000,do22640_p,PAIRED,Inverse rRNA,TRANSCRIPTOMIC,liver,Felis catus,ILLUMINA,2019-09-03T00:00:00Z,2022-07-24T11:43:00Z,2,SAMEA5760417,E-MTAB-8122:do22640,Felis catus,male,ERP116168,E-MTAB-8122:do22640,,
ERR3417935,2,RNA-Seq,300,22691438400,PRJEB33381,SAMEA5760419,ArrayExpress,6782326958,"Genomics core facility, Cancer Research UK Cambridge Institute",pig,public,"run.zq,sra,fastq","s3,ncbi,gs,ena","gs.us-east1,ena,ncbi.public,s3.us-east-1",adult,2019-09-01,2019-09-01T04:03:21Z,2019-07-05,2019-07-05T20:18:53Z,ERX3441373,Sus scrofa,muscle,SAMEA5760419,wild type genotype,Pig6,"European Molecular Biology Laboratory\, European Bioinformatics Institute",2019-09-01T04:03:21Z,2019-07-05T20:18:53Z,public,Illumina NovaSeq 6000,do22641_p,PAIRED,Inverse rRNA,TRANSCRIPTOMIC,muscle,Sus scrofa,ILLUMINA,2019-09-03T00:00:00Z,2022-07-24T11:21:00Z,2,SAMEA5760419,E-MTAB-8122:do22641,Sus scrofa,male,ERP116168,E-MTAB-8122:do22641,,
ERR3417936,2.5,RNA-Seq,300,24103070700,PRJEB33381,SAMEA5760420,ArrayExpress,7087733069,"Genomics core facility, Cancer Research UK Cambridge Institute",dog,public,"fastq,run.zq,sra","s3,ena,ncbi,gs","s3.us-east-1,ncbi.public,gs.us-east1,ena",adult,2019-09-01,2019-09-01T04:03:21Z,2019-07-06,2019-07-05T20:18:53Z,ERX3441374,Canis lupus familiaris,muscle,SAMEA5760420,wild type genotype,Dog5,"European Molecular Biology Laboratory\, European Bioinformatics Institute",2019-09-01T04:03:21Z,2019-07-05T20:18:53Z,public,Illumina NovaSeq 6000,do22643_p,PAIRED,Inverse rRNA,TRANSCRIPTOMIC,muscle,Canis lupus familiaris,ILLUMINA,2019-09-03T00:00:00Z,2022-07-20T12:26:00Z,2,SAMEA5760420,E-MTAB-8122:do22643,Canis lupus familiaris,male,ERP116168,E-MTAB-8122:do22643,Beagle,familiaris
ERR3417937,2,RNA-Seq,300,24484299300,PRJEB33381,SAMEA5760421,ArrayExpress,7293399589,"Genomics core facility, Cancer Research UK Cambridge Institute",pig,public,"run.zq,sra,fastq","gs,ena,s3,ncbi","s3.us-east-1,ena,ncbi.public,gs.us-east1",adult,2019-09-01,2019-09-01T04:03:21Z,2019-07-06,2019-07-05T20:18:53Z,ERX3441375,Sus scrofa,liver,SAMEA5760421,wild type genotype,Pig6,"European Molecular Biology Laboratory\, European Bioinformatics Institute",2019-09-01T04:03:21Z,2019-07-05T20:18:53Z,public,Illumina NovaSeq 6000,do22644_p,PAIRED,Inverse rRNA,TRANSCRIPTOMIC,liver,Sus scrofa,ILLUMINA,2019-09-03T00:00:00Z,2022-07-24T11:50:00Z,2,SAMEA5760421,E-MTAB-8122:do22644,Sus scrofa,male,ERP116168,E-MTAB-8122:do22644,,
ERR3417938,9.5,RNA-Seq,300,73702433700,PRJEB33381,SAMEA5760422,ArrayExpress,22059586127,"Genomics core facility, Cancer Research UK Cambridge Institute",white-tufted-ear marmoset,public,"run.zq,sra,fastq","ena,ncbi,gs,s3","s3.us-east-1,ena,gs.us-east1,ncbi.public",adult,2019-09-01,2019-09-01T04:03:21Z,2019-07-06,2019-07-05T20:18:53Z,ERX3441376,Callithrix jacchus,liver,SAMEA5760422,wild type genotype,Marmo09,"European Molecular Biology Laboratory\, European Bioinformatics Institute",2019-09-01T04:03:21Z,2019-07-05T20:18:53Z,public,Illumina NovaSeq 6000,do22645_p,PAIRED,Inverse rRNA,TRANSCRIPTOMIC,liver,Callithrix jacchus,ILLUMINA,2019-09-03T00:00:00Z,2022-07-22T15:06:00Z,2,SAMEA5760422,E-MTAB-8122:do22645,Callithrix jacchus,female,ERP116168,E-MTAB-8122:do22645,,
ERR3417939,1,RNA-Seq,300,30888111000,PRJEB33381,SAMEA5760423,ArrayExpress,9476009881,"Genomics core facility, Cancer Research UK Cambridge Institute",gray short-tailed opossum,public,"run.zq,fastq,sra","ena,ncbi,s3,gs","ena,ncbi.public,gs.us-east1,s3.us-east-1",adult,2019-09-01,2019-09-01T04:03:21Z,2019-07-06,2019-07-05T20:18:53Z,ERX3441377,Monodelphis domestica,muscle,SAMEA5760423,wild type genotype,Opo15,"European Molecular Biology Laboratory\, European Bioinformatics Institute",2019-09-01T04:03:21Z,2019-07-05T20:18:53Z,public,Illumina NovaSeq 6000,do22646_p,PAIRED,Inverse rRNA,TRANSCRIPTOMIC,muscle,Monodelphis domestica,ILLUMINA,2019-09-03T00:00:00Z,2022-07-24T12:29:00Z,2,SAMEA5760423,E-MTAB-8122:do22646,Monodelphis domestica,male,ERP116168,E-MTAB-8122:do22646,,
ERR3417940,2.5,RNA-Seq,300,26754172800,PRJEB33381,SAMEA5760424,ArrayExpress,7941675331,"Genomics core facility, Cancer Research UK Cambridge Institute",horse,public,"fastq,run.zq,sra","s3,ncbi,gs,ena","ena,s3.us-east-1,gs.us-east1,ncbi.public",adult,2019-09-01,2019-09-01T04:03:21Z,2019-07-06,2019-07-05T20:18:53Z,ERX3441378,Equus caballus,liver,SAMEA5760424,wild type genotype,Horse4,"European Molecular Biology Laboratory\, European Bioinformatics Institute",2019-09-01T04:03:21Z,2019-07-05T20:18:53Z,public,Illumina NovaSeq 6000,do22647_p,PAIRED,Inverse rRNA,TRANSCRIPTOMIC,liver,Equus caballus,ILLUMINA,2019-09-03T00:00:00Z,2022-07-24T11:46:00Z,2,SAMEA5760424,E-MTAB-8122:do22647,Equus caballus,male,ERP116168,E-MTAB-8122:do22647,Welsh mountain pony,
ERR3417941,9,RNA-Seq,300,36301437000,PRJEB33381,SAMEA5760425,ArrayExpress,10973125203,"Genomics core facility, Cancer Research UK Cambridge Institute",house mouse,public,"fastq,sra,run.zq","ena,s3,ncbi,gs","s3.us-east-1,ena,gs.us-east1,ncbi.public",adult,2019-09-01,2019-09-01T04:03:21Z,2019-07-06,2019-07-05T20:18:53Z,ERX3441379,Mus musculus,testis,SAMEA5760425,wild type genotype,17/3507,"European Molecular Biology Laboratory\, European Bioinformatics Institute",2019-09-01T04:03:21Z,2019-07-05T20:18:53Z,public,Illumina NovaSeq 6000,do22648_p,PAIRED,Inverse rRNA,TRANSCRIPTOMIC,testis,Mus musculus,ILLUMINA,2019-09-03T00:00:00Z,2022-07-24T11:52:00Z,2,SAMEA5760425,E-MTAB-8122:do22648,Mus musculus,male,ERP116168,E-MTAB-8122:do22648,BL6,
ERR3417942,1,RNA-Seq,300,28115795400,PRJEB33381,SAMEA5760426,ArrayExpress,8769387477,"Genomics core facility, Cancer Research UK Cambridge Institute",dog,public,"sra,fastq,run.zq","s3,ncbi,ena,gs","s3.us-east-1,ncbi.public,gs.us-east1,ena",adult,2019-09-01,2019-09-01T04:03:21Z,2019-07-06,2019-07-05T20:18:53Z,ERX3441380,Canis lupus familiaris,liver,SAMEA5760426,wild type genotype,Dog8,"European Molecular Biology Laboratory\, European Bioinformatics Institute",2019-09-01T04:03:21Z,2019-07-05T20:18:53Z,public,Illumina NovaSeq 6000,do22650_p,PAIRED,Inverse rRNA,TRANSCRIPTOMIC,liver,Canis lupus familiaris,ILLUMINA,2019-09-03T00:00:00Z,2022-07-24T14:01:00Z,2,SAMEA5760426,E-MTAB-8122:do22650,Canis lupus familiaris,male,ERP116168,E-MTAB-8122:do22650,Beagle,familiaris
ERR3417943,1,RNA-Seq,300,28596809100,PRJEB33381,SAMEA5760427,ArrayExpress,8767799779,"Genomics core facility, Cancer Research UK Cambridge Institute",dog,public,"run.zq,fastq,sra","ena,ncbi,s3,gs","ncbi.public,s3.us-east-1,ena,gs.us-east1",adult,2019-09-01,2019-09-01T04:03:21Z,2019-07-05,2019-07-05T20:18:53Z,ERX3441381,Canis lupus familiaris,brain,SAMEA5760427,wild type genotype,Dog6,"European Molecular Biology Laboratory\, European Bioinformatics Institute",2019-09-01T04:03:21Z,2019-07-05T20:18:53Z,public,Illumina NovaSeq 6000,do22652_p,PAIRED,Inverse rRNA,TRANSCRIPTOMIC,brain,Canis lupus familiaris,ILLUMINA,2019-09-03T00:00:00Z,2022-07-19T09:05:00Z,2,SAMEA5760427,E-MTAB-8122:do22652,Canis lupus familiaris,male,ERP116168,E-MTAB-8122:do22652,Beagle,familiaris
ERR3417944,not available,RNA-Seq,300,45874605900,PRJEB33381,SAMEA5760428,ArrayExpress,14268596032,"Genomics core facility, Cancer Research UK Cambridge Institute",white-tufted-ear marmoset,public,"run.zq,fastq,sra","ncbi,s3,ena,gs","ncbi.public,ena,s3.us-east-1,gs.us-east1",adult,2019-09-01,2019-09-01T04:03:21Z,2019-07-06,2019-07-05T20:18:53Z,ERX3441382,Callithrix jacchus,testis,SAMEA5760428,wild type genotype,Marmo04,"European Molecular Biology Laboratory\, European Bioinformatics Institute",2019-09-01T04:03:21Z,2019-07-05T20:18:53Z,public,Illumina NovaSeq 6000,do22653_p,PAIRED,Inverse rRNA,TRANSCRIPTOMIC,testis,Callithrix jacchus,ILLUMINA,2019-09-03T00:00:00Z,2022-07-20T03:34:00Z,2,SAMEA5760428,E-MTAB-8122:do22653,Callithrix jacchus,male,ERP116168,E-MTAB-8122:do22653,,
ERR3417945,5,RNA-Seq,300,31866048300,PRJEB33381,SAMEA5760429,ArrayExpress,9718940555,"Genomics core facility, Cancer Research UK Cambridge Institute",rabbit,public,"sra,run.zq,fastq","gs,s3,ncbi,ena","ena,gs.us-east1,s3.us-east-1,ncbi.public",adult,2019-09-01,2019-09-01T04:03:21Z,2019-07-06,2019-07-05T20:18:53Z,ERX3441383,Oryctolagus cuniculus,liver,SAMEA5760429,wild type genotype,Rabbit6,"European Molecular Biology Laboratory\, European Bioinformatics Institute",2019-09-01T04:03:21Z,2019-07-05T20:18:53Z,public,Illumina NovaSeq 6000,do22654_p,PAIRED,Inverse rRNA,TRANSCRIPTOMIC,liver,Oryctolagus cuniculus,ILLUMINA,2019-09-03T00:00:00Z,2022-07-24T11:27:00Z,2,SAMEA5760429,E-MTAB-8122:do22654,Oryctolagus cuniculus,male,ERP116168,E-MTAB-8122:do22654,,
ERR3417946,1,RNA-Seq,300,28061843400,PRJEB33381,SAMEA5760430,ArrayExpress,8568472169,"Genomics core facility, Cancer Research UK Cambridge Institute",gray short-tailed opossum,public,"fastq,run.zq,sra","ena,gs,ncbi,s3","s3.us-east-1,ena,gs.us-east1,ncbi.public",adult,2019-09-01,2019-09-01T04:03:21Z,2019-07-06,2019-07-05T20:18:53Z,ERX3441384,Monodelphis domestica,liver,SAMEA5760430,wild type genotype,Opo23,"European Molecular Biology Laboratory\, European Bioinformatics Institute",2019-09-01T04:03:21Z,2019-07-05T20:18:53Z,public,Illumina NovaSeq 6000,do22655_p,PAIRED,Inverse rRNA,TRANSCRIPTOMIC,liver,Monodelphis domestica,ILLUMINA,2019-09-03T00:00:00Z,2022-07-22T15:56:00Z,2,SAMEA5760430,E-MTAB-8122:do22655,Monodelphis domestica,male,ERP116168,E-MTAB-8122:do22655,,
ERR3417947,5,RNA-Seq,300,29370257700,PRJEB33381,SAMEA5760431,ArrayExpress,8967093686,"Genomics core facility, Cancer Research UK Cambridge Institute",Rhesus monkey,public,"fastq,run.zq,sra","ena,s3,ncbi,gs","s3.us-east-1,ncbi.public,ena,gs.us-east1",adult,2019-09-01,2019-09-01T04:03:21Z,2019-07-06,2019-07-05T20:18:53Z,ERX3441385,Macaca mulatta,liver,SAMEA5760431,wild type genotype,Seede,"European Molecular Biology Laboratory\, European Bioinformatics Institute",2019-09-01T04:03:21Z,2019-07-05T20:18:53Z,public,Illumina NovaSeq 6000,do22656_p,PAIRED,Inverse rRNA,TRANSCRIPTOMIC,liver,Macaca mulatta,ILLUMINA,2019-09-03T00:00:00Z,2022-07-15T06:24:00Z,2,SAMEA5760431,E-MTAB-8122:do22656,Macaca mulatta,male,ERP116168,E-MTAB-8122:do22656,,
ERR3417948,1,RNA-Seq,300,27209813100,PRJEB33381,SAMEA5760432,ArrayExpress,8306158560,"Genomics core facility, Cancer Research UK Cambridge Institute",rabbit,public,"run.zq,sra,fastq","s3,gs,ena,ncbi","s3.us-east-1,ncbi.public,gs.us-east1,ena",adult,2019-09-01,2019-09-01T04:03:21Z,2019-07-06,2019-07-05T20:18:53Z,ERX3441386,Oryctolagus cuniculus,liver,SAMEA5760432,wild type genotype,Rabbit5,"European Molecular Biology Laboratory\, European Bioinformatics Institute",2019-09-01T04:03:21Z,2019-07-05T20:18:53Z,public,Illumina NovaSeq 6000,do22657_p,PAIRED,Inverse rRNA,TRANSCRIPTOMIC,liver,Oryctolagus cuniculus,ILLUMINA,2019-09-03T00:00:00Z,2022-07-20T20:13:00Z,2,SAMEA5760432,E-MTAB-8122:do22657,Oryctolagus cuniculus,male,ERP116168,E-MTAB-8122:do22657,,
ERR3417949,10,RNA-Seq,300,22001734200,PRJEB33381,SAMEA5760433,ArrayExpress,6849714516,"Genomics core facility, Cancer Research UK Cambridge Institute",Norway rat,public,"run.zq,fastq,sra","ncbi,ena,s3,gs","ncbi.public,gs.us-east1,ena,s3.us-east-1",adult,2019-09-01,2019-09-01T04:03:21Z,2019-07-05,2019-07-05T20:18:53Z,ERX3441387,Rattus norvegicus,brain,SAMEA5760433,wild type genotype,Rat14,"European Molecular Biology Laboratory\, European Bioinformatics Institute",2019-09-01T04:03:21Z,2019-07-05T20:18:53Z,public,Illumina NovaSeq 6000,do22658_p,PAIRED,Inverse rRNA,TRANSCRIPTOMIC,brain,Rattus norvegicus,ILLUMINA,2019-09-03T00:00:00Z,2021-10-26T19:32:00Z,2,SAMEA5760433,E-MTAB-8122:do22658,Rattus norvegicus,male,ERP116168,E-MTAB-8122:do22658,Brown Norway Rat,
ERR3417950,10,RNA-Seq,300,39002601000,PRJEB33381,SAMEA5760434,ArrayExpress,11965437699,"Genomics core facility, Cancer Research UK Cambridge Institute",Norway rat,public,"fastq,sra,run.zq","ncbi,ena,gs,s3","ena,gs.us-east1,ncbi.public,s3.us-east-1",adult,2019-09-01,2019-09-01T04:03:21Z,2019-07-06,2019-07-05T20:18:53Z,ERX3441388,Rattus norvegicus,testis,SAMEA5760434,wild type genotype,Rat14,"European Molecular Biology Laboratory\, European Bioinformatics Institute",2019-09-01T04:03:21Z,2019-07-05T20:18:53Z,public,Illumina NovaSeq 6000,do22659_p,PAIRED,Inverse rRNA,TRANSCRIPTOMIC,testis,Rattus norvegicus,ILLUMINA,2019-09-03T00:00:00Z,2022-07-13T14:43:00Z,2,SAMEA5760434,E-MTAB-8122:do22659,Rattus norvegicus,male,ERP116168,E-MTAB-8122:do22659,Brown Norway Rat,
ERR3417951,2,RNA-Seq,300,61746487500,PRJEB33381,SAMEA5760435,ArrayExpress,18353901595,"Genomics core facility, Cancer Research UK Cambridge Institute",horse,public,"sra,fastq,run.zq","ena,gs,s3,ncbi","ncbi.public,s3.us-east-1,gs.us-east1,ena",adult,2019-09-01,2019-09-01T04:03:21Z,2019-07-06,2019-07-05T20:18:53Z,ERX3441389,Equus caballus,testis,SAMEA5760435,wild type genotype,Horse2,"European Molecular Biology Laboratory\, European Bioinformatics Institute",2019-09-01T04:03:21Z,2019-07-05T20:18:53Z,public,Illumina NovaSeq 6000,do22660_p,PAIRED,Inverse rRNA,TRANSCRIPTOMIC,testis,Equus caballus,ILLUMINA,2019-09-03T00:00:00Z,2022-07-22T01:39:00Z,2,SAMEA5760435,E-MTAB-8122:do22660,Equus caballus,male,ERP116168,E-MTAB-8122:do22660,Welsh mountain pony,
ERR3417952,2,RNA-Seq,300,64481678700,PRJEB33381,SAMEA5760436,ArrayExpress,19753501351,"Genomics core facility, Cancer Research UK Cambridge Institute",pig,public,"run.zq,sra,fastq","ncbi,s3,ena,gs","s3.us-east-1,ena,gs.us-east1,ncbi.public",adult,2019-09-01,2019-09-01T04:03:21Z,2019-07-06,2019-07-05T20:18:53Z,ERX3441390,Sus scrofa,testis,SAMEA5760436,wild type genotype,Pig4,"European Molecular Biology Laboratory\, European Bioinformatics Institute",2019-09-01T04:03:21Z,2019-07-05T20:18:53Z,public,Illumina NovaSeq 6000,do22661_p,PAIRED,Inverse rRNA,TRANSCRIPTOMIC,testis,Sus scrofa,ILLUMINA,2019-09-03T00:00:00Z,2022-07-24T13:14:00Z,2,SAMEA5760436,E-MTAB-8122:do22661,Sus scrofa,male,ERP116168,E-MTAB-8122:do22661,,
ERR3417953,9,RNA-Seq,300,30301329300,PRJEB33381,SAMEA5760437,ArrayExpress,9453267061,"Genomics core facility, Cancer Research UK Cambridge Institute",house mouse,public,"fastq,run.zq,sra","ncbi,gs,s3,ena","gs.us-east1,ncbi.public,ena,s3.us-east-1",adult,2019-09-01,2019-09-01T04:03:21Z,2019-07-05,2019-07-05T20:18:53Z,ERX3441391,Mus musculus,brain,SAMEA5760437,wild type genotype,17/3505,"European Molecular Biology Laboratory\, European Bioinformatics Institute",2019-09-01T04:03:21Z,2019-07-05T20:18:53Z,public,Illumina NovaSeq 6000,do22662_p,PAIRED,Inverse rRNA,TRANSCRIPTOMIC,brain,Mus musculus,ILLUMINA,2019-09-03T00:00:00Z,2022-07-30T00:53:00Z,2,SAMEA5760437,E-MTAB-8122:do22662,Mus musculus,male,ERP116168,E-MTAB-8122:do22662,BL6,
ERR3417954,1,RNA-Seq,300,30492464400,PRJEB33381,SAMEA5760438,ArrayExpress,9542349551,"Genomics core facility, Cancer Research UK Cambridge Institute",gray short-tailed opossum,public,"fastq,sra,run.zq","gs,s3,ena,ncbi","gs.us-east1,ncbi.public,ena,s3.us-east-1",adult,2019-09-01,2019-09-01T04:03:21Z,2019-07-06,2019-07-05T20:18:53Z,ERX3441392,Monodelphis domestica,muscle,SAMEA5760438,wild type genotype,Opo14,"European Molecular Biology Laboratory\, European Bioinformatics Institute",2019-09-01T04:03:21Z,2019-07-05T20:18:53Z,public,Illumina NovaSeq 6000,do22663_p,PAIRED,Inverse rRNA,TRANSCRIPTOMIC,muscle,Monodelphis domestica,ILLUMINA,2019-09-03T00:00:00Z,2022-07-24T11:46:00Z,2,SAMEA5760438,E-MTAB-8122:do22663,Monodelphis domestica,male,ERP116168,E-MTAB-8122:do22663,,
ERR3417955,9,RNA-Seq,300,47522958900,PRJEB33381,SAMEA5760439,ArrayExpress,14653672373,"Genomics core facility, Cancer Research UK Cambridge Institute",Rhesus monkey,public,"run.zq,sra,fastq","ena,ncbi,s3,gs","gs.us-east1,ncbi.public,s3.us-east-1,ena",adult,2019-09-01,2019-09-01T04:03:21Z,2019-07-06,2019-07-05T20:18:53Z,ERX3441393,Macaca mulatta,testis,SAMEA5760439,wild type genotype,Simo,"European Molecular Biology Laboratory\, European Bioinformatics Institute",2019-09-01T04:03:21Z,2019-07-05T20:18:53Z,public,Illumina NovaSeq 6000,do22664_p,PAIRED,Inverse rRNA,TRANSCRIPTOMIC,testis,Macaca mulatta,ILLUMINA,2019-09-03T00:00:00Z,2022-07-24T12:39:00Z,2,SAMEA5760439,E-MTAB-8122:do22664,Macaca mulatta,male,ERP116168,E-MTAB-8122:do22664,,
ERR3417956,2.5,RNA-Seq,300,22627999800,PRJEB33381,SAMEA5760440,ArrayExpress,7066586687,"Genomics core facility, Cancer Research UK Cambridge Institute",horse,public,"sra,fastq,run.zq","gs,ncbi,ena,s3","ncbi.public,gs.us-east1,s3.us-east-1,ena",adult,2019-09-01,2019-09-01T04:03:21Z,2019-07-05,2019-07-05T20:18:53Z,ERX3441394,Equus caballus,liver,SAMEA5760440,wild type genotype,Horse3,"European Molecular Biology Laboratory\, European Bioinformatics Institute",2019-09-01T04:03:21Z,2019-07-05T20:18:53Z,public,Illumina NovaSeq 6000,do22665_p,PAIRED,Inverse rRNA,TRANSCRIPTOMIC,liver,Equus caballus,ILLUMINA,2019-09-03T00:00:00Z,2022-07-17T14:35:00Z,2,SAMEA5760440,E-MTAB-8122:do22665,Equus caballus,male,ERP116168,E-MTAB-8122:do22665,Welsh mountain pony,
ERR3417957,6,RNA-Seq,300,29658355200,PRJEB33381,SAMEA5760441,ArrayExpress,9174156096,"Genomics core facility, Cancer Research UK Cambridge Institute",rabbit,public,"sra,run.zq,fastq","ncbi,gs,ena,s3","gs.us-east1,ena,s3.us-east-1,ncbi.public",adult,2019-09-01,2019-09-01T04:03:21Z,2019-07-06,2019-07-05T20:18:53Z,ERX3441395,Oryctolagus cuniculus,brain,SAMEA5760441,wild type genotype,Rabbit7,"European Molecular Biology Laboratory\, European Bioinformatics Institute",2019-09-01T04:03:21Z,2019-07-05T20:18:53Z,public,Illumina NovaSeq 6000,do22666_p,PAIRED,Inverse rRNA,TRANSCRIPTOMIC,brain,Oryctolagus cuniculus,ILLUMINA,2019-09-03T00:00:00Z,2022-07-20T20:58:00Z,2,SAMEA5760441,E-MTAB-8122:do22666,Oryctolagus cuniculus,male,ERP116168,E-MTAB-8122:do22666,,
ERR3417958,1,RNA-Seq,300,41207764500,PRJEB33381,SAMEA5760442,ArrayExpress,12394036615,"Genomics core facility, Cancer Research UK Cambridge Institute",dog,public,"sra,run.zq,fastq","ncbi,s3,gs,ena","gs.us-east1,ena,s3.us-east-1,ncbi.public",adult,2019-09-01,2019-09-01T04:03:21Z,2019-07-06,2019-07-05T20:18:54Z,ERX3441396,Canis lupus familiaris,testis,SAMEA5760442,wild type genotype,Dog7,"European Molecular Biology Laboratory\, European Bioinformatics Institute",2019-09-01T04:03:21Z,2019-07-05T20:18:54Z,public,Illumina NovaSeq 6000,do22668_p,PAIRED,Inverse rRNA,TRANSCRIPTOMIC,testis,Canis lupus familiaris,ILLUMINA,2019-09-03T00:00:00Z,2022-07-24T13:29:00Z,2,SAMEA5760442,E-MTAB-8122:do22668,Canis lupus familiaris,male,ERP116168,E-MTAB-8122:do22668,Beagle,familiaris
ERR3417959,5,RNA-Seq,300,21155417100,PRJEB33381,SAMEA5760443,ArrayExpress,6368908164,"Genomics core facility, Cancer Research UK Cambridge Institute",rabbit,public,"run.zq,sra,fastq","ncbi,s3,gs,ena","ncbi.public,ena,s3.us-east-1,gs.us-east1",adult,2019-09-01,2019-09-01T04:03:21Z,2019-07-05,2019-07-05T20:18:54Z,ERX3441397,Oryctolagus cuniculus,muscle,SAMEA5760443,wild type genotype,Rabbit6,"European Molecular Biology Laboratory\, European Bioinformatics Institute",2019-09-01T04:03:21Z,2019-07-05T20:18:54Z,public,Illumina NovaSeq 6000,do22669_p,PAIRED,Inverse rRNA,TRANSCRIPTOMIC,muscle,Oryctolagus cuniculus,ILLUMINA,2019-09-03T00:00:00Z,2022-07-13T13:53:00Z,2,SAMEA5760443,E-MTAB-8122:do22669,Oryctolagus cuniculus,male,ERP116168,E-MTAB-8122:do22669,,
ERR3417960,1,RNA-Seq,300,33258319200,PRJEB33381,SAMEA5760444,ArrayExpress,10247103223,"Genomics core facility, Cancer Research UK Cambridge Institute",dog,public,"sra,run.zq,fastq","s3,gs,ena,ncbi","gs.us-east1,ncbi.public,s3.us-east-1,ena",adult,2019-09-01,2019-09-01T04:03:21Z,2019-07-06,2019-07-05T20:18:54Z,ERX3441398,Canis lupus familiaris,testis,SAMEA5760444,wild type genotype,Dog8,"European Molecular Biology Laboratory\, European Bioinformatics Institute",2019-09-01T04:03:21Z,2019-07-05T20:18:54Z,public,Illumina NovaSeq 6000,do22670_p,PAIRED,Inverse rRNA,TRANSCRIPTOMIC,testis,Canis lupus familiaris,ILLUMINA,2019-09-03T00:00:00Z,2022-07-24T11:44:00Z,2,SAMEA5760444,E-MTAB-8122:do22670,Canis lupus familiaris,male,ERP116168,E-MTAB-8122:do22670,Beagle,familiaris
ERR3417961,2.5,RNA-Seq,300,19021753500,PRJEB33381,SAMEA5760445,ArrayExpress,5776422240,"Genomics core facility, Cancer Research UK Cambridge Institute",dog,public,"run.zq,fastq,sra","s3,ncbi,gs,ena","ena,s3.us-east-1,gs.us-east1,ncbi.public",adult,2019-09-01,2019-09-01T04:03:21Z,2019-07-05,2019-07-05T20:18:54Z,ERX3441399,Canis lupus familiaris,liver,SAMEA5760445,wild type genotype,Dog5,"European Molecular Biology Laboratory\, European Bioinformatics Institute",2019-09-01T04:03:21Z,2019-07-05T20:18:54Z,public,Illumina NovaSeq 6000,do22671_p,PAIRED,Inverse rRNA,TRANSCRIPTOMIC,liver,Canis lupus familiaris,ILLUMINA,2019-09-03T00:00:00Z,2022-07-21T20:11:00Z,2,SAMEA5760445,E-MTAB-8122:do22671,Canis lupus familiaris,male,ERP116168,E-MTAB-8122:do22671,Beagle,familiaris
ERR3417962,18.5,RNA-Seq,300,55386162600,PRJEB33381,SAMEA5760446,ArrayExpress,16709731084,"Genomics core facility, Cancer Research UK Cambridge Institute",white-tufted-ear marmoset,public,"fastq,sra,run.zq","gs,ncbi,s3,ena","ncbi.public,gs.us-east1,s3.us-east-1,ena",adult,2019-09-01,2019-09-01T04:03:21Z,2019-07-06,2019-07-05T20:18:54Z,ERX3441400,Callithrix jacchus,testis,SAMEA5760446,wild type genotype,Marmo10,"European Molecular Biology Laboratory\, European Bioinformatics Institute",2019-09-01T04:03:21Z,2019-07-05T20:18:54Z,public,Illumina NovaSeq 6000,do22672_p,PAIRED,Inverse rRNA,TRANSCRIPTOMIC,testis,Callithrix jacchus,ILLUMINA,2019-09-03T00:00:00Z,2022-07-21T01:05:00Z,2,SAMEA5760446,E-MTAB-8122:do22672,Callithrix jacchus,male,ERP116168,E-MTAB-8122:do22672,,
ERR3417963,9,RNA-Seq,300,33148119900,PRJEB33381,SAMEA5760447,ArrayExpress,9959932667,"Genomics core facility, Cancer Research UK Cambridge Institute",house mouse,public,"fastq,run.zq,sra","ena,s3,gs,ncbi","ncbi.public,s3.us-east-1,ena,gs.us-east1",adult,2019-09-01,2019-09-01T04:03:21Z,2019-07-06,2019-07-05T20:18:54Z,ERX3441401,Mus musculus,liver,SAMEA5760447,wild type genotype,6833,"European Molecular Biology Laboratory\, European Bioinformatics Institute",2019-09-01T04:03:21Z,2019-07-05T20:18:54Z,public,Illumina NovaSeq 6000,do22673_p,PAIRED,Inverse rRNA,TRANSCRIPTOMIC,liver,Mus musculus,ILLUMINA,2019-09-03T00:00:00Z,2022-07-22T16:09:00Z,2,SAMEA5760447,E-MTAB-8122:do22673,Mus musculus,male,ERP116168,E-MTAB-8122:do22673,BL6,
ERR3417964,16,RNA-Seq,300,23054464800,PRJEB33381,SAMEA5760448,ArrayExpress,7082597939,"Genomics core facility, Cancer Research UK Cambridge Institute",Rhesus monkey,public,"fastq,run.zq,sra","ena,gs,s3,ncbi","gs.us-east1,ena,ncbi.public,s3.us-east-1",adult,2019-09-01,2019-09-01T04:03:21Z,2019-07-06,2019-07-05T20:18:54Z,ERX3441402,Macaca mulatta,muscle,SAMEA5760448,wild type genotype,Jeremy,"European Molecular Biology Laboratory\, European Bioinformatics Institute",2019-09-01T04:03:21Z,2019-07-05T20:18:54Z,public,Illumina NovaSeq 6000,do22674_p,PAIRED,Inverse rRNA,TRANSCRIPTOMIC,muscle,Macaca mulatta,ILLUMINA,2019-09-03T00:00:00Z,2022-07-14T07:47:00Z,2,SAMEA5760448,E-MTAB-8122:do22674,Macaca mulatta,male,ERP116168,E-MTAB-8122:do22674,,
ERR3417965,2,RNA-Seq,300,35929477500,PRJEB33381,SAMEA5760449,ArrayExpress,11021708423,"Genomics core facility, Cancer Research UK Cambridge Institute",pig,public,"fastq,sra,run.zq","gs,s3,ena,ncbi","ncbi.public,gs.us-east1,s3.us-east-1,ena",adult,2019-09-01,2019-09-01T04:03:21Z,2019-07-06,2019-07-05T20:18:54Z,ERX3441403,Sus scrofa,muscle,SAMEA5760449,wild type genotype,Pig5,"European Molecular Biology Laboratory\, European Bioinformatics Institute",2019-09-01T04:03:21Z,2019-07-05T20:18:54Z,public,Illumina NovaSeq 6000,do22675_p,PAIRED,Inverse rRNA,TRANSCRIPTOMIC,muscle,Sus scrofa,ILLUMINA,2019-09-03T00:00:00Z,2022-07-18T18:48:00Z,2,SAMEA5760449,E-MTAB-8122:do22675,Sus scrofa,male,ERP116168,E-MTAB-8122:do22675,,
ERR3417966,2.5,RNA-Seq,300,23103645900,PRJEB33381,SAMEA5760450,ArrayExpress,7023422940,"Genomics core facility, Cancer Research UK Cambridge Institute",horse,public,"run.zq,fastq,sra","ena,ncbi,gs,s3","s3.us-east-1,ena,ncbi.public,gs.us-east1",adult,2019-09-01,2019-09-01T04:03:21Z,2019-07-06,2019-07-05T20:18:54Z,ERX3441404,Equus caballus,muscle,SAMEA5760450,wild type genotype,Horse4,"European Molecular Biology Laboratory\, European Bioinformatics Institute",2019-09-01T04:03:21Z,2019-07-05T20:18:54Z,public,Illumina NovaSeq 6000,do22676_p,PAIRED,Inverse rRNA,TRANSCRIPTOMIC,muscle,Equus caballus,ILLUMINA,2019-09-03T00:00:00Z,2022-07-24T11:55:00Z,2,SAMEA5760450,E-MTAB-8122:do22676,Equus caballus,male,ERP116168,E-MTAB-8122:do22676,Welsh mountain pony,
ERR3417967,2.5,RNA-Seq,300,32458718700,PRJEB33381,SAMEA5760451,ArrayExpress,10051576229,"Genomics core facility, Cancer Research UK Cambridge Institute",domestic cat,public,"run.zq,fastq,sra","ncbi,s3,ena,gs","gs.us-east1,ncbi.public,s3.us-east-1,ena",adult,2019-09-01,2019-09-01T04:03:21Z,2019-07-06,2019-07-05T20:18:54Z,ERX3441405,Felis catus,brain,SAMEA5760451,wild type genotype,Cat5,"European Molecular Biology Laboratory\, European Bioinformatics Institute",2019-09-01T04:03:21Z,2019-07-05T20:18:54Z,public,Illumina NovaSeq 6000,do22677_p,PAIRED,Inverse rRNA,TRANSCRIPTOMIC,brain,Felis catus,ILLUMINA,2019-09-03T00:00:00Z,2022-07-15T23:55:00Z,2,SAMEA5760451,E-MTAB-8122:do22677,Felis catus,male,ERP116168,E-MTAB-8122:do22677,,
ERR3417968,not available,RNA-Seq,300,21636049500,PRJEB33381,SAMEA5760452,ArrayExpress,6614185931,"Genomics core facility, Cancer Research UK Cambridge Institute",white-tufted-ear marmoset,public,"run.zq,fastq,sra","ncbi,ena,gs,s3","s3.us-east-1,ncbi.public,gs.us-east1,ena",adult,2019-09-01,2019-09-01T04:03:21Z,2019-07-05,2019-07-05T20:18:54Z,ERX3441406,Callithrix jacchus,muscle,SAMEA5760452,wild type genotype,Marmo05,"European Molecular Biology Laboratory\, European Bioinformatics Institute",2019-09-01T04:03:21Z,2019-07-05T20:18:54Z,public,Illumina NovaSeq 6000,do22678_p,PAIRED,Inverse rRNA,TRANSCRIPTOMIC,muscle,Callithrix jacchus,ILLUMINA,2019-09-03T00:00:00Z,2022-07-18T03:10:00Z,2,SAMEA5760452,E-MTAB-8122:do22678,Callithrix jacchus,male,ERP116168,E-MTAB-8122:do22678,,
ERR3417969,2,RNA-Seq,300,48397049400,PRJEB33381,SAMEA5760453,ArrayExpress,14328759138,"Genomics core facility, Cancer Research UK Cambridge Institute",horse,public,"sra,run.zq,fastq","ncbi,s3,ena,gs","gs.us-east1,ncbi.public,s3.us-east-1,ena",adult,2019-09-01,2019-09-01T04:03:21Z,2019-07-06,2019-07-05T20:18:54Z,ERX3441407,Equus caballus,testis,SAMEA5760453,wild type genotype,Horse1,"European Molecular Biology Laboratory\, European Bioinformatics Institute",2019-09-01T04:03:21Z,2019-07-05T20:18:54Z,public,Illumina NovaSeq 6000,do22679_p,PAIRED,Inverse rRNA,TRANSCRIPTOMIC,testis,Equus caballus,ILLUMINA,2019-09-03T00:00:00Z,2022-07-24T12:23:00Z,2,SAMEA5760453,E-MTAB-8122:do22679,Equus caballus,male,ERP116168,E-MTAB-8122:do22679,Welsh mountain pony,
ERR3417970,not available,RNA-Seq,300,32411030100,PRJEB33381,SAMEA5760454,ArrayExpress,9640410650,"Genomics core facility, Cancer Research UK Cambridge Institute",white-tufted-ear marmoset,public,"run.zq,fastq,sra","ena,s3,ncbi,gs","ena,ncbi.public,s3.us-east-1,gs.us-east1",adult,2019-09-01,2019-09-01T04:03:21Z,2019-07-06,2019-07-05T20:18:54Z,ERX3441408,Callithrix jacchus,liver,SAMEA5760454,wild type genotype,Marmo05,"European Molecular Biology Laboratory\, European Bioinformatics Institute",2019-09-01T04:03:21Z,2019-07-05T20:18:54Z,public,Illumina NovaSeq 6000,do22680_p,PAIRED,Inverse rRNA,TRANSCRIPTOMIC,liver,Callithrix jacchus,ILLUMINA,2019-09-03T00:00:00Z,2022-07-15T23:24:00Z,2,SAMEA5760454,E-MTAB-8122:do22680,Callithrix jacchus,male,ERP116168,E-MTAB-8122:do22680,,
ERR3417971,1,RNA-Seq,300,50013410100,PRJEB33381,SAMEA5760455,ArrayExpress,15295531917,"Genomics core facility, Cancer Research UK Cambridge Institute",rabbit,public,"fastq,sra,run.zq","ena,gs,ncbi,s3","ncbi.public,s3.us-east-1,ena,gs.us-east1",adult,2019-09-01,2019-09-01T04:03:21Z,2019-07-06,2019-07-05T20:18:54Z,ERX3441409,Oryctolagus cuniculus,testis,SAMEA5760455,wild type genotype,Rabbit5,"European Molecular Biology Laboratory\, European Bioinformatics Institute",2019-09-01T04:03:21Z,2019-07-05T20:18:54Z,public,Illumina NovaSeq 6000,do22681_p,PAIRED,Inverse rRNA,TRANSCRIPTOMIC,testis,Oryctolagus cuniculus,ILLUMINA,2019-09-03T00:00:00Z,2022-07-22T02:59:00Z,2,SAMEA5760455,E-MTAB-8122:do22681,Oryctolagus cuniculus,male,ERP116168,E-MTAB-8122:do22681,,
ERR3417972,1,RNA-Seq,300,19711218300,PRJEB33381,SAMEA5760456,ArrayExpress,6182075306,"Genomics core facility, Cancer Research UK Cambridge Institute",dog,public,"sra,run.zq,fastq","ena,s3,ncbi,gs","s3.us-east-1,gs.us-east1,ena,ncbi.public",adult,2019-09-01,2019-09-01T04:03:21Z,2019-07-06,2019-07-05T20:18:54Z,ERX3441410,Canis lupus familiaris,brain,SAMEA5760456,wild type genotype,Dog7,"European Molecular Biology Laboratory\, European Bioinformatics Institute",2019-09-01T04:03:21Z,2019-07-05T20:18:54Z,public,Illumina NovaSeq 6000,do22682_p,PAIRED,Inverse rRNA,TRANSCRIPTOMIC,brain,Canis lupus familiaris,ILLUMINA,2019-09-03T00:00:00Z,2022-07-23T08:16:00Z,2,SAMEA5760456,E-MTAB-8122:do22682,Canis lupus familiaris,male,ERP116168,E-MTAB-8122:do22682,Beagle,familiaris
ERR3417973,1,RNA-Seq,300,51719076300,PRJEB33381,SAMEA5760457,ArrayExpress,15360331804,"Genomics core facility, Cancer Research UK Cambridge Institute",rabbit,public,"fastq,sra,run.zq","gs,ncbi,ena,s3","s3.us-east-1,ncbi.public,ena,gs.us-east1",adult,2019-09-01,2019-09-01T04:03:21Z,2019-07-06,2019-07-05T20:18:54Z,ERX3441411,Oryctolagus cuniculus,testis,SAMEA5760457,wild type genotype,Rabbit4,"European Molecular Biology Laboratory\, European Bioinformatics Institute",2019-09-01T04:03:21Z,2019-07-05T20:18:54Z,public,Illumina NovaSeq 6000,do22683_p,PAIRED,Inverse rRNA,TRANSCRIPTOMIC,testis,Oryctolagus cuniculus,ILLUMINA,2019-09-03T00:00:00Z,2022-07-15T21:19:00Z,2,SAMEA5760457,E-MTAB-8122:do22683,Oryctolagus cuniculus,male,ERP116168,E-MTAB-8122:do22683,,
ERR3417974,1,RNA-Seq,300,20207680500,PRJEB33381,SAMEA5760458,ArrayExpress,6260383385,"Genomics core facility, Cancer Research UK Cambridge Institute",dog,public,"fastq,sra,run.zq","s3,ncbi,ena,gs","s3.us-east-1,ena,gs.us-east1,ncbi.public",adult,2019-09-01,2019-09-01T04:03:21Z,2019-07-05,2019-07-05T20:18:54Z,ERX3441412,Canis lupus familiaris,brain,SAMEA5760458,wild type genotype,Dog8,"European Molecular Biology Laboratory\, European Bioinformatics Institute",2019-09-01T04:03:21Z,2019-07-05T20:18:54Z,public,Illumina NovaSeq 6000,do22684_p,PAIRED,Inverse rRNA,TRANSCRIPTOMIC,brain,Canis lupus familiaris,ILLUMINA,2019-09-03T00:00:00Z,2022-07-20T23:43:00Z,2,SAMEA5760458,E-MTAB-8122:do22684,Canis lupus familiaris,male,ERP116168,E-MTAB-8122:do22684,Beagle,familiaris
ERR3417975,not available,RNA-Seq,300,31868275800,PRJEB33381,SAMEA5760459,ArrayExpress,9684239016,"Genomics core facility, Cancer Research UK Cambridge Institute",white-tufted-ear marmoset,public,"run.zq,fastq,sra","s3,ncbi,gs,ena","ncbi.public,gs.us-east1,s3.us-east-1,ena",adult,2019-09-01,2019-09-01T04:03:21Z,2019-07-06,2019-07-05T20:18:54Z,ERX3441413,Callithrix jacchus,liver,SAMEA5760459,wild type genotype,Marmo04,"European Molecular Biology Laboratory\, European Bioinformatics Institute",2019-09-01T04:03:21Z,2019-07-05T20:18:54Z,public,Illumina NovaSeq 6000,do22685_p,PAIRED,Inverse rRNA,TRANSCRIPTOMIC,liver,Callithrix jacchus,ILLUMINA,2019-09-03T00:00:00Z,2022-07-24T11:54:00Z,2,SAMEA5760459,E-MTAB-8122:do22685,Callithrix jacchus,male,ERP116168,E-MTAB-8122:do22685,,
ERR3417976,2,RNA-Seq,300,19814469000,PRJEB33381,SAMEA5760460,ArrayExpress,5907730592,"Genomics core facility, Cancer Research UK Cambridge Institute",horse,public,"run.zq,fastq,sra","s3,ena,gs,ncbi","gs.us-east1,ena,ncbi.public,s3.us-east-1",adult,2019-09-01,2019-09-01T04:03:21Z,2019-07-06,2019-07-05T20:18:54Z,ERX3441414,Equus caballus,liver,SAMEA5760460,wild type genotype,Horse1,"European Molecular Biology Laboratory\, European Bioinformatics Institute",2019-09-01T04:03:21Z,2019-07-05T20:18:54Z,public,Illumina NovaSeq 6000,do22686_p,PAIRED,Inverse rRNA,TRANSCRIPTOMIC,liver,Equus caballus,ILLUMINA,2019-09-03T00:00:00Z,2022-07-18T20:58:00Z,2,SAMEA5760460,E-MTAB-8122:do22686,Equus caballus,male,ERP116168,E-MTAB-8122:do22686,Welsh mountain pony,
ERR3417977,1,RNA-Seq,300,26581971000,PRJEB33381,SAMEA5760461,ArrayExpress,8266680268,"Genomics core facility, Cancer Research UK Cambridge Institute",dog,public,"sra,fastq,run.zq","ena,ncbi,gs,s3","gs.us-east1,ena,s3.us-east-1,ncbi.public",adult,2019-09-01,2019-09-01T04:03:21Z,2019-07-06,2019-07-05T20:18:54Z,ERX3441415,Canis lupus familiaris,liver,SAMEA5760461,wild type genotype,Dog6,"European Molecular Biology Laboratory\, European Bioinformatics Institute",2019-09-01T04:03:21Z,2019-07-05T20:18:54Z,public,Illumina NovaSeq 6000,do22687_p,PAIRED,Inverse rRNA,TRANSCRIPTOMIC,liver,Canis lupus familiaris,ILLUMINA,2019-09-03T00:00:00Z,2022-07-18T02:18:00Z,2,SAMEA5760461,E-MTAB-8122:do22687,Canis lupus familiaris,male,ERP116168,E-MTAB-8122:do22687,Beagle,familiaris
ERR3417978,6,RNA-Seq,300,31701246900,PRJEB33381,SAMEA5760462,ArrayExpress,9694653524,"Genomics core facility, Cancer Research UK Cambridge Institute",rabbit,public,"run.zq,fastq,sra","ncbi,ena,s3,gs","s3.us-east-1,ncbi.public,ena,gs.us-east1",adult,2019-09-01,2019-09-01T04:03:21Z,2019-07-06,2019-07-05T20:18:54Z,ERX3441416,Oryctolagus cuniculus,muscle,SAMEA5760462,wild type genotype,Rabbit7,"European Molecular Biology Laboratory\, European Bioinformatics Institute",2019-09-01T04:03:21Z,2019-07-05T20:18:54Z,public,Illumina NovaSeq 6000,do22688_p,PAIRED,Inverse rRNA,TRANSCRIPTOMIC,muscle,Oryctolagus cuniculus,ILLUMINA,2019-09-03T00:00:00Z,2022-07-24T11:54:00Z,2,SAMEA5760462,E-MTAB-8122:do22688,Oryctolagus cuniculus,male,ERP116168,E-MTAB-8122:do22688,,
ERR3417979,2.5,RNA-Seq,300,25650445200,PRJEB33381,SAMEA5760463,ArrayExpress,8047005091,"Genomics core facility, Cancer Research UK Cambridge Institute",domestic cat,public,"run.zq,fastq,sra","ena,s3,ncbi,gs","s3.us-east-1,gs.us-east1,ncbi.public,ena",adult,2019-09-01,2019-09-01T04:03:21Z,2019-07-06,2019-07-05T20:18:54Z,ERX3441417,Felis catus,muscle,SAMEA5760463,wild type genotype,Cat5,"European Molecular Biology Laboratory\, European Bioinformatics Institute",2019-09-01T04:03:21Z,2019-07-05T20:18:54Z,public,Illumina NovaSeq 6000,do22689_p,PAIRED,Inverse rRNA,TRANSCRIPTOMIC,muscle,Felis catus,ILLUMINA,2019-09-03T00:00:00Z,2022-07-20T12:24:00Z,2,SAMEA5760463,E-MTAB-8122:do22689,Felis catus,male,ERP116168,E-MTAB-8122:do22689,,
ERR3417980,6,RNA-Seq,300,62645123700,PRJEB33381,SAMEA5760464,ArrayExpress,19345021959,"Genomics core facility, Cancer Research UK Cambridge Institute",rabbit,public,"run.zq,sra,fastq","s3,ncbi,ena,gs","s3.us-east-1,ncbi.public,ena,gs.us-east1",adult,2019-09-01,2019-09-01T04:03:21Z,2019-07-06,2019-07-05T20:18:54Z,ERX3441418,Oryctolagus cuniculus,testis,SAMEA5760464,wild type genotype,Rabbit7,"European Molecular Biology Laboratory\, European Bioinformatics Institute",2019-09-01T04:03:21Z,2019-07-05T20:18:54Z,public,Illumina NovaSeq 6000,do22690_p,PAIRED,Inverse rRNA,TRANSCRIPTOMIC,testis,Oryctolagus cuniculus,ILLUMINA,2019-09-03T00:00:00Z,2022-07-24T13:02:00Z,2,SAMEA5760464,E-MTAB-8122:do22690,Oryctolagus cuniculus,male,ERP116168,E-MTAB-8122:do22690,,
ERR3417981,2.5,RNA-Seq,300,23605656000,PRJEB33381,SAMEA5760465,ArrayExpress,7296249750,"Genomics core facility, Cancer Research UK Cambridge Institute",horse,public,"fastq,run.zq,sra","ncbi,s3,ena,gs","s3.us-east-1,gs.us-east1,ncbi.public,ena",adult,2019-09-01,2019-09-01T04:03:21Z,2019-07-06,2019-07-05T20:18:54Z,ERX3441419,Equus caballus,muscle,SAMEA5760465,wild type genotype,Horse3,"European Molecular Biology Laboratory\, European Bioinformatics Institute",2019-09-01T04:03:21Z,2019-07-05T20:18:54Z,public,Illumina NovaSeq 6000,do22691_p,PAIRED,Inverse rRNA,TRANSCRIPTOMIC,muscle,Equus caballus,ILLUMINA,2019-09-03T00:00:00Z,2022-07-24T12:01:00Z,2,SAMEA5760465,E-MTAB-8122:do22691,Equus caballus,male,ERP116168,E-MTAB-8122:do22691,Welsh mountain pony,
ERR3417982,6,RNA-Seq,300,25996006200,PRJEB33381,SAMEA5760466,ArrayExpress,7936068433,"Genomics core facility, Cancer Research UK Cambridge Institute",rabbit,public,"sra,fastq,run.zq","gs,s3,ena,ncbi","s3.us-east-1,ncbi.public,ena,gs.us-east1",adult,2019-09-01,2019-09-01T04:03:21Z,2019-07-06,2019-07-05T20:18:54Z,ERX3441420,Oryctolagus cuniculus,muscle,SAMEA5760466,wild type genotype,Rabbit8,"European Molecular Biology Laboratory\, European Bioinformatics Institute",2019-09-01T04:03:21Z,2019-07-05T20:18:54Z,public,Illumina NovaSeq 6000,do22692_p,PAIRED,Inverse rRNA,TRANSCRIPTOMIC,muscle,Oryctolagus cuniculus,ILLUMINA,2019-09-03T00:00:00Z,2022-07-29T23:51:00Z,2,SAMEA5760466,E-MTAB-8122:do22692,Oryctolagus cuniculus,male,ERP116168,E-MTAB-8122:do22692,,
ERR3417983,9,RNA-Seq,300,38265166200,PRJEB33381,SAMEA5760467,ArrayExpress,11260899088,"Genomics core facility, Cancer Research UK Cambridge Institute",house mouse,public,"sra,fastq,run.zq","gs,ncbi,ena,s3","ncbi.public,gs.us-east1,s3.us-east-1,ena",adult,2019-09-01,2019-09-01T04:03:21Z,2019-07-06,2019-07-05T20:18:54Z,ERX3441421,Mus musculus,muscle,SAMEA5760467,wild type genotype,17/3515,"European Molecular Biology Laboratory\, European Bioinformatics Institute",2019-09-01T04:03:21Z,2019-07-05T20:18:54Z,public,Illumina NovaSeq 6000,do26149_p,PAIRED,Inverse rRNA,TRANSCRIPTOMIC,muscle,Mus musculus,ILLUMINA,2019-09-03T00:00:00Z,2022-07-24T11:56:00Z,2,SAMEA5760467,E-MTAB-8122:do26149,Mus musculus,male,ERP116168,E-MTAB-8122:do26149,BL6,
ERR3417984,1.5,RNA-Seq,300,71362593300,PRJEB33381,SAMEA5760468,ArrayExpress,21702977637,"Genomics core facility, Cancer Research UK Cambridge Institute",white-tufted-ear marmoset,public,"run.zq,fastq,sra","ncbi,gs,s3,ena","ena,gs.us-east1,s3.us-east-1,ncbi.public",adult,2019-09-01,2019-09-01T04:03:21Z,2019-07-06,2019-07-05T20:18:54Z,ERX3441422,Callithrix jacchus,brain,SAMEA5760468,wild type genotype,Marmo13,"European Molecular Biology Laboratory\, European Bioinformatics Institute",2019-09-01T04:03:21Z,2019-07-05T20:18:54Z,public,Illumina NovaSeq 6000,do26150_p,PAIRED,Inverse rRNA,TRANSCRIPTOMIC,brain,Callithrix jacchus,ILLUMINA,2019-09-03T00:00:00Z,2022-07-14T02:57:00Z,2,SAMEA5760468,E-MTAB-8122:do26150,Callithrix jacchus,female,ERP116168,E-MTAB-8122:do26150,,
ERR3417985,1,RNA-Seq,300,51083210400,PRJEB33381,SAMEA5760469,ArrayExpress,15249370802,"Genomics core facility, Cancer Research UK Cambridge Institute",dog,public,"sra,fastq,run.zq","s3,ena,ncbi,gs","gs.us-east1,ena,ncbi.public,s3.us-east-1",adult,2019-09-01,2019-09-01T04:03:21Z,2019-07-06,2019-07-05T20:18:54Z,ERX3441423,Canis lupus familiaris,testis,SAMEA5760469,wild type genotype,Dog6,"European Molecular Biology Laboratory\, European Bioinformatics Institute",2019-09-01T04:03:21Z,2019-07-05T20:18:54Z,public,Illumina NovaSeq 6000,do26151_p,PAIRED,Inverse rRNA,TRANSCRIPTOMIC,testis,Canis lupus familiaris,ILLUMINA,2019-09-03T00:00:00Z,2022-07-24T14:50:00Z,2,SAMEA5760469,E-MTAB-8122:do26151,Canis lupus familiaris,male,ERP116168,E-MTAB-8122:do26151,Beagle,familiaris
ERR3417986,18.5,RNA-Seq,300,26490675600,PRJEB33381,SAMEA5760470,ArrayExpress,7880122049,"Genomics core facility, Cancer Research UK Cambridge Institute",white-tufted-ear marmoset,public,"fastq,run.zq,sra","gs,ncbi,s3,ena","s3.us-east-1,ena,gs.us-east1,ncbi.public",adult,2019-09-01,2019-09-01T04:03:21Z,2019-07-05,2019-07-05T20:18:54Z,ERX3441424,Callithrix jacchus,brain,SAMEA5760470,wild type genotype,Marmo10,"European Molecular Biology Laboratory\, European Bioinformatics Institute",2019-09-01T04:03:21Z,2019-07-05T20:18:54Z,public,Illumina NovaSeq 6000,do26152_p,PAIRED,Inverse rRNA,TRANSCRIPTOMIC,brain,Callithrix jacchus,ILLUMINA,2019-09-03T00:00:00Z,2022-07-24T12:11:00Z,2,SAMEA5760470,E-MTAB-8122:do26152,Callithrix jacchus,male,ERP116168,E-MTAB-8122:do26152,,
ERR3417987,18.5,RNA-Seq,300,24039065400,PRJEB33381,SAMEA5760471,ArrayExpress,7165628887,"Genomics core facility, Cancer Research UK Cambridge Institute",white-tufted-ear marmoset,public,"fastq,sra,run.zq","gs,ena,s3,ncbi","ncbi.public,s3.us-east-1,ena,gs.us-east1",adult,2019-09-01,2019-09-01T04:03:21Z,2019-07-06,2019-07-05T20:18:54Z,ERX3441425,Callithrix jacchus,muscle,SAMEA5760471,wild type genotype,Marmo10,"European Molecular Biology Laboratory\, European Bioinformatics Institute",2019-09-01T04:03:21Z,2019-07-05T20:18:54Z,public,Illumina NovaSeq 6000,do26154_p,PAIRED,Inverse rRNA,TRANSCRIPTOMIC,muscle,Callithrix jacchus,ILLUMINA,2019-09-03T00:00:00Z,2021-10-26T19:33:00Z,2,SAMEA5760471,E-MTAB-8122:do26154,Callithrix jacchus,male,ERP116168,E-MTAB-8122:do26154,,
ERR3417988,2,RNA-Seq,300,25227342900,PRJEB33381,SAMEA5760472,ArrayExpress,7512265281,"Genomics core facility, Cancer Research UK Cambridge Institute",horse,public,"fastq,sra,run.zq","ncbi,s3,ena,gs","ncbi.public,gs.us-east1,s3.us-east-1,ena",adult,2019-09-01,2019-09-01T04:03:21Z,2019-07-05,2019-07-05T20:18:54Z,ERX3441426,Equus caballus,muscle,SAMEA5760472,wild type genotype,Horse2,"European Molecular Biology Laboratory\, European Bioinformatics Institute",2019-09-01T04:03:21Z,2019-07-05T20:18:54Z,public,Illumina NovaSeq 6000,do26155_p,PAIRED,Inverse rRNA,TRANSCRIPTOMIC,muscle,Equus caballus,ILLUMINA,2019-09-03T00:00:00Z,2022-07-17T13:52:00Z,2,SAMEA5760472,E-MTAB-8122:do26155,Equus caballus,male,ERP116168,E-MTAB-8122:do26155,Welsh mountain pony,
ERR3417989,1,RNA-Seq,300,39724358400,PRJEB33381,SAMEA5760473,ArrayExpress,11799885076,"Genomics core facility, Cancer Research UK Cambridge Institute",gray short-tailed opossum,public,"sra,fastq,run.zq","gs,s3,ena,ncbi","ena,s3.us-east-1,ncbi.public,gs.us-east1",adult,2019-09-01,2019-09-01T04:03:21Z,2019-07-06,2019-07-05T20:18:54Z,ERX3441427,Monodelphis domestica,muscle,SAMEA5760473,wild type genotype,Opo17,"European Molecular Biology Laboratory\, European Bioinformatics Institute",2019-09-01T04:03:21Z,2019-07-05T20:18:54Z,public,Illumina NovaSeq 6000,do26156_p,PAIRED,Inverse rRNA,TRANSCRIPTOMIC,muscle,Monodelphis domestica,ILLUMINA,2019-09-03T00:00:00Z,2022-07-23T03:19:00Z,2,SAMEA5760473,E-MTAB-8122:do26156,Monodelphis domestica,male,ERP116168,E-MTAB-8122:do26156,,
ERR3417990,16,RNA-Seq,300,38303074200,PRJEB33381,SAMEA5760474,ArrayExpress,11499781010,"Genomics core facility, Cancer Research UK Cambridge Institute",Rhesus monkey,public,"run.zq,fastq,sra","ena,gs,ncbi,s3","gs.us-east1,ncbi.public,s3.us-east-1,ena",adult,2019-09-01,2019-09-01T04:03:21Z,2019-07-06,2019-07-05T20:18:54Z,ERX3441428,Macaca mulatta,testis,SAMEA5760474,wild type genotype,Jermey,"European Molecular Biology Laboratory\, European Bioinformatics Institute",2019-09-01T04:03:21Z,2019-07-05T20:18:54Z,public,Illumina NovaSeq 6000,do26157_p,PAIRED,Inverse rRNA,TRANSCRIPTOMIC,testis,Macaca mulatta,ILLUMINA,2019-09-03T00:00:00Z,2022-07-14T13:36:00Z,2,SAMEA5760474,E-MTAB-8122:do26157,Macaca mulatta,male,ERP116168,E-MTAB-8122:do26157,,
ERR3417991,10,RNA-Seq,300,27000312000,PRJEB33381,SAMEA5760475,ArrayExpress,8082038105,"Genomics core facility, Cancer Research UK Cambridge Institute",Norway rat,public,"sra,run.zq,fastq","ncbi,s3,ena,gs","gs.us-east1,ena,s3.us-east-1,ncbi.public",adult,2019-09-01,2019-09-01T04:03:21Z,2019-07-06,2019-07-05T20:18:54Z,ERX3441429,Rattus norvegicus,muscle,SAMEA5760475,wild type genotype,Rat15,"European Molecular Biology Laboratory\, European Bioinformatics Institute",2019-09-01T04:03:21Z,2019-07-05T20:18:54Z,public,Illumina NovaSeq 6000,do26158_p,PAIRED,Inverse rRNA,TRANSCRIPTOMIC,muscle,Rattus norvegicus,ILLUMINA,2019-09-03T00:00:00Z,2022-07-12T17:34:00Z,2,SAMEA5760475,E-MTAB-8122:do26158,Rattus norvegicus,male,ERP116168,E-MTAB-8122:do26158,Brown Norway Rat,
ERR3417992,10,RNA-Seq,300,32522473800,PRJEB33381,SAMEA5760476,ArrayExpress,9683670166,"Genomics core facility, Cancer Research UK Cambridge Institute",Norway rat,public,"fastq,run.zq,sra","ncbi,s3,ena,gs","ena,gs.us-east1,s3.us-east-1,ncbi.public",adult,2019-09-01,2019-09-01T04:03:21Z,2019-07-06,2019-07-05T20:18:54Z,ERX3441430,Rattus norvegicus,liver,SAMEA5760476,wild type genotype,Rat13,"European Molecular Biology Laboratory\, European Bioinformatics Institute",2019-09-01T04:03:21Z,2019-07-05T20:18:54Z,public,Illumina NovaSeq 6000,do26159_p,PAIRED,Inverse rRNA,TRANSCRIPTOMIC,liver,Rattus norvegicus,ILLUMINA,2019-09-03T00:00:00Z,2022-07-24T15:20:00Z,2,SAMEA5760476,E-MTAB-8122:do26159,Rattus norvegicus,male,ERP116168,E-MTAB-8122:do26159,Brown Norway Rat,
ERR3417993,2,RNA-Seq,300,29188169700,PRJEB33381,SAMEA5760477,ArrayExpress,8707173568,"Genomics core facility, Cancer Research UK Cambridge Institute",pig,public,"sra,run.zq,fastq","gs,ena,s3,ncbi","ncbi.public,ena,s3.us-east-1,gs.us-east1",adult,2019-09-01,2019-09-01T04:03:21Z,2019-07-06,2019-07-05T20:18:54Z,ERX3441431,Sus scrofa,muscle,SAMEA5760477,wild type genotype,Pig4,"European Molecular Biology Laboratory\, European Bioinformatics Institute",2019-09-01T04:03:21Z,2019-07-05T20:18:54Z,public,Illumina NovaSeq 6000,do26160_p,PAIRED,Inverse rRNA,TRANSCRIPTOMIC,muscle,Sus scrofa,ILLUMINA,2019-09-03T00:00:00Z,2022-07-16T23:27:00Z,2,SAMEA5760477,E-MTAB-8122:do26160,Sus scrofa,male,ERP116168,E-MTAB-8122:do26160,,
ERR3417994,19,RNA-Seq,300,39703588500,PRJEB33381,SAMEA5760478,ArrayExpress,11876215167,"Genomics core facility, Cancer Research UK Cambridge Institute",Rhesus monkey,public,"run.zq,fastq,sra","ncbi,gs,ena,s3","gs.us-east1,ncbi.public,ena,s3.us-east-1",adult,2019-09-01,2019-09-01T04:03:21Z,2019-07-06,2019-07-05T20:18:54Z,ERX3441432,Macaca mulatta,testis,SAMEA5760478,wild type genotype,Dean,"European Molecular Biology Laboratory\, European Bioinformatics Institute",2019-09-01T04:03:21Z,2019-07-05T20:18:54Z,public,Illumina NovaSeq 6000,do26161_p,PAIRED,Inverse rRNA,TRANSCRIPTOMIC,testis,Macaca mulatta,ILLUMINA,2019-09-03T00:00:00Z,2021-10-26T20:33:00Z,2,SAMEA5760478,E-MTAB-8122:do26161,Macaca mulatta,male,ERP116168,E-MTAB-8122:do26161,,
ERR3417995,9,RNA-Seq,300,38164044600,PRJEB33381,SAMEA5760479,ArrayExpress,11409266859,"Genomics core facility, Cancer Research UK Cambridge Institute",house mouse,public,"run.zq,fastq,sra","s3,ena,gs,ncbi","ena,gs.us-east1,s3.us-east-1,ncbi.public",adult,2019-09-01,2019-09-01T04:03:21Z,2019-07-05,2019-07-05T20:18:54Z,ERX3441433,Mus musculus,liver,SAMEA5760479,wild type genotype,6834,"European Molecular Biology Laboratory\, European Bioinformatics Institute",2019-09-01T04:03:21Z,2019-07-05T20:18:54Z,public,Illumina NovaSeq 6000,do26164_p,PAIRED,Inverse rRNA,TRANSCRIPTOMIC,liver,Mus musculus,ILLUMINA,2019-09-03T00:00:00Z,2022-07-24T11:23:00Z,2,SAMEA5760479,E-MTAB-8122:do26164,Mus musculus,male,ERP116168,E-MTAB-8122:do26164,BL6,
ERR3417996,19,RNA-Seq,300,15890846400,PRJEB33381,SAMEA5760480,ArrayExpress,4661488219,"Genomics core facility, Cancer Research UK Cambridge Institute",Rhesus monkey,public,"sra,fastq,run.zq","ena,ncbi,gs,s3","s3.us-east-1,ena,gs.us-east1,ncbi.public",adult,2019-09-01,2019-09-01T04:03:21Z,2019-07-05,2019-07-05T20:18:54Z,ERX3441434,Macaca mulatta,muscle,SAMEA5760480,wild type genotype,Dean,"European Molecular Biology Laboratory\, European Bioinformatics Institute",2019-09-01T04:03:21Z,2019-07-05T20:18:54Z,public,Illumina NovaSeq 6000,do26165_p,PAIRED,Inverse rRNA,TRANSCRIPTOMIC,muscle,Macaca mulatta,ILLUMINA,2019-09-03T00:00:00Z,2022-07-29T23:20:00Z,2,SAMEA5760480,E-MTAB-8122:do26165,Macaca mulatta,male,ERP116168,E-MTAB-8122:do26165,,
ERR3417997,1,RNA-Seq,300,30489992400,PRJEB33381,SAMEA5760481,ArrayExpress,9091784974,"Genomics core facility, Cancer Research UK Cambridge Institute",rabbit,public,"run.zq,sra,fastq","gs,ncbi,s3,ena","gs.us-east1,ncbi.public,s3.us-east-1,ena",adult,2019-09-01,2019-09-01T04:03:21Z,2019-07-06,2019-07-05T20:18:55Z,ERX3441435,Oryctolagus cuniculus,brain,SAMEA5760481,wild type genotype,Rabbit4,"European Molecular Biology Laboratory\, European Bioinformatics Institute",2019-09-01T04:03:21Z,2019-07-05T20:18:55Z,public,Illumina NovaSeq 6000,do26166_p,PAIRED,Inverse rRNA,TRANSCRIPTOMIC,brain,Oryctolagus cuniculus,ILLUMINA,2019-09-03T00:00:00Z,2022-07-21T22:15:00Z,2,SAMEA5760481,E-MTAB-8122:do26166,Oryctolagus cuniculus,male,ERP116168,E-MTAB-8122:do26166,,
ERR3417998,19,RNA-Seq,300,123995761200,PRJEB33381,SAMEA5760482,ArrayExpress,37132781175,"Genomics core facility, Cancer Research UK Cambridge Institute",Rhesus monkey,public,"sra,fastq,run.zq","ncbi,gs,s3,ena","ena,gs.us-east1,ncbi.public,s3.us-east-1",adult,2019-09-01,2019-09-01T04:03:21Z,2019-07-06,2019-07-05T20:18:55Z,ERX3441436,Macaca mulatta,liver,SAMEA5760482,wild type genotype,Dean,"European Molecular Biology Laboratory\, European Bioinformatics Institute",2019-09-01T04:03:21Z,2019-07-05T20:18:55Z,public,Illumina NovaSeq 6000,do26171_p,PAIRED,Inverse rRNA,TRANSCRIPTOMIC,liver,Macaca mulatta,ILLUMINA,2019-09-03T00:00:00Z,2022-07-27T09:49:00Z,2,SAMEA5760482,E-MTAB-8122:do26171,Macaca mulatta,male,ERP116168,E-MTAB-8122:do26171,,
ERR3417999,1,RNA-Seq,300,26148063900,PRJEB33381,SAMEA5760483,ArrayExpress,7747289180,"Genomics core facility, Cancer Research UK Cambridge Institute",dog,public,"sra,fastq,run.zq","gs,ncbi,ena,s3","s3.us-east-1,ncbi.public,ena,gs.us-east1",adult,2019-09-01,2019-09-01T04:03:21Z,2019-07-05,2019-07-05T20:18:55Z,ERX3441437,Canis lupus familiaris,muscle,SAMEA5760483,wild type genotype,Dog8,"European Molecular Biology Laboratory\, European Bioinformatics Institute",2019-09-01T04:03:21Z,2019-07-05T20:18:55Z,public,Illumina NovaSeq 6000,do26173_p,PAIRED,Inverse rRNA,TRANSCRIPTOMIC,muscle,Canis lupus familiaris,ILLUMINA,2019-09-03T00:00:00Z,2022-07-18T09:52:00Z,2,SAMEA5760483,E-MTAB-8122:do26173,Canis lupus familiaris,male,ERP116168,E-MTAB-8122:do26173,Beagle,familiaris
ERR3418000,9,RNA-Seq,300,22213557000,PRJEB33381,SAMEA5760484,ArrayExpress,6640750390,"Genomics core facility, Cancer Research UK Cambridge Institute",Rhesus monkey,public,"run.zq,fastq,sra","gs,ncbi,s3,ena","gs.us-east1,s3.us-east-1,ncbi.public,ena",adult,2019-09-01,2019-09-01T04:03:21Z,2019-07-06,2019-07-05T20:18:55Z,ERX3441438,Macaca mulatta,muscle,SAMEA5760484,wild type genotype,Simo,"European Molecular Biology Laboratory\, European Bioinformatics Institute",2019-09-01T04:03:21Z,2019-07-05T20:18:55Z,public,Illumina NovaSeq 6000,do26174_p,PAIRED,Inverse rRNA,TRANSCRIPTOMIC,muscle,Macaca mulatta,ILLUMINA,2019-09-03T00:00:00Z,2021-10-26T19:38:00Z,2,SAMEA5760484,E-MTAB-8122:do26174,Macaca mulatta,male,ERP116168,E-MTAB-8122:do26174,,
ERR3418001,9,RNA-Seq,300,43028148000,PRJEB33381,SAMEA5760485,ArrayExpress,12809188419,"Genomics core facility, Cancer Research UK Cambridge Institute",house mouse,public,"run.zq,sra,fastq","gs,ncbi,ena,s3","gs.us-east1,ena,ncbi.public,s3.us-east-1",adult,2019-09-01,2019-09-01T04:03:21Z,2019-07-06,2019-07-05T20:18:55Z,ERX3441439,Mus musculus,testis,SAMEA5760485,wild type genotype,17/3511,"European Molecular Biology Laboratory\, European Bioinformatics Institute",2019-09-01T04:03:21Z,2019-07-05T20:18:55Z,public,Illumina NovaSeq 6000,do26177_p,PAIRED,Inverse rRNA,TRANSCRIPTOMIC,testis,Mus musculus,ILLUMINA,2019-09-03T00:00:00Z,2022-07-24T14:00:00Z,2,SAMEA5760485,E-MTAB-8122:do26177,Mus musculus,male,ERP116168,E-MTAB-8122:do26177,BL6,
ERR3418002,9,RNA-Seq,300,26639266500,PRJEB33381,SAMEA5760486,ArrayExpress,8008514930,"Genomics core facility, Cancer Research UK Cambridge Institute",house mouse,public,"run.zq,fastq,sra","s3,gs,ena,ncbi","s3.us-east-1,gs.us-east1,ena,ncbi.public",adult,2019-09-01,2019-09-01T04:03:21Z,2019-07-06,2019-07-05T20:18:55Z,ERX3441440,Mus musculus,brain,SAMEA5760486,wild type genotype,17/3504,"European Molecular Biology Laboratory\, European Bioinformatics Institute",2019-09-01T04:03:21Z,2019-07-05T20:18:55Z,public,Illumina NovaSeq 6000,do26178_p,PAIRED,Inverse rRNA,TRANSCRIPTOMIC,brain,Mus musculus,ILLUMINA,2019-09-03T00:00:00Z,2022-07-13T14:14:00Z,2,SAMEA5760486,E-MTAB-8122:do26178,Mus musculus,male,ERP116168,E-MTAB-8122:do26178,BL6,
ERR3418003,9,RNA-Seq,300,38002708800,PRJEB33381,SAMEA5760487,ArrayExpress,11355501418,"Genomics core facility, Cancer Research UK Cambridge Institute",house mouse,public,"fastq,run.zq,sra","gs,ena,ncbi,s3","s3.us-east-1,ena,ncbi.public,gs.us-east1",adult,2019-09-01,2019-09-01T04:03:21Z,2019-07-06,2019-07-05T20:18:55Z,ERX3441441,Mus musculus,liver,SAMEA5760487,wild type genotype,17/3507,"European Molecular Biology Laboratory\, European Bioinformatics Institute",2019-09-01T04:03:21Z,2019-07-05T20:18:55Z,public,Illumina NovaSeq 6000,do26179_p,PAIRED,Inverse rRNA,TRANSCRIPTOMIC,liver,Mus musculus,ILLUMINA,2019-09-03T00:00:00Z,2022-07-24T11:44:00Z,2,SAMEA5760487,E-MTAB-8122:do26179,Mus musculus,male,ERP116168,E-MTAB-8122:do26179,BL6,
ERR3418004,9,RNA-Seq,300,22417497300,PRJEB33381,SAMEA5760488,ArrayExpress,6613607226,"Genomics core facility, Cancer Research UK Cambridge Institute",house mouse,public,"fastq,run.zq,sra","gs,ncbi,s3,ena","ena,ncbi.public,gs.us-east1,s3.us-east-1",adult,2019-09-01,2019-09-01T04:03:21Z,2019-07-05,2019-07-05T20:18:55Z,ERX3441442,Mus musculus,muscle,SAMEA5760488,wild type genotype,17/3513,"European Molecular Biology Laboratory\, European Bioinformatics Institute",2019-09-01T04:03:21Z,2019-07-05T20:18:55Z,public,Illumina NovaSeq 6000,do26180_p,PAIRED,Inverse rRNA,TRANSCRIPTOMIC,muscle,Mus musculus,ILLUMINA,2019-09-03T00:00:00Z,2022-07-13T14:02:00Z,2,SAMEA5760488,E-MTAB-8122:do26180,Mus musculus,male,ERP116168,E-MTAB-8122:do26180,BL6,
ERR3418005,2.5,RNA-Seq,300,45716794800,PRJEB33381,SAMEA5760489,ArrayExpress,13637667706,"Genomics core facility, Cancer Research UK Cambridge Institute",horse,public,"run.zq,fastq,sra","gs,s3,ncbi,ena","gs.us-east1,ena,s3.us-east-1,ncbi.public",adult,2019-09-01,2019-09-01T04:03:21Z,2019-07-06,2019-07-05T20:18:55Z,ERX3441443,Equus caballus,brain,SAMEA5760489,wild type genotype,Horse4,"European Molecular Biology Laboratory\, European Bioinformatics Institute",2019-09-01T04:03:21Z,2019-07-05T20:18:55Z,public,Illumina NovaSeq 6000,do26413_p,PAIRED,Inverse rRNA,TRANSCRIPTOMIC,brain,Equus caballus,ILLUMINA,2019-09-03T00:00:00Z,2022-07-18T20:59:00Z,2,SAMEA5760489,E-MTAB-8122:do26413,Equus caballus,male,ERP116168,E-MTAB-8122:do26413,Welsh mountain pony,
ERR3418006,9,RNA-Seq,300,43388142600,PRJEB33381,SAMEA5760490,ArrayExpress,12878296039,"Genomics core facility, Cancer Research UK Cambridge Institute",Rhesus monkey,public,"sra,fastq,run.zq","gs,ncbi,s3,ena","ena,gs.us-east1,s3.us-east-1,ncbi.public",adult,2019-09-01,2019-09-01T04:03:21Z,2019-07-06,2019-07-05T20:18:55Z,ERX3441444,Macaca mulatta,liver,SAMEA5760490,wild type genotype,Simo,"European Molecular Biology Laboratory\, European Bioinformatics Institute",2019-09-01T04:03:21Z,2019-07-05T20:18:55Z,public,Illumina NovaSeq 6000,do26414_p,PAIRED,Inverse rRNA,TRANSCRIPTOMIC,liver,Macaca mulatta,ILLUMINA,2019-09-03T00:00:00Z,2022-07-24T15:07:00Z,2,SAMEA5760490,E-MTAB-8122:do26414,Macaca mulatta,male,ERP116168,E-MTAB-8122:do26414,,
ERR3418007,2.5,RNA-Seq,300,42332048100,PRJEB33381,SAMEA5760491,ArrayExpress,12517688364,"Genomics core facility, Cancer Research UK Cambridge Institute",horse,public,"sra,run.zq,fastq","gs,ncbi,ena,s3","s3.us-east-1,ncbi.public,gs.us-east1,ena",adult,2019-09-01,2019-09-01T04:03:21Z,2019-07-06,2019-07-05T20:18:55Z,ERX3441445,Equus caballus,brain,SAMEA5760491,wild type genotype,Horse3,"European Molecular Biology Laboratory\, European Bioinformatics Institute",2019-09-01T04:03:21Z,2019-07-05T20:18:55Z,public,Illumina NovaSeq 6000,do26415_p,PAIRED,Inverse rRNA,TRANSCRIPTOMIC,brain,Equus caballus,ILLUMINA,2019-09-03T00:00:00Z,2022-07-14T18:34:00Z,2,SAMEA5760491,E-MTAB-8122:do26415,Equus caballus,male,ERP116168,E-MTAB-8122:do26415,Welsh mountain pony,
ERR3418008,1,RNA-Seq,300,105820606500,PRJEB33381,SAMEA5760492,ArrayExpress,31920057418,"Genomics core facility, Cancer Research UK Cambridge Institute",gray short-tailed opossum,public,"fastq,sra,run.zq","ncbi,s3,gs,ena","ena,gs.us-east1,s3.us-east-1,ncbi.public",adult,2019-09-01,2019-09-01T04:03:21Z,2019-07-06,2019-07-05T20:18:55Z,ERX3441446,Monodelphis domestica,brain,SAMEA5760492,wild type genotype,Opo17,"European Molecular Biology Laboratory\, European Bioinformatics Institute",2019-09-01T04:03:21Z,2019-07-05T20:18:55Z,public,Illumina NovaSeq 6000,do26416_p,PAIRED,Inverse rRNA,TRANSCRIPTOMIC,brain,Monodelphis domestica,ILLUMINA,2019-09-03T00:00:00Z,2022-07-13T04:30:00Z,2,SAMEA5760492,E-MTAB-8122:do26416,Monodelphis domestica,male,ERP116168,E-MTAB-8122:do26416,,
ERR3418009,19,RNA-Seq,300,56100415500,PRJEB33381,SAMEA5760493,ArrayExpress,16818490704,"Genomics core facility, Cancer Research UK Cambridge Institute",Rhesus monkey,public,"fastq,sra,run.zq","gs,ena,ncbi,s3","s3.us-east-1,ena,ncbi.public,gs.us-east1",adult,2019-09-01,2019-09-01T04:03:21Z,2019-07-06,2019-07-05T20:18:55Z,ERX3441447,Macaca mulatta,brain,SAMEA5760493,wild type genotype,Dean,"European Molecular Biology Laboratory\, European Bioinformatics Institute",2019-09-01T04:03:21Z,2019-07-05T20:18:55Z,public,Illumina NovaSeq 6000,do26418_p,PAIRED,Inverse rRNA,TRANSCRIPTOMIC,brain,Macaca mulatta,ILLUMINA,2019-09-03T00:00:00Z,2022-07-24T16:27:00Z,2,SAMEA5760493,E-MTAB-8122:do26418,Macaca mulatta,male,ERP116168,E-MTAB-8122:do26418,,
ERR3418010,10,RNA-Seq,300,34793751300,PRJEB33381,SAMEA5760494,ArrayExpress,10300441986,"Genomics core facility, Cancer Research UK Cambridge Institute",Norway rat,public,"fastq,sra,run.zq","ena,ncbi,s3,gs","gs.us-east1,s3.us-east-1,ncbi.public,ena",adult,2019-09-01,2019-09-01T04:03:21Z,2019-07-06,2019-07-05T20:18:55Z,ERX3441448,Rattus norvegicus,liver,SAMEA5760494,wild type genotype,Rat14,"European Molecular Biology Laboratory\, European Bioinformatics Institute",2019-09-01T04:03:21Z,2019-07-05T20:18:55Z,public,Illumina NovaSeq 6000,do26419_p,PAIRED,Inverse rRNA,TRANSCRIPTOMIC,liver,Rattus norvegicus,ILLUMINA,2019-09-03T00:00:00Z,2022-07-21T23:45:00Z,2,SAMEA5760494,E-MTAB-8122:do26419,Rattus norvegicus,male,ERP116168,E-MTAB-8122:do26419,Brown Norway Rat,
ERR3418011,2,RNA-Seq,300,45967946700,PRJEB33381,SAMEA5760495,ArrayExpress,13907806948,"Genomics core facility, Cancer Research UK Cambridge Institute",horse,public,"run.zq,fastq,sra","ena,ncbi,s3,gs","gs.us-east1,ena,s3.us-east-1,ncbi.public",adult,2019-09-01,2019-09-01T04:03:21Z,2019-07-06,2019-07-05T20:18:55Z,ERX3441449,Equus caballus,brain,SAMEA5760495,wild type genotype,Horse1,"European Molecular Biology Laboratory\, European Bioinformatics Institute",2019-09-01T04:03:21Z,2019-07-05T20:18:55Z,public,Illumina NovaSeq 6000,do26420_p,PAIRED,Inverse rRNA,TRANSCRIPTOMIC,brain,Equus caballus,ILLUMINA,2019-09-03T00:00:00Z,2022-07-21T19:30:00Z,2,SAMEA5760495,E-MTAB-8122:do26420,Equus caballus,male,ERP116168,E-MTAB-8122:do26420,Welsh mountain pony,
ERR3418012,2,RNA-Seq,300,77445046500,PRJEB33381,SAMEA5760496,ArrayExpress,23386739725,"Genomics core facility, Cancer Research UK Cambridge Institute",pig,public,"run.zq,fastq,sra","ncbi,gs,s3,ena","gs.us-east1,ena,s3.us-east-1,ncbi.public",adult,2019-09-01,2019-09-01T04:03:21Z,2019-07-06,2019-07-05T20:18:55Z,ERX3441450,Sus scrofa,testis,SAMEA5760496,wild type genotype,Pig6,"European Molecular Biology Laboratory\, European Bioinformatics Institute",2019-09-01T04:03:21Z,2019-07-05T20:18:55Z,public,Illumina NovaSeq 6000,do26421_p,PAIRED,Inverse rRNA,TRANSCRIPTOMIC,testis,Sus scrofa,ILLUMINA,2019-09-03T00:00:00Z,2022-07-24T13:46:00Z,2,SAMEA5760496,E-MTAB-8122:do26421,Sus scrofa,male,ERP116168,E-MTAB-8122:do26421,,
ERR3418013,9,RNA-Seq,300,30665002200,PRJEB33381,SAMEA5760497,ArrayExpress,9262265118,"Genomics core facility, Cancer Research UK Cambridge Institute",Rhesus monkey,public,"sra,run.zq,fastq","ncbi,gs,ena,s3","s3.us-east-1,ncbi.public,gs.us-east1,ena",adult,2019-09-01,2019-09-01T04:03:21Z,2019-07-06,2019-07-05T20:18:55Z,ERX3441451,Macaca mulatta,brain,SAMEA5760497,wild type genotype,Simo,"European Molecular Biology Laboratory\, European Bioinformatics Institute",2019-09-01T04:03:21Z,2019-07-05T20:18:55Z,public,Illumina NovaSeq 6000,do26423_p,PAIRED,Inverse rRNA,TRANSCRIPTOMIC,brain,Macaca mulatta,ILLUMINA,2019-09-03T00:00:00Z,2022-07-14T13:26:00Z,2,SAMEA5760497,E-MTAB-8122:do26423,Macaca mulatta,male,ERP116168,E-MTAB-8122:do26423,,
ERR3418014,2,RNA-Seq,300,118032191700,PRJEB33381,SAMEA5760498,ArrayExpress,35753679593,"Genomics core facility, Cancer Research UK Cambridge Institute",pig,public,"run.zq,sra,fastq","gs,ena,s3,ncbi","gs.us-east1,ncbi.public,s3.us-east-1,ena",adult,2019-09-01,2019-09-01T04:03:21Z,2019-07-06,2019-07-05T20:18:55Z,ERX3441452,Sus scrofa,brain,SAMEA5760498,wild type genotype,Pig4,"European Molecular Biology Laboratory\, European Bioinformatics Institute",2019-09-01T04:03:21Z,2019-07-05T20:18:55Z,public,Illumina NovaSeq 6000,do26424_p,PAIRED,Inverse rRNA,TRANSCRIPTOMIC,brain,Sus scrofa,ILLUMINA,2019-09-03T00:00:00Z,2022-07-22T00:59:00Z,2,SAMEA5760498,E-MTAB-8122:do26424,Sus scrofa,male,ERP116168,E-MTAB-8122:do26424,,
ERR3418015,1,RNA-Seq,300,57795145800,PRJEB33381,SAMEA5760499,ArrayExpress,17183510389,"Genomics core facility, Cancer Research UK Cambridge Institute",gray short-tailed opossum,public,"fastq,sra,run.zq","s3,ena,ncbi,gs","s3.us-east-1,ena,ncbi.public,gs.us-east1",adult,2019-09-01,2019-09-01T04:03:21Z,2019-07-06,2019-07-05T20:18:55Z,ERX3441453,Monodelphis domestica,brain,SAMEA5760499,wild type genotype,Opo14,"European Molecular Biology Laboratory\, European Bioinformatics Institute",2019-09-01T04:03:21Z,2019-07-05T20:18:55Z,public,Illumina NovaSeq 6000,do26425_p,PAIRED,Inverse rRNA,TRANSCRIPTOMIC,brain,Monodelphis domestica,ILLUMINA,2019-09-03T00:00:00Z,2022-07-24T12:23:00Z,2,SAMEA5760499,E-MTAB-8122:do26425,Monodelphis domestica,male,ERP116168,E-MTAB-8122:do26425,,
ERR3418016,16,RNA-Seq,300,55636268700,PRJEB33381,SAMEA5760500,ArrayExpress,16670145648,"Genomics core facility, Cancer Research UK Cambridge Institute",Rhesus monkey,public,"sra,run.zq,fastq","ncbi,gs,ena,s3","gs.us-east1,ncbi.public,s3.us-east-1,ena",adult,2019-09-01,2019-09-01T04:03:21Z,2019-07-06,2019-07-05T20:18:55Z,ERX3441454,Macaca mulatta,brain,SAMEA5760500,wild type genotype,Jeremy,"European Molecular Biology Laboratory\, European Bioinformatics Institute",2019-09-01T04:03:21Z,2019-07-05T20:18:55Z,public,Illumina NovaSeq 6000,do26426_p,PAIRED,Inverse rRNA,TRANSCRIPTOMIC,brain,Macaca mulatta,ILLUMINA,2019-09-03T00:00:00Z,2022-07-17T11:37:00Z,2,SAMEA5760500,E-MTAB-8122:do26426,Macaca mulatta,male,ERP116168,E-MTAB-8122:do26426,,
ERR3418017,1,RNA-Seq,300,28672210200,PRJEB33381,SAMEA5760501,ArrayExpress,8689474179,"Genomics core facility, Cancer Research UK Cambridge Institute",gray short-tailed opossum,public,"run.zq,fastq,sra","ena,s3,gs,ncbi","ena,gs.us-east1,s3.us-east-1,ncbi.public",adult,2019-09-01,2019-09-01T04:03:21Z,2019-07-06,2019-07-05T20:18:55Z,ERX3441455,Monodelphis domestica,brain,SAMEA5760501,wild type genotype,Opo24,"European Molecular Biology Laboratory\, European Bioinformatics Institute",2019-09-01T04:03:21Z,2019-07-05T20:18:55Z,public,Illumina NovaSeq 6000,do26428_p,PAIRED,Inverse rRNA,TRANSCRIPTOMIC,brain,Monodelphis domestica,ILLUMINA,2019-09-03T00:00:00Z,2022-07-24T13:57:00Z,2,SAMEA5760501,E-MTAB-8122:do26428,Monodelphis domestica,male,ERP116168,E-MTAB-8122:do26428,,
ERR3418018,2,RNA-Seq,300,255700978500,PRJEB33381,SAMEA5760502,ArrayExpress,79408842185,"Genomics core facility, Cancer Research UK Cambridge Institute",pig,public,"sra,run.zq,fastq","ncbi,gs,s3,ena","s3.us-east-1,ncbi.public,gs.us-east1,ena",adult,2019-09-01,2019-09-01T04:03:21Z,2019-07-06,2019-07-05T20:18:55Z,ERX3441456,Sus scrofa,brain,SAMEA5760502,wild type genotype,Pig5,"European Molecular Biology Laboratory\, European Bioinformatics Institute",2019-09-01T04:03:21Z,2019-07-05T20:18:55Z,public,Illumina NovaSeq 6000,do26431_p,PAIRED,Inverse rRNA,TRANSCRIPTOMIC,brain,Sus scrofa,ILLUMINA,2019-09-03T00:00:00Z,2022-07-24T21:26:00Z,2,SAMEA5760502,E-MTAB-8122:do26431,Sus scrofa,male,ERP116168,E-MTAB-8122:do26431,,
