GEO_Accession	Sample_Name
GSM1328469	SEQC_Adr_F_002_1
GSM1328470	SEQC_Adr_F_002_2
GSM1328471	SEQC_Adr_F_002_3
GSM1328472	SEQC_Adr_F_002_4
GSM1328473	SEQC_Adr_F_006_1
GSM1328474	SEQC_Adr_F_006_2
GSM1328475	SEQC_Adr_F_006_3
GSM1328476	SEQC_Adr_F_006_4
GSM1328477	SEQC_Adr_F_021_1
GSM1328478	SEQC_Adr_F_021_2
GSM1328479	SEQC_Adr_F_021_3
GSM1328480	SEQC_Adr_F_021_4
GSM1328481	SEQC_Adr_F_104_1
GSM1328482	SEQC_Adr_F_104_2
GSM1328483	SEQC_Adr_F_104_3
GSM1328484	SEQC_Adr_F_104_4
GSM1328485	SEQC_Adr_M_002_1
GSM1328486	SEQC_Adr_M_002_2
GSM1328487	SEQC_Adr_M_002_3
GSM1328488	SEQC_Adr_M_002_4
GSM1328489	SEQC_Adr_M_006_1
GSM1328490	SEQC_Adr_M_006_2
GSM1328491	SEQC_Adr_M_006_3
GSM1328492	SEQC_Adr_M_006_4
GSM1328493	SEQC_Adr_M_021_1
GSM1328494	SEQC_Adr_M_021_2
GSM1328495	SEQC_Adr_M_021_3
GSM1328496	SEQC_Adr_M_021_4
GSM1328497	SEQC_Adr_M_104_1
GSM1328498	SEQC_Adr_M_104_2
GSM1328499	SEQC_Adr_M_104_3
GSM1328500	SEQC_Adr_M_104_4
GSM1328501	SEQC_Brn_F_002_1
GSM1328502	SEQC_Brn_F_002_2
GSM1328503	SEQC_Brn_F_002_3
GSM1328504	SEQC_Brn_F_002_4
GSM1328505	SEQC_Brn_F_006_1
GSM1328506	SEQC_Brn_F_006_2
GSM1328507	SEQC_Brn_F_006_3
GSM1328508	SEQC_Brn_F_006_4
GSM1328509	SEQC_Brn_F_021_1
GSM1328510	SEQC_Brn_F_021_2
GSM1328511	SEQC_Brn_F_021_3
GSM1328512	SEQC_Brn_F_021_4
GSM1328513	SEQC_Brn_F_104_1
GSM1328514	SEQC_Brn_F_104_2
GSM1328515	SEQC_Brn_F_104_3
GSM1328516	SEQC_Brn_F_104_4
GSM1328517	SEQC_Brn_M_002_1
GSM1328518	SEQC_Brn_M_002_2
GSM1328519	SEQC_Brn_M_002_3
GSM1328520	SEQC_Brn_M_002_4
GSM1328521	SEQC_Brn_M_006_1
GSM1328522	SEQC_Brn_M_006_2
GSM1328523	SEQC_Brn_M_006_3
GSM1328524	SEQC_Brn_M_006_4
GSM1328525	SEQC_Brn_M_021_1
GSM1328526	SEQC_Brn_M_021_2
GSM1328527	SEQC_Brn_M_021_3
GSM1328528	SEQC_Brn_M_021_4
GSM1328529	SEQC_Brn_M_104_1
GSM1328530	SEQC_Brn_M_104_2
GSM1328531	SEQC_Brn_M_104_3
GSM1328532	SEQC_Brn_M_104_4
GSM1328533	SEQC_Hrt_F_002_1
GSM1328534	SEQC_Hrt_F_002_2
GSM1328535	SEQC_Hrt_F_002_3
GSM1328536	SEQC_Hrt_F_002_4
GSM1328537	SEQC_Hrt_F_006_1
GSM1328538	SEQC_Hrt_F_006_2
GSM1328539	SEQC_Hrt_F_006_3
GSM1328540	SEQC_Hrt_F_006_4
GSM1328541	SEQC_Hrt_F_021_1
GSM1328542	SEQC_Hrt_F_021_2
GSM1328543	SEQC_Hrt_F_021_3
GSM1328544	SEQC_Hrt_F_021_4
GSM1328545	SEQC_Hrt_F_104_1
GSM1328546	SEQC_Hrt_F_104_2
GSM1328547	SEQC_Hrt_F_104_3
GSM1328548	SEQC_Hrt_F_104_4
GSM1328549	SEQC_Hrt_M_002_1
GSM1328550	SEQC_Hrt_M_002_2
GSM1328551	SEQC_Hrt_M_002_3
GSM1328552	SEQC_Hrt_M_002_4
GSM1328553	SEQC_Hrt_M_006_1
GSM1328554	SEQC_Hrt_M_006_2
GSM1328555	SEQC_Hrt_M_006_3
GSM1328556	SEQC_Hrt_M_006_4
GSM1328557	SEQC_Hrt_M_021_1
GSM1328558	SEQC_Hrt_M_021_2
GSM1328559	SEQC_Hrt_M_021_3
GSM1328560	SEQC_Hrt_M_021_4
GSM1328561	SEQC_Hrt_M_104_1
GSM1328562	SEQC_Hrt_M_104_2
GSM1328563	SEQC_Hrt_M_104_3
GSM1328564	SEQC_Hrt_M_104_4
GSM1328565	SEQC_Kdn_F_002_1
GSM1328566	SEQC_Kdn_F_002_2
GSM1328567	SEQC_Kdn_F_002_3
GSM1328568	SEQC_Kdn_F_002_4
GSM1328569	SEQC_Kdn_F_006_1
GSM1328570	SEQC_Kdn_F_006_2
GSM1328571	SEQC_Kdn_F_006_3
GSM1328572	SEQC_Kdn_F_006_4
GSM1328573	SEQC_Kdn_F_021_1
GSM1328574	SEQC_Kdn_F_021_2
GSM1328575	SEQC_Kdn_F_021_3
GSM1328576	SEQC_Kdn_F_021_4
GSM1328577	SEQC_Kdn_F_104_1
GSM1328578	SEQC_Kdn_F_104_2
GSM1328579	SEQC_Kdn_F_104_3
GSM1328580	SEQC_Kdn_F_104_4
GSM1328581	SEQC_Kdn_M_002_1
GSM1328582	SEQC_Kdn_M_002_2
GSM1328583	SEQC_Kdn_M_002_3
GSM1328584	SEQC_Kdn_M_002_4
GSM1328585	SEQC_Kdn_M_006_1
GSM1328586	SEQC_Kdn_M_006_2
GSM1328587	SEQC_Kdn_M_006_3
GSM1328588	SEQC_Kdn_M_006_4
GSM1328589	SEQC_Kdn_M_021_1
GSM1328590	SEQC_Kdn_M_021_2
GSM1328591	SEQC_Kdn_M_021_3
GSM1328592	SEQC_Kdn_M_021_4
GSM1328593	SEQC_Kdn_M_104_1
GSM1328594	SEQC_Kdn_M_104_2
GSM1328595	SEQC_Kdn_M_104_3
GSM1328596	SEQC_Kdn_M_104_4
GSM1328597	SEQC_Lng_F_002_1
GSM1328598	SEQC_Lng_F_002_2
GSM1328599	SEQC_Lng_F_002_3
GSM1328600	SEQC_Lng_F_002_4
GSM1328601	SEQC_Lng_F_006_1
GSM1328602	SEQC_Lng_F_006_2
GSM1328603	SEQC_Lng_F_006_3
GSM1328604	SEQC_Lng_F_006_4
GSM1328605	SEQC_Lng_F_021_1
GSM1328606	SEQC_Lng_F_021_2
GSM1328607	SEQC_Lng_F_021_3
GSM1328608	SEQC_Lng_F_021_4
GSM1328609	SEQC_Lng_F_104_1
GSM1328610	SEQC_Lng_F_104_2
GSM1328611	SEQC_Lng_F_104_3
GSM1328612	SEQC_Lng_F_104_4
GSM1328613	SEQC_Lng_M_002_1
GSM1328614	SEQC_Lng_M_002_2
GSM1328615	SEQC_Lng_M_002_3
GSM1328616	SEQC_Lng_M_002_4
GSM1328617	SEQC_Lng_M_006_1
GSM1328618	SEQC_Lng_M_006_2
GSM1328619	SEQC_Lng_M_006_3
GSM1328620	SEQC_Lng_M_006_4
GSM1328621	SEQC_Lng_M_021_1
GSM1328622	SEQC_Lng_M_021_2
GSM1328623	SEQC_Lng_M_021_3
GSM1328624	SEQC_Lng_M_021_4
GSM1328625	SEQC_Lng_M_104_1
GSM1328626	SEQC_Lng_M_104_2
GSM1328627	SEQC_Lng_M_104_3
GSM1328628	SEQC_Lng_M_104_4
GSM1328629	SEQC_Lvr_F_002_1
GSM1328630	SEQC_Lvr_F_002_2
GSM1328631	SEQC_Lvr_F_002_3
GSM1328632	SEQC_Lvr_F_002_4
GSM1328633	SEQC_Lvr_F_006_1
GSM1328634	SEQC_Lvr_F_006_2
GSM1328635	SEQC_Lvr_F_006_3
GSM1328636	SEQC_Lvr_F_006_4
GSM1328637	SEQC_Lvr_F_021_1
GSM1328638	SEQC_Lvr_F_021_2
GSM1328639	SEQC_Lvr_F_021_3
GSM1328640	SEQC_Lvr_F_021_4
GSM1328641	SEQC_Lvr_F_104_1
GSM1328642	SEQC_Lvr_F_104_2
GSM1328643	SEQC_Lvr_F_104_3
GSM1328644	SEQC_Lvr_F_104_4
GSM1328645	SEQC_Lvr_M_002_1
GSM1328646	SEQC_Lvr_M_002_2
GSM1328647	SEQC_Lvr_M_002_3
GSM1328648	SEQC_Lvr_M_002_4
GSM1328649	SEQC_Lvr_M_006_1
GSM1328650	SEQC_Lvr_M_006_2
GSM1328651	SEQC_Lvr_M_006_3
GSM1328652	SEQC_Lvr_M_006_4
GSM1328653	SEQC_Lvr_M_021_1
GSM1328654	SEQC_Lvr_M_021_2
GSM1328655	SEQC_Lvr_M_021_3
GSM1328656	SEQC_Lvr_M_021_4
GSM1328657	SEQC_Lvr_M_104_1
GSM1328658	SEQC_Lvr_M_104_2
GSM1328659	SEQC_Lvr_M_104_3
GSM1328660	SEQC_Lvr_M_104_4
GSM1328661	SEQC_Msc_F_002_1
GSM1328662	SEQC_Msc_F_002_2
GSM1328663	SEQC_Msc_F_002_3
GSM1328664	SEQC_Msc_F_002_4
GSM1328665	SEQC_Msc_F_006_1
GSM1328666	SEQC_Msc_F_006_2
GSM1328667	SEQC_Msc_F_006_3
GSM1328668	SEQC_Msc_F_006_4
GSM1328669	SEQC_Msc_F_021_1
GSM1328670	SEQC_Msc_F_021_2
GSM1328671	SEQC_Msc_F_021_3
GSM1328672	SEQC_Msc_F_021_4
GSM1328673	SEQC_Msc_F_104_1
GSM1328674	SEQC_Msc_F_104_2
GSM1328675	SEQC_Msc_F_104_3
GSM1328676	SEQC_Msc_F_104_4
GSM1328677	SEQC_Msc_M_002_1
GSM1328678	SEQC_Msc_M_002_2
GSM1328679	SEQC_Msc_M_002_3
GSM1328680	SEQC_Msc_M_002_4
GSM1328681	SEQC_Msc_M_006_1
GSM1328682	SEQC_Msc_M_006_2
GSM1328683	SEQC_Msc_M_006_3
GSM1328684	SEQC_Msc_M_006_4
GSM1328685	SEQC_Msc_M_021_1
GSM1328686	SEQC_Msc_M_021_2
GSM1328687	SEQC_Msc_M_021_3
GSM1328688	SEQC_Msc_M_021_4
GSM1328689	SEQC_Msc_M_104_1
GSM1328690	SEQC_Msc_M_104_2
GSM1328691	SEQC_Msc_M_104_3
GSM1328692	SEQC_Msc_M_104_4
GSM1328693	SEQC_Spl_F_002_1
GSM1328694	SEQC_Spl_F_002_2
GSM1328695	SEQC_Spl_F_002_3
GSM1328696	SEQC_Spl_F_002_4
GSM1328697	SEQC_Spl_F_006_1
GSM1328698	SEQC_Spl_F_006_2
GSM1328699	SEQC_Spl_F_006_3
GSM1328700	SEQC_Spl_F_006_4
GSM1328701	SEQC_Spl_F_021_1
GSM1328702	SEQC_Spl_F_021_2
GSM1328703	SEQC_Spl_F_021_3
GSM1328704	SEQC_Spl_F_021_4
GSM1328705	SEQC_Spl_F_104_1
GSM1328706	SEQC_Spl_F_104_2
GSM1328707	SEQC_Spl_F_104_3
GSM1328708	SEQC_Spl_F_104_4
GSM1328709	SEQC_Spl_M_002_1
GSM1328710	SEQC_Spl_M_002_2
GSM1328711	SEQC_Spl_M_002_3
GSM1328712	SEQC_Spl_M_002_4
GSM1328713	SEQC_Spl_M_006_1
GSM1328714	SEQC_Spl_M_006_2
GSM1328715	SEQC_Spl_M_006_3
GSM1328716	SEQC_Spl_M_006_4
GSM1328717	SEQC_Spl_M_021_1
GSM1328718	SEQC_Spl_M_021_2
GSM1328719	SEQC_Spl_M_021_3
GSM1328720	SEQC_Spl_M_021_4
GSM1328721	SEQC_Spl_M_104_1
GSM1328722	SEQC_Spl_M_104_2
GSM1328723	SEQC_Spl_M_104_3
GSM1328724	SEQC_Spl_M_104_4
GSM1328725	SEQC_Thm_F_002_1
GSM1328726	SEQC_Thm_F_002_2
GSM1328727	SEQC_Thm_F_002_3
GSM1328728	SEQC_Thm_F_002_4
GSM1328729	SEQC_Thm_F_006_1
GSM1328730	SEQC_Thm_F_006_2
GSM1328731	SEQC_Thm_F_006_3
GSM1328732	SEQC_Thm_F_006_4
GSM1328733	SEQC_Thm_F_021_1
GSM1328734	SEQC_Thm_F_021_2
GSM1328735	SEQC_Thm_F_021_3
GSM1328736	SEQC_Thm_F_021_4
GSM1328737	SEQC_Thm_F_104_1
GSM1328738	SEQC_Thm_F_104_2
GSM1328739	SEQC_Thm_F_104_3
GSM1328740	SEQC_Thm_F_104_4
GSM1328741	SEQC_Thm_M_002_1
GSM1328742	SEQC_Thm_M_002_2
GSM1328743	SEQC_Thm_M_002_3
GSM1328744	SEQC_Thm_M_002_4
GSM1328745	SEQC_Thm_M_006_1
GSM1328746	SEQC_Thm_M_006_2
GSM1328747	SEQC_Thm_M_006_3
GSM1328748	SEQC_Thm_M_006_4
GSM1328749	SEQC_Thm_M_021_1
GSM1328750	SEQC_Thm_M_021_2
GSM1328751	SEQC_Thm_M_021_3
GSM1328752	SEQC_Thm_M_021_4
GSM1328753	SEQC_Thm_M_104_1
GSM1328754	SEQC_Thm_M_104_2
GSM1328755	SEQC_Thm_M_104_3
GSM1328756	SEQC_Thm_M_104_4
GSM1328757	SEQC_Tst_M_002_1
GSM1328758	SEQC_Tst_M_002_2
GSM1328759	SEQC_Tst_M_002_3
GSM1328760	SEQC_Tst_M_002_4
GSM1328761	SEQC_Tst_M_006_1
GSM1328762	SEQC_Tst_M_006_2
GSM1328763	SEQC_Tst_M_006_3
GSM1328764	SEQC_Tst_M_006_4
GSM1328765	SEQC_Tst_M_021_1
GSM1328766	SEQC_Tst_M_021_2
GSM1328767	SEQC_Tst_M_021_3
GSM1328768	SEQC_Tst_M_021_4
GSM1328769	SEQC_Tst_M_104_1
GSM1328770	SEQC_Tst_M_104_2
GSM1328771	SEQC_Tst_M_104_3
GSM1328772	SEQC_Tst_M_104_4
GSM1328773	SEQC_Utr_F_002_1
GSM1328774	SEQC_Utr_F_002_2
GSM1328775	SEQC_Utr_F_002_3
GSM1328776	SEQC_Utr_F_002_4
GSM1328777	SEQC_Utr_F_006_1
GSM1328778	SEQC_Utr_F_006_2
GSM1328779	SEQC_Utr_F_006_3
GSM1328780	SEQC_Utr_F_006_4
GSM1328781	SEQC_Utr_F_021_1
GSM1328782	SEQC_Utr_F_021_2
GSM1328783	SEQC_Utr_F_021_3
GSM1328784	SEQC_Utr_F_021_4
GSM1328785	SEQC_Utr_F_104_1
GSM1328786	SEQC_Utr_F_104_2
GSM1328787	SEQC_Utr_F_104_3
GSM1328788	SEQC_Utr_F_104_4