Run,Assay Type,AvgSpotLen,Bases,BioProject,BioSample,Bytes,Center Name,Consent,DATASTORE filetype,DATASTORE provider,DATASTORE region,Experiment,Instrument,Library Name,LibraryLayout,LibrarySelection,LibrarySource,Organism,Platform,ReleaseDate,create_date,version,Sample Name,source_name,SRA Study,tissue,treatment
SRR21862792,RNA-Seq,189,5064796599,PRJNA889410,SAMN31242746,2820876140,CLEVELAND STATE UNIVERSITY,public,"sra,run.zq,fastq","gs,s3,ncbi","ncbi.public,s3.us-east-1,gs.us-east1",SRX17850575,Illumina HiSeq 2500,GSM6629061,PAIRED,cDNA,TRANSCRIPTOMIC,Arvicanthis niloticus,ILLUMINA,2022-12-09T00:00:00Z,2025-08-07T11:53:00Z,2,GSM6629061,Uterus.Nile,SRP401991,Uterus,No treatment - healthy tissue
SRR21862793,RNA-Seq,301,4191654514,PRJNA889410,SAMN31242747,1207609659,CLEVELAND STATE UNIVERSITY,public,"run.zq,fastq,sra","gs,s3,ncbi","ncbi.public,s3.us-east-1,gs.us-east1",SRX17850574,Illumina HiSeq 2500,GSM6629060,PAIRED,cDNA,TRANSCRIPTOMIC,Arvicanthis niloticus,ILLUMINA,2022-12-09T00:00:00Z,2025-08-07T12:07:00Z,2,GSM6629060,Trachea.Nile,SRP401991,Trachea,No treatment - healthy tissue
SRR21862794,RNA-Seq,292,2905915765,PRJNA889410,SAMN31242748,871771006,CLEVELAND STATE UNIVERSITY,public,"run.zq,fastq,sra","ncbi,gs,s3","ncbi.public,s3.us-east-1,gs.us-east1",SRX17850573,Illumina HiSeq 2500,GSM6629059,PAIRED,cDNA,TRANSCRIPTOMIC,Arvicanthis niloticus,ILLUMINA,2022-12-09T00:00:00Z,2025-08-07T12:08:00Z,2,GSM6629059,Thymus.Nile,SRP401991,Thymus,No treatment - healthy tissue
SRR21862795,RNA-Seq,280,383669281,PRJNA889410,SAMN31242749,122880683,CLEVELAND STATE UNIVERSITY,public,"sra,run.zq,fastq","gs,s3,ncbi","s3.us-east-1,ncbi.public,gs.us-east1",SRX17850572,Illumina HiSeq 2500,GSM6629058,PAIRED,cDNA,TRANSCRIPTOMIC,Arvicanthis niloticus,ILLUMINA,2022-12-09T00:00:00Z,2025-08-07T12:08:00Z,2,GSM6629058,Testis.Nile,SRP401991,Testis,No treatment - healthy tissue
SRR21862796,RNA-Seq,188,4771283685,PRJNA889410,SAMN31242750,2729637294,CLEVELAND STATE UNIVERSITY,public,"sra,run.zq,fastq","ncbi,s3,gs","ncbi.public,s3.us-east-1,gs.us-east1",SRX17850571,Illumina HiSeq 2500,GSM6629057,PAIRED,cDNA,TRANSCRIPTOMIC,Arvicanthis niloticus,ILLUMINA,2022-12-09T00:00:00Z,2025-08-07T12:10:00Z,2,GSM6629057,Stomach.NonGlandular.Nile,SRP401991,Stomach,No treatment - healthy tissue
SRR21862797,RNA-Seq,189,3719268932,PRJNA889410,SAMN31242751,2084774514,CLEVELAND STATE UNIVERSITY,public,"sra,fastq,run.zq","ncbi,gs,s3","ncbi.public,gs.us-east1,s3.us-east-1",SRX17850570,Illumina HiSeq 2500,GSM6629056,PAIRED,cDNA,TRANSCRIPTOMIC,Arvicanthis niloticus,ILLUMINA,2022-12-09T00:00:00Z,2025-08-07T12:11:00Z,2,GSM6629056,Stomach.Glandular.Nile,SRP401991,Stomach,No treatment - healthy tissue
SRR21862798,RNA-Seq,188,4126315182,PRJNA889410,SAMN31242752,2322177534,CLEVELAND STATE UNIVERSITY,public,"run.zq,sra,fastq","s3,ncbi,gs","ncbi.public,gs.us-east1,s3.us-east-1",SRX17850569,Illumina HiSeq 2500,GSM6629055,PAIRED,cDNA,TRANSCRIPTOMIC,Arvicanthis niloticus,ILLUMINA,2022-12-09T00:00:00Z,2025-08-07T12:12:00Z,2,GSM6629055,Spleen.Nile,SRP401991,Spleen,No treatment - healthy tissue
SRR21862799,RNA-Seq,189,4897519854,PRJNA889410,SAMN31242753,2760201171,CLEVELAND STATE UNIVERSITY,public,"run.zq,sra,fastq","s3,ncbi,gs","ncbi.public,s3.us-east-1,gs.us-east1",SRX17850568,Illumina HiSeq 2500,GSM6629054,PAIRED,cDNA,TRANSCRIPTOMIC,Arvicanthis niloticus,ILLUMINA,2022-12-09T00:00:00Z,2025-08-07T12:14:00Z,2,GSM6629054,Pancreas.Nile,SRP401991,Pancreas,No treatment - healthy tissue
SRR21862800,RNA-Seq,285,6255601200,PRJNA889410,SAMN31242754,2010348762,CLEVELAND STATE UNIVERSITY,public,"sra,run.zq,fastq","ncbi,gs,s3","ncbi.public,gs.us-east1,s3.us-east-1",SRX17850567,Illumina HiSeq 2500,GSM6629053,PAIRED,cDNA,TRANSCRIPTOMIC,Arvicanthis niloticus,ILLUMINA,2022-12-09T00:00:00Z,2025-08-07T12:15:00Z,2,GSM6629053,Pancreas.Nile,SRP401991,Pancreas,No treatment - healthy tissue
SRR21862801,RNA-Seq,188,4139369852,PRJNA889410,SAMN31242755,2351265145,CLEVELAND STATE UNIVERSITY,public,"fastq,sra,run.zq","gs,ncbi,s3","gs.us-east1,s3.us-east-1,ncbi.public",SRX17850566,Illumina HiSeq 2500,GSM6629052,PAIRED,cDNA,TRANSCRIPTOMIC,Arvicanthis niloticus,ILLUMINA,2022-12-09T00:00:00Z,2025-08-07T12:16:00Z,2,GSM6629052,Ovary.Nile,SRP401991,Ovary,No treatment - healthy tissue
SRR21862802,RNA-Seq,302,4150570405,PRJNA889410,SAMN31242756,1186823310,CLEVELAND STATE UNIVERSITY,public,"sra,fastq","gs,s3,ncbi","gs.us-east1,ncbi.public,s3.us-east-1",SRX17850565,Illumina HiSeq 2500,GSM6629051,PAIRED,cDNA,TRANSCRIPTOMIC,Arvicanthis niloticus,ILLUMINA,2022-12-09T00:00:00Z,2025-08-07T12:17:00Z,2,GSM6629051,Ovary.Nile,SRP401991,Ovary,No treatment - healthy tissue
SRR21862803,RNA-Seq,272,1074965110,PRJNA889410,SAMN31242757,347394964,CLEVELAND STATE UNIVERSITY,public,"fastq,run.zq,sra","ncbi,s3,gs","gs.us-east1,ncbi.public,s3.us-east-1",SRX17850564,Illumina HiSeq 2500,GSM6629050,PAIRED,cDNA,TRANSCRIPTOMIC,Arvicanthis niloticus,ILLUMINA,2022-12-09T00:00:00Z,2025-08-07T12:17:00Z,2,GSM6629050,Nerve.Sciatic.Nile,SRP401991,Nerve,No treatment - healthy tissue
SRR21862804,RNA-Seq,190,4491022485,PRJNA889410,SAMN31242758,2470132288,CLEVELAND STATE UNIVERSITY,public,"run.zq,sra,fastq","gs,ncbi,s3","s3.us-east-1,ncbi.public,gs.us-east1",SRX17850563,Illumina HiSeq 2500,GSM6629049,PAIRED,cDNA,TRANSCRIPTOMIC,Arvicanthis niloticus,ILLUMINA,2022-12-09T00:00:00Z,2025-08-07T12:19:00Z,2,GSM6629049,Nerve.Sciatic.Nile,SRP401991,Nerve,No treatment - healthy tissue
SRR21862805,RNA-Seq,271,768812516,PRJNA889410,SAMN31242759,248851895,CLEVELAND STATE UNIVERSITY,public,"run.zq,fastq,sra","s3,gs,ncbi","ncbi.public,gs.us-east1,s3.us-east-1",SRX17850562,Illumina HiSeq 2500,GSM6629048,PAIRED,cDNA,TRANSCRIPTOMIC,Arvicanthis niloticus,ILLUMINA,2022-12-09T00:00:00Z,2025-08-07T12:19:00Z,2,GSM6629048,Muscle.Skeletal.Nile,SRP401991,Muscle,No treatment - healthy tissue
SRR21862806,RNA-Seq,189,3788658650,PRJNA889410,SAMN31242760,2133597214,CLEVELAND STATE UNIVERSITY,public,"sra,run.zq,fastq","ncbi,s3,gs","gs.us-east1,ncbi.public,s3.us-east-1",SRX17850561,Illumina HiSeq 2500,GSM6629047,PAIRED,cDNA,TRANSCRIPTOMIC,Arvicanthis niloticus,ILLUMINA,2022-12-09T00:00:00Z,2025-08-07T12:20:00Z,2,GSM6629047,Muscle.Skeletal.Femur.Nile,SRP401991,Muscle,No treatment - healthy tissue
SRR21862807,RNA-Seq,188,4654306645,PRJNA889410,SAMN31242761,2678416244,CLEVELAND STATE UNIVERSITY,public,"run.zq,sra,fastq","gs,s3,ncbi","gs.us-east1,ncbi.public,s3.us-east-1",SRX17850560,Illumina HiSeq 2500,GSM6629046,PAIRED,cDNA,TRANSCRIPTOMIC,Arvicanthis niloticus,ILLUMINA,2022-12-09T00:00:00Z,2025-08-07T12:22:00Z,2,GSM6629046,Lung.Lobe.Left.Nile,SRP401991,Lung,No treatment - healthy tissue
SRR21862808,RNA-Seq,275,836376226,PRJNA889410,SAMN31242762,267932875,CLEVELAND STATE UNIVERSITY,public,"fastq,sra,run.zq","gs,s3,ncbi","gs.us-east1,ncbi.public,s3.us-east-1",SRX17850559,Illumina HiSeq 2500,GSM6629045,PAIRED,cDNA,TRANSCRIPTOMIC,Arvicanthis niloticus,ILLUMINA,2022-12-09T00:00:00Z,2025-08-07T12:22:00Z,2,GSM6629045,Liver.Nile,SRP401991,Liver,No treatment - healthy tissue
SRR21862809,RNA-Seq,187,4587716998,PRJNA889410,SAMN31242763,2645731442,CLEVELAND STATE UNIVERSITY,public,"sra,fastq,run.zq","ncbi,gs,s3","ncbi.public,s3.us-east-1,gs.us-east1",SRX17850558,Illumina HiSeq 2500,GSM6629044,PAIRED,cDNA,TRANSCRIPTOMIC,Arvicanthis niloticus,ILLUMINA,2022-12-09T00:00:00Z,2025-08-07T12:23:00Z,2,GSM6629044,Liver.Lobe.Biggest.Nile,SRP401991,Liver,No treatment - healthy tissue
SRR21862810,RNA-Seq,271,1492540653,PRJNA889410,SAMN31242764,482498593,CLEVELAND STATE UNIVERSITY,public,"run.zq,fastq,sra","s3,gs,ncbi","s3.us-east-1,ncbi.public,gs.us-east1",SRX17850557,Illumina HiSeq 2500,GSM6629043,PAIRED,cDNA,TRANSCRIPTOMIC,Arvicanthis niloticus,ILLUMINA,2022-12-09T00:00:00Z,2025-08-07T12:24:00Z,2,GSM6629043,Kidney.RenalPelvis.Nile,SRP401991,Kidney,No treatment - healthy tissue
SRR21862811,RNA-Seq,294,9734624168,PRJNA889410,SAMN31242765,2960820981,CLEVELAND STATE UNIVERSITY,public,"fastq,run.zq,sra","ncbi,gs,s3","ncbi.public,s3.us-east-1,gs.us-east1",SRX17850556,Illumina HiSeq 2500,GSM6629042,PAIRED,cDNA,TRANSCRIPTOMIC,Arvicanthis niloticus,ILLUMINA,2022-12-09T00:00:00Z,2025-08-07T12:25:00Z,2,GSM6629042,Kidney.RenalPelvis.Nile,SRP401991,Kidney,No treatment - healthy tissue
SRR21862812,RNA-Seq,189,3639854431,PRJNA889410,SAMN31242766,2036859484,CLEVELAND STATE UNIVERSITY,public,"fastq,run.zq,sra","s3,gs,ncbi","s3.us-east-1,ncbi.public,gs.us-east1",SRX17850555,Illumina HiSeq 2500,GSM6629041,PAIRED,cDNA,TRANSCRIPTOMIC,Arvicanthis niloticus,ILLUMINA,2022-12-09T00:00:00Z,2025-08-07T12:27:00Z,2,GSM6629041,Kidney.Medulla.Nile,SRP401991,Kidney,No treatment - healthy tissue
SRR21862813,RNA-Seq,189,4204580318,PRJNA889410,SAMN31242767,2384399627,CLEVELAND STATE UNIVERSITY,public,"fastq,run.zq,sra","gs,s3,ncbi","s3.us-east-1,gs.us-east1,ncbi.public",SRX17850554,Illumina HiSeq 2500,GSM6629040,PAIRED,cDNA,TRANSCRIPTOMIC,Arvicanthis niloticus,ILLUMINA,2022-12-09T00:00:00Z,2025-08-07T12:28:00Z,2,GSM6629040,Kidney.Cortex.Nile,SRP401991,Kidney,No treatment - healthy tissue
SRR21862814,RNA-Seq,189,2993289080,PRJNA889410,SAMN31242768,1698537870,CLEVELAND STATE UNIVERSITY,public,"sra,run.zq,fastq","ncbi,s3,gs","gs.us-east1,ncbi.public,s3.us-east-1",SRX17850553,Illumina HiSeq 2500,GSM6629039,PAIRED,cDNA,TRANSCRIPTOMIC,Arvicanthis niloticus,ILLUMINA,2022-12-09T00:00:00Z,2025-08-07T12:29:00Z,2,GSM6629039,Kidney.Artery.Nile,SRP401991,Kidney,No treatment - healthy tissue
SRR21862815,RNA-Seq,299,3713698909,PRJNA889410,SAMN31242769,1089666187,CLEVELAND STATE UNIVERSITY,public,"fastq,run.zq,sra","s3,gs,ncbi","gs.us-east1,ncbi.public,s3.us-east-1",SRX17850552,Illumina HiSeq 2500,GSM6629038,PAIRED,cDNA,TRANSCRIPTOMIC,Arvicanthis niloticus,ILLUMINA,2022-12-09T00:00:00Z,2025-08-07T12:29:00Z,2,GSM6629038,Kidney.AdrenalGland.Nile,SRP401991,Kidney,No treatment - healthy tissue
SRR21862816,RNA-Seq,301,3695880382,PRJNA889410,SAMN31242770,1072433489,CLEVELAND STATE UNIVERSITY,public,"sra,fastq,run.zq","s3,gs,ncbi","s3.us-east-1,gs.us-east1,ncbi.public",SRX17850551,Illumina HiSeq 2500,GSM6629037,PAIRED,cDNA,TRANSCRIPTOMIC,Arvicanthis niloticus,ILLUMINA,2022-12-09T00:00:00Z,2025-08-07T12:30:00Z,2,GSM6629037,Intestine.Rectum.Nile,SRP401991,Intestine,No treatment - healthy tissue
SRR21862817,RNA-Seq,189,4313135152,PRJNA889410,SAMN31242771,2457267414,CLEVELAND STATE UNIVERSITY,public,"fastq,run.zq,sra","s3,ncbi,gs","s3.us-east-1,ncbi.public,gs.us-east1",SRX17850550,Illumina HiSeq 2500,GSM6629036,PAIRED,cDNA,TRANSCRIPTOMIC,Arvicanthis niloticus,ILLUMINA,2022-12-09T00:00:00Z,2025-08-07T12:32:00Z,2,GSM6629036,Intestine.Jejunum.Nile,SRP401991,Intestine,No treatment - healthy tissue
SRR21862818,RNA-Seq,189,4716350662,PRJNA889410,SAMN31242772,2666417582,CLEVELAND STATE UNIVERSITY,public,"sra,fastq,run.zq","ncbi,s3,gs","gs.us-east1,ncbi.public,s3.us-east-1",SRX17850549,Illumina HiSeq 2500,GSM6629035,PAIRED,cDNA,TRANSCRIPTOMIC,Arvicanthis niloticus,ILLUMINA,2022-12-09T00:00:00Z,2025-08-07T12:33:00Z,2,GSM6629035,Intestine.Ileum.Nile,SRP401991,Intestine,No treatment - healthy tissue
SRR21862819,RNA-Seq,264,605012192,PRJNA889410,SAMN31242773,200590610,CLEVELAND STATE UNIVERSITY,public,"fastq,run.zq,sra","ncbi,s3,gs","gs.us-east1,s3.us-east-1,ncbi.public",SRX17850548,Illumina HiSeq 2500,GSM6629034,PAIRED,cDNA,TRANSCRIPTOMIC,Arvicanthis niloticus,ILLUMINA,2022-12-09T00:00:00Z,2025-08-07T12:33:00Z,2,GSM6629034,Intestine.Duodenum.Nile,SRP401991,Intestine,No treatment - healthy tissue
SRR21862820,RNA-Seq,189,3801666160,PRJNA889410,SAMN31242774,2164833303,CLEVELAND STATE UNIVERSITY,public,"run.zq,sra,fastq","ncbi,s3,gs","gs.us-east1,ncbi.public,s3.us-east-1",SRX17850547,Illumina HiSeq 2500,GSM6629033,PAIRED,cDNA,TRANSCRIPTOMIC,Arvicanthis niloticus,ILLUMINA,2022-12-09T00:00:00Z,2025-08-07T12:35:00Z,2,GSM6629033,Intestine.Duodenum.Nile,SRP401991,Intestine,No treatment - healthy tissue
SRR21862821,RNA-Seq,189,4410094897,PRJNA889410,SAMN31242775,2510426627,CLEVELAND STATE UNIVERSITY,public,"run.zq,fastq,sra","ncbi,gs,s3","gs.us-east1,s3.us-east-1,ncbi.public",SRX17850546,Illumina HiSeq 2500,GSM6629032,PAIRED,cDNA,TRANSCRIPTOMIC,Arvicanthis niloticus,ILLUMINA,2022-12-09T00:00:00Z,2025-08-07T12:36:00Z,2,GSM6629032,Intestine.Colon.Nile,SRP401991,Intestine,No treatment - healthy tissue
SRR21862822,RNA-Seq,301,3162321442,PRJNA889410,SAMN31242776,912147854,CLEVELAND STATE UNIVERSITY,public,"sra,fastq,run.zq","gs,s3,ncbi","gs.us-east1,s3.us-east-1,ncbi.public",SRX17850545,Illumina HiSeq 2500,GSM6629031,PAIRED,cDNA,TRANSCRIPTOMIC,Arvicanthis niloticus,ILLUMINA,2022-12-09T00:00:00Z,2025-08-07T12:37:00Z,2,GSM6629031,Intestine.Cecum.Nile,SRP401991,Intestine,No treatment - healthy tissue
SRR21862823,RNA-Seq,301,2973233481,PRJNA889410,SAMN31242777,859791746,CLEVELAND STATE UNIVERSITY,public,"fastq,sra,run.zq","gs,ncbi,s3","gs.us-east1,ncbi.public,s3.us-east-1",SRX17850544,Illumina HiSeq 2500,GSM6629030,PAIRED,cDNA,TRANSCRIPTOMIC,Arvicanthis niloticus,ILLUMINA,2022-12-09T00:00:00Z,2025-08-07T12:37:00Z,2,GSM6629030,Heart.Ventricle.Right.Nile,SRP401991,Heart,No treatment - healthy tissue
SRR21862824,RNA-Seq,188,5295326004,PRJNA889410,SAMN31242778,3010932248,CLEVELAND STATE UNIVERSITY,public,"run.zq,fastq,sra","gs,s3,ncbi","ncbi.public,gs.us-east1,s3.us-east-1",SRX17850543,Illumina HiSeq 2500,GSM6629029,PAIRED,cDNA,TRANSCRIPTOMIC,Arvicanthis niloticus,ILLUMINA,2022-12-09T00:00:00Z,2025-08-07T12:39:00Z,2,GSM6629029,Heart.Atrium.Right.Nile,SRP401991,Heart,No treatment - healthy tissue
SRR21862825,RNA-Seq,188,9928287555,PRJNA889410,SAMN31242779,5626560802,CLEVELAND STATE UNIVERSITY,public,"sra,fastq,run.zq","s3,ncbi,gs","s3.us-east-1,gs.us-east1,ncbi.public",SRX17850542,Illumina HiSeq 2500,GSM6629028,PAIRED,cDNA,TRANSCRIPTOMIC,Arvicanthis niloticus,ILLUMINA,2022-12-09T00:00:00Z,2025-08-07T12:42:00Z,2,GSM6629028,Eye.RPE.Nile,SRP401991,Eye,No treatment - healthy tissue
SRR21862826,RNA-Seq,188,8440967315,PRJNA889410,SAMN31242780,4824147838,CLEVELAND STATE UNIVERSITY,public,"run.zq,fastq,sra","s3,gs,ncbi","ncbi.public,s3.us-east-1,gs.us-east1",SRX17850541,Illumina HiSeq 2500,GSM6629027,PAIRED,cDNA,TRANSCRIPTOMIC,Arvicanthis niloticus,ILLUMINA,2022-12-09T00:00:00Z,2025-08-07T12:45:00Z,2,GSM6629027,Eye.Retina.Right.Nile,SRP401991,Eye,No treatment - healthy tissue
SRR21862827,RNA-Seq,280,1071279060,PRJNA889410,SAMN31242781,336060024,CLEVELAND STATE UNIVERSITY,public,"sra,run.zq,fastq","s3,gs,ncbi","s3.us-east-1,gs.us-east1,ncbi.public",SRX17850540,Illumina HiSeq 2500,GSM6629026,PAIRED,cDNA,TRANSCRIPTOMIC,Arvicanthis niloticus,ILLUMINA,2022-12-09T00:00:00Z,2025-08-07T12:45:00Z,2,GSM6629026,Eye.Retina.Nile,SRP401991,Eye,No treatment - healthy tissue
SRR21862828,RNA-Seq,188,9111954752,PRJNA889410,SAMN31242782,5209676718,CLEVELAND STATE UNIVERSITY,public,"run.zq,sra,fastq","ncbi,gs,s3","s3.us-east-1,ncbi.public,gs.us-east1",SRX17850539,Illumina HiSeq 2500,GSM6629025,PAIRED,cDNA,TRANSCRIPTOMIC,Arvicanthis niloticus,ILLUMINA,2022-12-09T00:00:00Z,2025-08-07T12:49:00Z,2,GSM6629025,Eye.Retina.Left.Nile,SRP401991,Eye,No treatment - healthy tissue
SRR21862829,RNA-Seq,188,4049580034,PRJNA889410,SAMN31242783,2303879791,CLEVELAND STATE UNIVERSITY,public,"fastq,run.zq,sra","ncbi,gs,s3","ncbi.public,gs.us-east1,s3.us-east-1",SRX17850538,Illumina HiSeq 2500,GSM6629024,PAIRED,cDNA,TRANSCRIPTOMIC,Arvicanthis niloticus,ILLUMINA,2022-12-09T00:00:00Z,2025-08-07T12:50:00Z,2,GSM6629024,Eye.Nerve.Optic.Nile,SRP401991,Eye,No treatment - healthy tissue
SRR21862830,RNA-Seq,188,3193511194,PRJNA889410,SAMN31242784,1841704322,CLEVELAND STATE UNIVERSITY,public,"fastq,sra,run.zq","ncbi,s3,gs","ncbi.public,s3.us-east-1,gs.us-east1",SRX17850537,Illumina HiSeq 2500,GSM6629023,PAIRED,cDNA,TRANSCRIPTOMIC,Arvicanthis niloticus,ILLUMINA,2022-12-09T00:00:00Z,2025-08-07T12:51:00Z,2,GSM6629023,Eye.Midbrain.Middle.Nile,SRP401991,Eye,No treatment - healthy tissue
SRR21862831,RNA-Seq,188,3705760257,PRJNA889410,SAMN31242785,2142717676,CLEVELAND STATE UNIVERSITY,public,"sra,fastq,run.zq","gs,ncbi,s3","ncbi.public,gs.us-east1,s3.us-east-1",SRX17850536,Illumina HiSeq 2500,GSM6629022,PAIRED,cDNA,TRANSCRIPTOMIC,Arvicanthis niloticus,ILLUMINA,2022-12-09T00:00:00Z,2025-08-07T12:53:00Z,2,GSM6629022,Eye.HarderianGland.Nile,SRP401991,Eye,No treatment - healthy tissue
SRR21862832,RNA-Seq,187,3929190829,PRJNA889410,SAMN31242786,2247020133,CLEVELAND STATE UNIVERSITY,public,"fastq,sra,run.zq","gs,ncbi,s3","s3.us-east-1,gs.us-east1,ncbi.public",SRX17850535,Illumina HiSeq 2500,GSM6629021,PAIRED,cDNA,TRANSCRIPTOMIC,Arvicanthis niloticus,ILLUMINA,2022-12-09T00:00:00Z,2025-08-07T12:54:00Z,2,GSM6629021,Eye.Cornea.Nile,SRP401991,Eye,No treatment - healthy tissue
SRR21862833,RNA-Seq,189,5023495333,PRJNA889410,SAMN31242787,2849125901,CLEVELAND STATE UNIVERSITY,public,"run.zq,fastq,sra","ncbi,gs,s3","ncbi.public,gs.us-east1,s3.us-east-1",SRX17850534,Illumina HiSeq 2500,GSM6629020,PAIRED,cDNA,TRANSCRIPTOMIC,Arvicanthis niloticus,ILLUMINA,2022-12-09T00:00:00Z,2025-08-07T12:56:00Z,2,GSM6629020,Esophagus.BarrettsEsophagusJunction.Nile,SRP401991,Esophagus,No treatment - healthy tissue
SRR21862834,RNA-Seq,189,4018873054,PRJNA889410,SAMN31242788,2269416009,CLEVELAND STATE UNIVERSITY,public,"sra,fastq,run.zq","ncbi,s3,gs","s3.us-east-1,gs.us-east1,ncbi.public",SRX17850533,Illumina HiSeq 2500,GSM6629019,PAIRED,cDNA,TRANSCRIPTOMIC,Arvicanthis niloticus,ILLUMINA,2022-12-09T00:00:00Z,2025-08-07T12:57:00Z,2,GSM6629019,Brain.ThalamusAndHypothalamus.Middle.Nile,SRP401991,Brain,No treatment - healthy tissue
SRR21862835,RNA-Seq,189,3831221338,PRJNA889410,SAMN31242789,2159774889,CLEVELAND STATE UNIVERSITY,public,"fastq,sra,run.zq","ncbi,s3,gs","s3.us-east-1,ncbi.public,gs.us-east1",SRX17850532,Illumina HiSeq 2500,GSM6629018,PAIRED,cDNA,TRANSCRIPTOMIC,Arvicanthis niloticus,ILLUMINA,2022-12-09T00:00:00Z,2025-08-07T12:58:00Z,2,GSM6629018,Brain.Rostral.Cortex.Middle.Nile,SRP401991,Brain,No treatment - healthy tissue
SRR21862836,RNA-Seq,189,4471778363,PRJNA889410,SAMN31242790,2510074605,CLEVELAND STATE UNIVERSITY,public,"sra,run.zq,fastq","ncbi,gs,s3","ncbi.public,gs.us-east1,s3.us-east-1",SRX17850531,Illumina HiSeq 2500,GSM6629017,PAIRED,cDNA,TRANSCRIPTOMIC,Arvicanthis niloticus,ILLUMINA,2022-12-09T00:00:00Z,2025-08-07T12:59:00Z,2,GSM6629017,Brain.ProximalSpinalCord.Nile,SRP401991,Brain,No treatment - healthy tissue
SRR21862837,RNA-Seq,188,4730455128,PRJNA889410,SAMN31242791,2710369635,CLEVELAND STATE UNIVERSITY,public,"fastq,sra,run.zq","gs,ncbi,s3","ncbi.public,s3.us-east-1,gs.us-east1",SRX17850530,Illumina HiSeq 2500,GSM6629016,PAIRED,cDNA,TRANSCRIPTOMIC,Arvicanthis niloticus,ILLUMINA,2022-12-09T00:00:00Z,2025-08-07T13:01:00Z,2,GSM6629016,Brain.Pons.Nile,SRP401991,Brain,No treatment - healthy tissue
SRR21862838,RNA-Seq,188,4404191637,PRJNA889410,SAMN31242792,2529354440,CLEVELAND STATE UNIVERSITY,public,"fastq,sra,run.zq","s3,ncbi,gs","gs.us-east1,s3.us-east-1,ncbi.public",SRX17850529,Illumina HiSeq 2500,GSM6629015,PAIRED,cDNA,TRANSCRIPTOMIC,Arvicanthis niloticus,ILLUMINA,2022-12-09T00:00:00Z,2025-08-07T13:02:00Z,2,GSM6629015,Brain.MedullaOblongata.Nile,SRP401991,Brain,No treatment - healthy tissue
SRR21862839,RNA-Seq,272,1223323457,PRJNA889410,SAMN31242793,394827910,CLEVELAND STATE UNIVERSITY,public,"sra,fastq,run.zq","gs,s3,ncbi","gs.us-east1,ncbi.public,s3.us-east-1",SRX17850528,Illumina HiSeq 2500,GSM6629014,PAIRED,cDNA,TRANSCRIPTOMIC,Arvicanthis niloticus,ILLUMINA,2022-12-09T00:00:00Z,2025-08-07T13:03:00Z,2,GSM6629014,Brain.Hippocampus.Nile,SRP401991,Brain,No treatment - healthy tissue
SRR21862840,RNA-Seq,188,4084368506,PRJNA889410,SAMN31242794,2342336236,CLEVELAND STATE UNIVERSITY,public,"run.zq,sra,fastq","s3,gs,ncbi","s3.us-east-1,gs.us-east1,ncbi.public",SRX17850527,Illumina HiSeq 2500,GSM6629013,PAIRED,cDNA,TRANSCRIPTOMIC,Arvicanthis niloticus,ILLUMINA,2022-12-09T00:00:00Z,2025-08-07T13:04:00Z,2,GSM6629013,Brain.Hippocampus.Left.Nile,SRP401991,Brain,No treatment - healthy tissue
SRR21862841,RNA-Seq,189,5594689725,PRJNA889410,SAMN31242795,3153444889,CLEVELAND STATE UNIVERSITY,public,"sra,fastq,run.zq","gs,s3,ncbi","ncbi.public,gs.us-east1,s3.us-east-1",SRX17850526,Illumina HiSeq 2500,GSM6629012,PAIRED,cDNA,TRANSCRIPTOMIC,Arvicanthis niloticus,ILLUMINA,2022-12-09T00:00:00Z,2025-08-07T13:06:00Z,2,GSM6629012,Brain.Cerebellum.Middle.Nile,SRP401991,Brain,No treatment - healthy tissue
SRR21862842,RNA-Seq,189,5309552526,PRJNA889410,SAMN31242796,2980180174,CLEVELAND STATE UNIVERSITY,public,"run.zq,fastq,sra","gs,ncbi,s3","ncbi.public,gs.us-east1,s3.us-east-1",SRX17850525,Illumina HiSeq 2500,GSM6629011,PAIRED,cDNA,TRANSCRIPTOMIC,Arvicanthis niloticus,ILLUMINA,2022-12-09T00:00:00Z,2025-08-07T13:07:00Z,2,GSM6629011,Brain.Caudal.Cortex.Left.Nile,SRP401991,Brain,No treatment - healthy tissue
SRR21862843,RNA-Seq,190,4943056796,PRJNA889410,SAMN31242797,2713530874,CLEVELAND STATE UNIVERSITY,public,"fastq,run.zq,sra","gs,ncbi,s3","s3.us-east-1,ncbi.public,gs.us-east1",SRX17850524,Illumina HiSeq 2500,GSM6629010,PAIRED,cDNA,TRANSCRIPTOMIC,Arvicanthis niloticus,ILLUMINA,2022-12-09T00:00:00Z,2025-08-07T13:09:00Z,2,GSM6629010,BoneMarrow.Nile,SRP401991,BoneMarrow,No treatment - healthy tissue
SRR21862844,RNA-Seq,271,970093579,PRJNA889410,SAMN31242798,314963919,CLEVELAND STATE UNIVERSITY,public,"sra,run.zq,fastq","s3,gs,ncbi","ncbi.public,gs.us-east1,s3.us-east-1",SRX17850523,Illumina HiSeq 2500,GSM6629009,PAIRED,cDNA,TRANSCRIPTOMIC,Arvicanthis niloticus,ILLUMINA,2022-12-09T00:00:00Z,2025-08-07T13:09:00Z,2,GSM6629009,Bone.Femur.Nile,SRP401991,Bone,No treatment - healthy tissue
SRR21862845,RNA-Seq,190,4635338550,PRJNA889410,SAMN31242799,2523579434,CLEVELAND STATE UNIVERSITY,public,"fastq,sra,run.zq","s3,ncbi,gs","s3.us-east-1,ncbi.public,gs.us-east1",SRX17850522,Illumina HiSeq 2500,GSM6629008,PAIRED,cDNA,TRANSCRIPTOMIC,Arvicanthis niloticus,ILLUMINA,2022-12-09T00:00:00Z,2025-08-07T13:10:00Z,2,GSM6629008,Bone.Femur.Nile,SRP401991,Bone,No treatment - healthy tissue
SRR21862846,RNA-Seq,301,2501225718,PRJNA889410,SAMN31242800,723718906,CLEVELAND STATE UNIVERSITY,public,"run.zq,sra,fastq","s3,gs,ncbi","gs.us-east1,s3.us-east-1,ncbi.public",SRX17850521,Illumina HiSeq 2500,GSM6629007,PAIRED,cDNA,TRANSCRIPTOMIC,Arvicanthis niloticus,ILLUMINA,2022-12-09T00:00:00Z,2025-08-07T13:11:00Z,2,GSM6629007,Bladder.Nile,SRP401991,Bladder,No treatment - healthy tissue
SRR21862847,RNA-Seq,303,2852566330,PRJNA889410,SAMN31242801,807415148,CLEVELAND STATE UNIVERSITY,public,"sra,fastq","gs,s3,ncbi","gs.us-east1,ncbi.public,s3.us-east-1",SRX17850520,Illumina HiSeq 2500,GSM6629006,PAIRED,cDNA,TRANSCRIPTOMIC,Arvicanthis niloticus,ILLUMINA,2022-12-09T00:00:00Z,2025-08-07T13:11:00Z,2,GSM6629006,Adipose.Mesentery.Nile,SRP401991,Adipose,No treatment - healthy tissue
SRR21862848,RNA-Seq,190,4836001308,PRJNA889410,SAMN31242802,2697303898,CLEVELAND STATE UNIVERSITY,public,"fastq,run.zq,sra","ncbi,gs,s3","gs.us-east1,ncbi.public,s3.us-east-1",SRX17850519,Illumina HiSeq 2500,GSM6629005,PAIRED,cDNA,TRANSCRIPTOMIC,Arvicanthis niloticus,ILLUMINA,2022-12-09T00:00:00Z,2025-08-07T13:13:00Z,2,GSM6629005,Adipose.InguinalFat.Nile,SRP401991,Adipose,No treatment - healthy tissue
SRR21862849,RNA-Seq,190,5074271198,PRJNA889410,SAMN31242803,2831725915,CLEVELAND STATE UNIVERSITY,public,"sra,run.zq,fastq","s3,ncbi,gs","gs.us-east1,ncbi.public,s3.us-east-1",SRX17850518,Illumina HiSeq 2500,GSM6629004,PAIRED,cDNA,TRANSCRIPTOMIC,Arvicanthis niloticus,ILLUMINA,2022-12-09T00:00:00Z,2025-08-07T13:14:00Z,2,GSM6629004,Adipose.BrownFat.Nile,SRP401991,Adipose,No treatment - healthy tissue
SRR21862850,RNA-Seq,302,2685667957,PRJNA889410,SAMN31242804,767269640,CLEVELAND STATE UNIVERSITY,public,"fastq,sra","s3,gs,ncbi","s3.us-east-1,gs.us-east1,ncbi.public",SRX17850517,Illumina HiSeq 2500,GSM6629003,PAIRED,cDNA,TRANSCRIPTOMIC,Arvicanthis niloticus,ILLUMINA,2022-12-09T00:00:00Z,2025-08-07T13:15:00Z,2,GSM6629003,Adipose.AdrenalGland.Nile,SRP401991,Adipose,No treatment - healthy tissue
