Sample_ID,Libray_Processing_Order,RNA_Sample_ID,Flowcell,Lane,ERCC_Mix,BarCode,RNA_A260.A280_Ratio,RNA_RIN,Library_Con_ng.ul,Organ,Organ_Abbr_2chars,Organ_Abbr_3chars,Age_Week,Sex,Replicate,Sample_Name_Alt,Genome_Ratio,Aceview_Ratio,ERCC_Ratio,rRNA_Ratio,Total_Reads
Adr_F_002_1,95,130,2,2,M1,11,1.97,9.3,34.2,Adrenal,Ad,Adr,2,F,1,Ad_F_2_1,0.907808577,0.368091097,0.006529625,0.079275695,32893912
Adr_F_002_2,125,138,2,5,M1,5,1.99,9.1,34.7,Adrenal,Ad,Adr,2,F,2,Ad_F_2_2,0.903224246,0.353310122,0.006970713,0.081673998,34216259
Adr_F_002_3,195,146,3,4,M1,3,2,9.5,37.1,Adrenal,Ad,Adr,2,F,3,Ad_F_2_3,0.905964379,0.38628231,0.005669921,0.061025589,40353070
Adr_F_002_4,65,154,1,7,M1,5,1.99,8.5,34.5,Adrenal,Ad,Adr,2,F,4,Ad_F_2_4,0.904932103,0.368221569,0.006531636,0.069231066,38142330
Adr_F_006_1,315,132,4,8,M1,3,1.99,9.4,41.7,Adrenal,Ad,Adr,6,F,1,Ad_F_6_1,0.884944985,0.373099433,0.006226014,0.111908314,42169397
Adr_F_006_2,55,140,1,6,M1,7,2.02,9.3,32.4,Adrenal,Ad,Adr,6,F,2,Ad_F_6_2,0.890002116,0.369243968,0.006534422,0.104646649,41031429
Adr_F_006_3,115,148,2,4,M1,7,2.02,9.5,34.7,Adrenal,Ad,Adr,6,F,3,Ad_F_6_3,0.885224778,0.356206584,0.007291009,0.101048894,42537053
Adr_F_006_4,285,156,4,5,M1,9,2.02,8.9,34.2,Adrenal,Ad,Adr,6,F,4,Ad_F_6_4,0.883539587,0.502217864,0.004915385,0.077030985,40723528
Adr_F_021_1,275,134,4,4,M1,11,1.89,9.5,35.8,Adrenal,Ad,Adr,21,F,1,Ad_F_21_1,0.880461967,0.359938309,0.006356109,0.129329471,56640235
Adr_F_021_2,235,142,3,8,M1,7,1.93,9.5,36.5,Adrenal,Ad,Adr,21,F,2,Ad_F_21_2,0.878446502,0.374893287,0.005064815,0.125009987,63167739
Adr_F_021_3,45,150,1,5,M1,9,1.89,9.5,32.4,Adrenal,Ad,Adr,21,F,3,Ad_F_21_3,0.868982152,0.349769811,0.006470469,0.154818422,33336402
Adr_F_021_4,225,158,3,7,M1,9,1.89,9,35.2,Adrenal,Ad,Adr,21,F,4,Ad_F_21_4,0.869828561,0.468981896,0.003320769,0.11762813,49973385
Adr_F_104_1,205,136,3,5,M1,1,2.01,9.5,33.5,Adrenal,Ad,Adr,104,F,1,Ad_F_100_1,0.895326478,0.358424927,0.005283423,0.094806653,50959286
Adr_F_104_2,85,144,2,1,M1,1,2,9.2,35,Adrenal,Ad,Adr,104,F,2,Ad_F_100_2,0.891804909,0.35434766,0.007338066,0.11326063,39499844
Adr_F_104_3,155,152,2,8,M1,11,1.99,8.9,44.1,Adrenal,Ad,Adr,104,F,3,Ad_F_100_3,0.893201969,0.372651931,0.006852419,0.106290933,30406326
Adr_F_104_4,165,160,3,1,M1,9,1.99,8.8,35,Adrenal,Ad,Adr,104,F,4,Ad_F_100_4,0.885138916,0.36028493,0.007679129,0.104500621,44512172
Adr_M_002_1,215,129,3,6,M1,11,1.95,9.2,34,Adrenal,Ad,Adr,2,M,1,Ad_M_2_1,0.909843991,0.3611464,0.003548804,0.072587423,43217205
Adr_M_002_2,255,137,4,2,M1,3,2.04,9.4,38,Adrenal,Ad,Adr,2,M,2,Ad_M_2_2,0.904603149,0.372302509,0.007120865,0.073995901,34086099
Adr_M_002_3,265,145,4,3,M1,1,1.98,9.1,35.7,Adrenal,Ad,Adr,2,M,3,Ad_M_2_3,0.901438752,0.375049502,0.007904658,0.080439316,54623694
Adr_M_002_4,105,153,2,3,M1,9,2.02,8.9,31.3,Adrenal,Ad,Adr,2,M,4,Ad_M_2_4,0.90561795,0.47819243,0.007605515,0.057741236,58382411
Adr_M_006_1,295,131,4,6,M1,7,2,9.4,34,Adrenal,Ad,Adr,6,M,1,Ad_M_6_1,0.886731161,0.374263166,0.006014536,0.098087603,47795886
Adr_M_006_2,245,139,4,1,M1,5,1.99,9.3,39.1,Adrenal,Ad,Adr,6,M,2,Ad_M_6_2,0.873018315,0.357618628,0.007142885,0.110932419,39095817
Adr_M_006_3,185,147,3,3,M1,5,2.01,9.5,36.2,Adrenal,Ad,Adr,6,M,3,Ad_M_6_3,0.880173126,0.366937091,0.006385755,0.110467507,58990226
Adr_M_006_4,305,155,4,7,M1,5,2,9,33.1,Adrenal,Ad,Adr,6,M,4,Ad_M_6_4,0.886019574,0.509913862,0.004887826,0.078900508,58471533
Adr_M_021_1,35,133,1,4,M1,11,1.95,8.6,30.4,Adrenal,Ad,Adr,21,M,1,Ad_M_21_1,0.894613596,0.373277814,0.007480073,0.114190895,38592942
Adr_M_021_2,145,141,2,7,M1,1,1.96,9.5,40.2,Adrenal,Ad,Adr,21,M,2,Ad_M_21_2,0.898465487,0.378427228,0.006736399,0.092888881,42966993
Adr_M_021_3,175,149,3,2,M1,7,1.99,9.2,37.7,Adrenal,Ad,Adr,21,M,3,Ad_M_21_3,0.870460373,0.365349615,0.007299672,0.125233669,53013485
Adr_M_021_4,5,157,1,1,M1,5,1.94,9,32.9,Adrenal,Ad,Adr,21,M,4,Ad_M_21_4,0.890249173,0.384978536,0.008850748,0.099909994,40308635
Adr_M_104_1,75,135,1,8,M1,3,1.99,9.5,34.1,Adrenal,Ad,Adr,104,M,1,Ad_M_100_1,0.891884093,0.373853849,0.007525327,0.100393381,34273669
Adr_M_104_2,25,143,1,3,M1,1,1.99,9.4,32.2,Adrenal,Ad,Adr,104,M,2,Ad_M_100_2,0.892923413,0.510672838,0.007741515,0.073206276,57005782
Adr_M_104_3,135,151,2,6,M1,3,2.02,8.8,36.4,Adrenal,Ad,Adr,104,M,3,Ad_M_100_3,0.894065065,0.377084126,0.007908703,0.094658834,28975806
Adr_M_104_4,15,159,1,2,M1,3,1.99,8.9,28.9,Adrenal,Ad,Adr,104,M,4,Ad_M_100_4,0.889845985,0.385206353,0.009275521,0.105258401,33413724
Brn_F_002_1,43,66,1,5,M1,7,2.05,9.9,32.1,Brain,Br,Brn,2,F,1,Br_F_2_1,0.902753132,0.365207204,0.008840381,0.075154493,40243776
Brn_F_002_2,223,74,3,7,M1,7,2.04,9.6,34.6,Brain,Br,Brn,2,F,2,Br_F_2_2,0.901539342,0.478505731,0.003896804,0.061350355,55894697
Brn_F_002_3,133,82,2,6,M1,1,2.04,9.1,27.4,Brain,Br,Brn,2,F,3,Br_F_2_3,0.897962187,0.372520647,0.009324195,0.084154991,52132882
Brn_F_002_4,213,90,3,6,M1,9,2.06,10,36.4,Brain,Br,Brn,2,F,4,Br_F_2_4,0.900737091,0.34744005,0.005462622,0.079141388,46304026
Brn_F_006_1,303,68,4,7,M1,3,2.05,9.1,37,Brain,Br,Brn,6,F,1,Br_F_6_1,0.893262745,0.509442938,0.00519046,0.065956292,36770720
Brn_F_006_2,284,108,4,5,M1,8,2.04,9.3,32.3,Brain,Br,Brn,6,F,2,Br_F_6_2,0.874968138,0.510873363,0.006379162,0.064609919,40981364
Brn_F_006_3,273,84,4,4,M1,9,2.06,9,37.6,Brain,Br,Brn,6,F,3,Br_F_6_3,0.88864612,0.381115833,0.009743908,0.086115844,42839368
Brn_F_006_4,283,92,4,5,M1,7,2.05,9.7,32.7,Brain,Br,Brn,6,F,4,Br_F_6_4,0.896520633,0.496783324,0.00572798,0.067979894,45933093
Brn_F_021_1,63,70,1,7,M1,3,2.02,9.5,36.7,Brain,Br,Brn,21,F,1,Br_F_21_1,0.898268818,0.374550799,0.009231022,0.085063822,30816305
Brn_F_021_2,163,78,3,1,M1,7,1.87,9.1,37.8,Brain,Br,Brn,21,F,2,Br_F_21_2,0.892892984,0.365330371,0.008040909,0.10032908,56085643
Brn_F_021_3,153,86,2,8,M1,9,1.9,9.1,41,Brain,Br,Brn,21,F,3,Br_F_21_3,0.901450029,0.374991144,0.006924269,0.093378345,37425957
Brn_F_021_4,123,94,2,5,M1,3,1.87,9.6,34.3,Brain,Br,Brn,21,F,4,Br_F_21_4,0.904577005,0.335966433,0.006951085,0.085661781,30959602
Brn_F_104_1,103,72,2,3,M1,7,2.04,9.3,35,Brain,Br,Brn,104,F,1,Br_F_100_1,0.740674191,0.412757269,0.007125189,0.076503075,56057901
Brn_F_104_2,253,80,4,2,M1,1,1.91,9.2,34.3,Brain,Br,Brn,104,F,2,Br_F_100_2,0.897472606,0.366416656,0.007643951,0.094443485,47681218
Brn_F_104_3,233,88,3,8,M1,5,1.96,9.7,35.5,Brain,Br,Brn,104,F,3,Br_F_100_3,0.897705151,0.371463037,0.00508095,0.085361387,65666976
Brn_F_104_4,173,96,3,2,M1,5,1.97,9.6,35.1,Brain,Br,Brn,104,F,4,Br_F_100_4,0.899151236,0.364214,0.007623419,0.077394507,66613288
Brn_M_002_1,3,65,1,1,M1,3,2.06,10,27.5,Brain,Br,Brn,2,M,1,Br_M_2_1,0.895402207,0.373026315,0.01184687,0.089710952,29965640
Brn_M_002_2,23,73,1,3,M1,11,2.04,9.9,22.4,Brain,Br,Brn,2,M,2,Br_M_2_2,0.892135116,0.469028736,0.009237604,0.071918734,51323751
Brn_M_002_3,263,81,4,3,M1,11,2.06,9.6,35.8,Brain,Br,Brn,2,M,3,Br_M_2_3,0.899407564,0.367242053,0.009235893,0.069629534,57541039
Brn_M_002_4,83,89,2,1,M1,11,2.03,9.9,33,Brain,Br,Brn,2,M,4,Br_M_2_4,0.90623464,0.368493591,0.008815454,0.069093717,33250363
Brn_M_006_1,313,67,4,8,M1,1,2.05,9.6,38.1,Brain,Br,Brn,6,M,1,Br_M_6_1,0.90119561,0.360982065,0.006246797,0.079038161,45953040
Brn_M_006_2,293,75,4,6,M1,5,1.93,9.3,34.2,Brain,Br,Brn,6,M,2,Br_M_6_2,0.900528087,0.353765141,0.005903209,0.077518464,56030679
Brn_M_006_3,113,83,2,4,M1,5,2.08,9.1,37.8,Brain,Br,Brn,6,M,3,Br_M_6_3,0.888732822,0.353515685,0.009128405,0.093323874,35332949
Brn_M_006_4,243,91,4,1,M1,3,2.03,9.4,38.4,Brain,Br,Brn,6,M,4,Br_M_6_4,0.897252432,0.360650394,0.009534596,0.085033983,35757661
Brn_M_021_1,193,69,3,4,M1,1,2.03,9.6,38.4,Brain,Br,Brn,21,M,1,Br_M_21_1,0.902579651,0.359462722,0.007450755,0.08118794,46611957
Brn_M_021_2,93,77,2,2,M1,9,1.98,8.9,34.1,Brain,Br,Brn,21,M,2,Br_M_21_2,0.895857069,0.37060771,0.011127344,0.088804483,33650904
Brn_M_021_3,73,85,1,8,M1,1,2.05,9.2,33.6,Brain,Br,Brn,21,M,3,Br_M_21_3,0.893951295,0.373825626,0.009780964,0.095512378,39897816
Brn_M_021_4,143,93,2,7,M1,11,2.04,9.2,42.8,Brain,Br,Brn,21,M,4,Br_M_21_4,0.904024327,0.372028797,0.007330184,0.089945713,34318172
Brn_M_104_1,203,71,3,5,M1,11,1.93,9.5,33.6,Brain,Br,Brn,104,M,1,Br_M_100_1,0.907995763,0.329671717,0.005117719,0.081672739,45048861
Brn_M_104_2,53,79,1,6,M1,5,1.92,9.3,39.3,Brain,Br,Brn,104,M,2,Br_M_100_2,0.899611302,0.375692535,0.00787933,0.081168168,36847461
Brn_M_104_3,33,87,1,4,M1,9,1.96,9.5,30.8,Brain,Br,Brn,104,M,3,Br_M_100_3,0.890325146,0.379168498,0.009250108,0.110433691,34192975
Brn_M_104_4,183,95,3,3,M1,3,2.05,9.3,37.6,Brain,Br,Brn,104,M,4,Br_M_100_4,0.903205904,0.36772652,0.007433463,0.080615142,40326338
Hrt_F_002_1,106,162,2,3,M2,10,1.96,9.4,32.3,Heart,He,Hrt,2,F,1,He_F_2_1,0.843689008,0.400205878,0.005794187,0.158122261,71753459
Hrt_F_002_2,66,170,1,7,M2,6,1.91,9.5,35.6,Heart,He,Hrt,2,F,2,He_F_2_2,0.847476628,0.312234324,0.007661794,0.170785807,34698255
Hrt_F_002_3,176,178,3,2,M2,8,1.84,9.3,38.1,Heart,He,Hrt,2,F,3,He_F_2_3,0.855126714,0.313810545,0.007413404,0.161752914,53175352
Hrt_F_002_4,6,186,1,1,M2,6,1.91,9.1,30.7,Heart,He,Hrt,2,F,4,He_F_2_4,0.842242954,0.30590071,0.009436318,0.189755001,41243912
Hrt_F_006_1,196,164,3,4,M2,4,2.04,9.3,36.9,Heart,He,Hrt,6,F,1,He_F_6_1,0.807465316,0.336504365,0.014495102,0.19140286,52332678
Hrt_F_006_2,46,172,1,5,M2,10,2.04,9.3,31.7,Heart,He,Hrt,6,F,2,He_F_6_2,0.829384087,0.302642963,0.00946789,0.233040441,42882028
Hrt_F_006_3,236,180,3,8,M2,8,1.95,9,39.3,Heart,He,Hrt,6,F,3,He_F_6_3,0.837918237,0.307273444,0.005641717,0.209849072,62408439
Hrt_F_006_4,246,188,4,1,M2,6,2.06,8.9,35.1,Heart,He,Hrt,6,F,4,He_F_6_4,0.829522379,0.322202718,0.009306674,0.216955159,51750887
Hrt_F_021_1,76,166,1,8,M2,4,2.01,9,37,Heart,He,Hrt,21,F,1,He_F_21_1,0.838916545,0.315920707,0.006878033,0.200295643,38346452
Hrt_F_021_2,256,174,4,2,M2,4,2.01,8.8,36.9,Heart,He,Hrt,21,F,2,He_F_21_2,0.833399654,0.315489907,0.007890284,0.197594694,45833002
Hrt_F_021_3,16,182,1,2,M2,4,2,8.8,31.7,Heart,He,Hrt,21,F,3,He_F_21_3,0.823036877,0.304049295,0.009394119,0.214076078,33774162
Hrt_F_021_4,316,190,4,8,M2,4,1.98,8.7,38.6,Heart,He,Hrt,21,F,4,He_F_21_4,0.839238794,0.326618508,0.006838148,0.185968754,49682374
Hrt_F_104_1,306,168,4,7,M2,6,2.01,9.1,34.9,Heart,He,Hrt,104,F,1,He_F_100_1,0.830637375,0.433603943,0.006220879,0.168956011,51186027
Hrt_F_104_2,56,176,1,6,M2,8,2.02,8.7,35.4,Heart,He,Hrt,104,F,2,He_F_100_2,0.840926616,0.327077593,0.009389433,0.199044082,36461517
Hrt_F_104_3,96,184,2,2,M2,12,2.04,8.8,32.8,Heart,He,Hrt,104,F,3,He_F_100_3,0.832846353,0.301972045,0.010150934,0.227555978,42692898
Hrt_F_104_4,146,192,2,7,M2,2,2,8.7,41.1,Heart,He,Hrt,104,F,4,He_F_100_4,0.835875772,0.310242163,0.006703525,0.22582174,43540195
Hrt_M_002_1,286,161,4,5,M2,10,2.06,9.7,32.1,Heart,He,Hrt,2,M,1,He_M_2_1,0.847959025,0.431516316,0.005699932,0.132778842,53390578
Hrt_M_002_2,206,169,3,5,M2,2,2.04,9.5,33.3,Heart,He,Hrt,2,M,2,He_M_2_2,0.853836453,0.327329232,0.006541313,0.159547371,60430937
Hrt_M_002_3,166,177,3,1,M2,10,2.07,9.5,36.4,Heart,He,Hrt,2,M,3,He_M_2_3,0.844771047,0.312035524,0.008944818,0.170152558,49064469
Hrt_M_002_4,226,185,3,7,M2,10,2.06,9.2,35.6,Heart,He,Hrt,2,M,4,He_M_2_4,0.850756643,0.434359076,0.005293586,0.127040353,51566182
Hrt_M_006_1,276,163,4,4,M2,12,2.05,9,33.7,Heart,He,Hrt,6,M,1,He_M_6_1,0.828302979,0.317251839,0.009710288,0.211747077,57904914
Hrt_M_006_2,126,171,2,5,M2,6,2.04,9.1,36.2,Heart,He,Hrt,6,M,2,He_M_6_2,0.825821515,0.299770812,0.008329185,0.233542734,36396595
Hrt_M_006_3,136,179,2,6,M2,4,2.03,9.2,34.9,Heart,He,Hrt,6,M,3,He_M_6_3,0.827637857,0.317644858,0.008052606,0.217362227,39431813
Hrt_M_006_4,36,187,1,4,M2,12,2.04,8.7,32.3,Heart,He,Hrt,6,M,4,He_M_6_4,0.827101606,0.31395534,0.0118861,0.227372827,48413209
Hrt_M_021_1,26,165,1,3,M2,2,2.02,8.7,27,Heart,He,Hrt,21,M,1,He_M_21_1,0.80312801,0.383308697,0.021197059,0.196941792,56776103
Hrt_M_021_2,116,173,2,4,M2,8,2.02,8.7,33.6,Heart,He,Hrt,21,M,2,He_M_21_2,0.827245465,0.293770696,0.010084887,0.222166879,39049562
Hrt_M_021_3,216,181,3,6,M2,12,2,8.7,35.3,Heart,He,Hrt,21,M,3,He_M_21_3,0.835547132,0.305007934,0.006447303,0.213967732,52427869
Hrt_M_021_4,266,189,4,3,M2,2,2.02,8.5,36.1,Heart,He,Hrt,21,M,4,He_M_21_4,0.830436656,0.314320152,0.009160509,0.215023212,57888428
Hrt_M_104_1,186,167,3,3,M2,6,1.94,8.7,37,Heart,He,Hrt,104,M,1,He_M_100_1,0.827438484,0.326342487,0.008759607,0.214490342,54938916
Hrt_M_104_2,156,175,2,8,M2,12,2.03,8.9,39.9,Heart,He,Hrt,104,M,2,He_M_100_2,0.851487637,0.329008678,0.007166147,0.194884661,40866129
Hrt_M_104_3,86,183,2,1,M2,2,1.96,8.6,34.1,Heart,He,Hrt,104,M,3,He_M_100_3,0.846997551,0.331334516,0.010036949,0.191846542,39569732
Hrt_M_104_4,296,191,4,6,M2,8,2.01,8.6,34.6,Heart,He,Hrt,104,M,4,He_M_100_4,0.845638035,0.331115305,0.008129662,0.181558668,51692814
Kdn_F_002_1,317,194,4,8,M2,5,2.04,9.3,38.9,Kidney,Ki,Kdn,2,F,1,Ki_F_2_1,0.898004284,0.383502461,0.006991341,0.07711608,53808204
Kdn_F_002_2,77,202,1,8,M2,5,2.01,8,37.1,Kidney,Ki,Kdn,2,F,2,Ki_F_2_2,0.880586877,0.347537339,0.008516469,0.107062402,33119938
Kdn_F_002_3,67,210,1,7,M2,7,2.02,8.5,34,Kidney,Ki,Kdn,2,F,3,Ki_F_2_3,0.901881427,0.36354881,0.007120581,0.07459241,41484642
Kdn_F_002_4,207,218,3,5,M2,3,2,8.8,33.1,Kidney,Ki,Kdn,2,F,4,Ki_F_2_4,0.908058869,0.3730604,0.005563529,0.068824012,51461396
Kdn_F_006_1,227,196,3,7,M2,11,2.04,8.8,36,Kidney,Ki,Kdn,6,F,1,Ki_F_6_1,0.879376507,0.503451141,0.005242156,0.094121502,39090168
Kdn_F_006_2,287,204,4,5,M2,11,1.95,8.5,32.4,Kidney,Ki,Kdn,6,F,2,Ki_F_6_2,0.880621819,0.520460493,0.005944216,0.083269933,43344456
Kdn_F_006_3,117,212,2,4,M2,9,1.97,8.5,31.4,Kidney,Ki,Kdn,6,F,3,Ki_F_6_3,0.885572733,0.39963886,0.009374096,0.103047441,44729763
Kdn_F_006_4,237,220,3,8,M2,9,2.05,9,42.8,Kidney,Ki,Kdn,6,F,4,Ki_F_6_4,0.874487313,0.400940246,0.007216597,0.121238749,46056348
Kdn_F_021_1,187,198,3,3,M2,7,1.96,8.6,35.7,Kidney,Ki,Kdn,21,F,1,Ki_F_21_1,0.888690492,0.382986616,0.00717703,0.116036286,56071180
Kdn_F_021_2,297,206,4,6,M2,9,2.03,8.3,33.7,Kidney,Ki,Kdn,21,F,2,Ki_F_21_2,0.884195443,0.392354217,0.00807499,0.112716261,46382154
Kdn_F_021_3,177,214,3,2,M2,9,2.02,8.5,42.4,Kidney,Ki,Kdn,21,F,3,Ki_F_21_3,0.881897769,0.383084029,0.008990478,0.109226951,43488475
Kdn_F_021_4,247,222,4,1,M2,7,1.99,8.7,35.4,Kidney,Ki,Kdn,21,F,4,Ki_F_21_4,0.890932138,0.392469625,0.008069928,0.102886394,48089114
Kdn_F_104_1,57,200,1,6,M2,9,1.94,8.8,29.9,Kidney,Ki,Kdn,104,F,1,Ki_F_100_1,0.891080471,0.395042875,0.008804147,0.108818752,42324958
Kdn_F_104_2,137,208,2,6,M2,5,1.99,8.2,36.2,Kidney,Ki,Kdn,104,F,2,Ki_F_100_2,0.89325707,0.385719168,5.44E-05,0.120582176,39783536
Kdn_F_104_3,217,216,3,6,M2,1,1.98,8.6,34.3,Kidney,Ki,Kdn,104,F,3,Ki_F_100_3,0.893097694,0.384874983,0.006638542,0.092746207,53702805
Kdn_F_104_4,167,224,3,1,M2,11,1.98,9.6,39.1,Kidney,Ki,Kdn,104,F,4,Ki_F_100_4,0.88730364,0.374100745,0.008521461,0.119100206,46123420
Kdn_M_002_1,107,193,2,3,M2,11,2.01,8.6,33.3,Kidney,Ki,Kdn,2,M,1,Ki_M_2_1,0.901267529,0.451019751,0.007026034,0.066119888,48304048
Kdn_M_002_2,267,201,4,3,M2,3,1.99,9,36.2,Kidney,Ki,Kdn,2,M,2,Ki_M_2_2,0.902057154,0.365510861,0.006983824,0.072236699,43849613
Kdn_M_002_3,27,209,1,3,M2,3,1.99,9.3,33.6,Kidney,Ki,Kdn,2,M,3,Ki_M_2_3,0.898495538,0.450986966,0.007600787,0.063921376,48712708
Kdn_M_002_4,257,217,4,2,M2,5,1.96,9.3,35.6,Kidney,Ki,Kdn,2,M,4,Ki_M_2_4,0.905123809,0.369701575,0.006536536,0.070181904,50088874
Kdn_M_006_1,127,195,2,5,M2,7,2.03,8.8,31.4,Kidney,Ki,Kdn,6,M,1,Ki_M_6_1,0.87387815,0.374378295,0.008180652,0.119630647,41358648
Kdn_M_006_2,147,203,2,7,M2,3,2.04,8.5,38.8,Kidney,Ki,Kdn,6,M,2,Ki_M_6_2,0.878906966,0.382711702,0.009870773,0.113876182,28757350
Kdn_M_006_3,197,211,3,4,M2,5,2.05,8.2,39.1,Kidney,Ki,Kdn,6,M,3,Ki_M_6_3,0.878113432,0.409586958,0.008494958,0.113453579,60615179
Kdn_M_006_4,17,219,1,2,M2,5,2.03,9,30.6,Kidney,Ki,Kdn,6,M,4,Ki_M_6_4,0.877122443,0.399564199,0.010894221,0.126102092,41410588
Kdn_M_021_1,277,197,4,4,M2,1,2.05,8.5,34.1,Kidney,Ki,Kdn,21,M,1,Ki_M_21_1,0.882932025,0.399451068,0.009143381,0.114315045,53656853
Kdn_M_021_2,37,205,1,4,M2,1,1.88,8.3,32.9,Kidney,Ki,Kdn,21,M,2,Ki_M_21_2,0.87962008,0.394060581,0.009903463,0.135433362,44502793
Kdn_M_021_3,7,213,1,1,M2,7,2.04,8.1,30.6,Kidney,Ki,Kdn,21,M,3,Ki_M_21_3,0.874718129,0.4045351,0.012146973,0.131310557,40315290
Kdn_M_021_4,87,221,2,1,M2,3,1.89,8.9,39.8,Kidney,Ki,Kdn,21,M,4,Ki_M_21_4,0.883669595,0.376399833,0.008569697,0.124970195,29696035
Kdn_M_104_1,307,199,4,7,M2,7,1.92,8.3,32.8,Kidney,Ki,Kdn,104,M,1,Ki_M_100_1,0.893980409,0.506789377,0.004933324,0.079750594,56835940
Kdn_M_104_2,321,207,/,/,M2,/,/,/,/,Kidney,Ki,Kdn,104,M,2,Ki_M_100_2,0.873885353,0.599773104,0.003320338,0.067095201,97864638
Kdn_M_104_3,322,215,/,/,M2,/,/,/,/,Kidney,Ki,Kdn,104,M,3,Ki_M_100_3,0.880889009,0.599199386,0.003816046,0.074344308,81728379
Kdn_M_104_4,157,223,2,8,M2,1,1.95,8.9,39.3,Kidney,Ki,Kdn,104,M,4,Ki_M_100_4,0.894113464,0.399275375,0.006873806,0.104741331,42669039
Lng_F_002_1,10,290,1,1,M2,10,2.05,9.5,28,Lung,Lu,Lng,2,F,1,Lu_F_2_1,0.917492301,0.400669649,0.010876027,0.043211386,41533777
Lng_F_002_2,260,298,4,2,M2,8,2.04,9.3,34.1,Lung,Lu,Lng,2,F,2,Lu_F_2_2,0.921043102,0.385573391,0.007163114,0.034321467,48734095
Lng_F_002_3,180,306,3,2,M2,12,2.05,9.7,35.3,Lung,Lu,Lng,2,F,3,Lu_F_2_3,0.923237688,0.380588445,0.007523698,0.025327604,59169326
Lng_F_002_4,270,314,4,3,M2,6,2.05,9.6,35.7,Lung,Lu,Lng,2,F,4,Lu_F_2_4,0.922563593,0.38966993,0.007825196,0.029488004,45759427
Lng_F_006_1,230,292,3,7,M2,2,2.05,9.3,33.8,Lung,Lu,Lng,6,F,1,Lu_F_6_1,0.914469234,0.542143732,0.005831062,0.033676431,53581814
Lng_F_006_2,190,300,3,3,M2,10,2.01,9.4,33.6,Lung,Lu,Lng,6,F,2,Lu_F_6_2,0.913798235,0.413177858,0.008453526,0.04085591,48929259
Lng_F_006_3,160,308,2,8,M2,4,2.03,9.3,40.9,Lung,Lu,Lng,6,F,3,Lu_F_6_3,0.919442653,0.415598809,0.006169972,0.035650881,33453734
Lng_F_006_4,240,316,3,8,M2,12,2.06,9.5,46.6,Lung,Lu,Lng,6,F,4,Lu_F_6_4,0.916713428,0.41284197,0.006111721,0.040909305,45199683
Lng_F_021_1,140,294,2,6,M2,8,2.03,9.4,32.7,Lung,Lu,Lng,21,F,1,Lu_F_21_1,0.918651279,0.414064276,0.007346802,0.042700837,29182773
Lng_F_021_2,60,302,1,6,M2,12,2.02,9.4,33.4,Lung,Lu,Lng,21,F,2,Lu_F_21_2,0.91964797,0.415649041,0.008640783,0.041054032,43787060
Lng_F_021_3,320,310,4,8,M2,8,1.97,9.4,41.7,Lung,Lu,Lng,21,F,3,Lu_F_21_3,0.912009465,0.415590034,0.006528799,0.036971958,47325414
Lng_F_021_4,90,318,2,1,M2,6,2.04,9.8,32.7,Lung,Lu,Lng,21,F,4,Lu_F_21_4,0.91680928,0.411196905,0.009687312,0.039465286,35174628
Lng_F_104_1,300,296,4,6,M2,12,2.03,9.5,29.5,Lung,Lu,Lng,104,F,1,Lu_F_100_1,0.922975187,0.40835766,0.007290036,0.029731968,56676755
Lng_F_104_2,100,304,2,2,M2,4,2,9.3,36.3,Lung,Lu,Lng,104,F,2,Lu_F_100_2,0.92308571,0.403160003,0.006892057,0.035274326,41016566
Lng_F_104_3,280,312,4,4,M2,4,1.92,9.6,32.6,Lung,Lu,Lng,104,F,3,Lu_F_100_3,0.92070254,0.420503772,0.007492695,0.032201565,49746103
Lng_F_104_4,40,320,1,4,M2,4,1.92,9.6,33.5,Lung,Lu,Lng,104,F,4,Lu_F_100_4,0.915597031,0.436402023,0.009512184,0.039593391,34166377
Lng_M_002_1,310,289,4,7,M2,10,2.02,9.6,32.8,Lung,Lu,Lng,2,M,1,Lu_M_2_1,0.922128451,0.515289163,0.005295602,0.026353996,54965678
Lng_M_002_2,110,297,2,3,M2,2,2.04,9.7,29.9,Lung,Lu,Lng,2,M,2,Lu_M_2_2,0.918415171,0.501275008,0.008185613,0.025129874,58298002
Lng_M_002_3,200,305,3,4,M2,8,2.05,9.7,39.1,Lung,Lu,Lng,2,M,3,Lu_M_2_3,0.921143798,0.397746932,0.006259477,0.02810969,47729582
Lng_M_002_4,30,313,1,3,M2,6,2.04,9.5,30.2,Lung,Lu,Lng,2,M,4,Lu_M_2_4,0.920811907,0.489471501,0.007927216,0.028089303,58186350
Lng_M_006_1,70,291,1,7,M2,10,1.94,9.4,29.6,Lung,Lu,Lng,6,M,1,Lu_M_6_1,0.923091471,0.399639581,0.007681252,0.032809448,39525551
Lng_M_006_2,150,299,2,7,M2,6,2.06,9.4,43.2,Lung,Lu,Lng,6,M,2,Lu_M_6_2,0.922623389,0.411074606,0.007258631,0.038479981,31598157
Lng_M_006_3,290,307,4,5,M2,2,2.04,9.5,36.2,Lung,Lu,Lng,6,M,3,Lu_M_6_3,0.916358742,0.53831295,0.005812832,0.030664451,39539858
Lng_M_006_4,170,315,3,1,M2,2,2.06,9.5,42,Lung,Lu,Lng,6,M,4,Lu_M_6_4,0.912635595,0.426357526,0.009394903,0.03819452,49071000
Lng_M_021_1,120,293,2,4,M2,12,1.93,9.2,27.6,Lung,Lu,Lng,21,M,1,Lu_M_21_1,0.912491672,0.399942146,0.009824106,0.039059013,52187172
Lng_M_021_2,20,301,1,2,M2,8,2.04,9.1,27.1,Lung,Lu,Lng,21,M,2,Lu_M_21_2,0.914162977,0.408241475,0.010175802,0.047392732,34437880
Lng_M_021_3,210,309,3,5,M2,6,2.02,9.2,37.3,Lung,Lu,Lng,21,M,3,Lu_M_21_3,0.888526112,0.46323083,0.008819201,0.054120625,32943175
Lng_M_021_4,50,317,1,5,M2,2,1.98,9.6,28.9,Lung,Lu,Lng,21,M,4,Lu_M_21_4,0.912009662,0.4551369,0.005958339,0.0205119,28550513
Lng_M_104_1,220,295,3,6,M2,4,1.97,9.3,33.4,Lung,Lu,Lng,104,M,1,Lu_M_100_1,0.905607756,0.411521831,0.005361569,0.05429014,55493841
Lng_M_104_2,80,303,1,8,M2,8,1.97,9.4,31.1,Lung,Lu,Lng,104,M,2,Lu_M_100_2,0.918356219,0.400760503,0.007973965,0.03530154,37826341
Lng_M_104_3,130,311,2,5,M2,10,2.05,9.2,29,Lung,Lu,Lng,104,M,3,Lu_M_100_3,0.919490986,0.425310778,0.008131494,0.042343382,47621755
Lng_M_104_4,250,319,4,1,M2,10,1.97,9.5,34.4,Lung,Lu,Lng,104,M,4,Lu_M_100_4,0.925389201,0.413431525,0.007204949,0.031461107,50924647
Lvr_F_002_1,252,34,4,2,M1,12,2.02,9.2,33.3,Liver,Li,Lvr,2,F,1,Li_F_2_1,0.878042218,0.496847906,0.014618186,0.075263737,33947155
Lvr_F_002_2,212,42,3,6,M1,8,2.02,9.3,36.3,Liver,Li,Lvr,2,F,2,Li_F_2_2,0.885628807,0.505123649,0.011056091,0.073579563,25725181
Lvr_F_002_3,222,50,3,7,M1,6,2.05,9,36,Liver,Li,Lvr,2,F,3,Li_F_2_3,0.8715209,0.617197622,0.009030905,0.056232889,24771704
Lvr_F_002_4,12,58,1,2,M1,12,1.98,8.8,27.8,Liver,Li,Lvr,2,F,4,Li_F_2_4,0.891447282,0.502025664,0.013334463,0.095903587,43551385
Lvr_F_006_1,82,36,2,1,M1,10,1.94,9.5,33.6,Liver,Li,Lvr,6,F,1,Li_F_6_1,0.740622969,0.469484,0.035270607,0.057156407,28171973
Lvr_F_006_2,2,44,1,1,M1,2,2.02,9.3,30.9,Liver,Li,Lvr,6,F,2,Li_F_6_2,0.886214784,0.548605472,0.016759275,0.082622618,33376474
Lvr_F_006_3,182,52,3,3,M1,2,2.05,9.2,35.9,Liver,Li,Lvr,6,F,3,Li_F_6_3,0.84314107,0.517129349,0.014002896,0.06855987,35287971
Lvr_F_006_4,132,60,2,6,M1,12,2.01,9.6,30.8,Liver,Li,Lvr,6,F,4,Li_F_6_4,0.877114354,0.53483731,0.01667336,0.080579057,30726120
Lvr_F_021_1,42,38,1,5,M1,6,1.91,8.7,28.2,Liver,Li,Lvr,21,F,1,Li_F_21_1,0.898000489,0.534660162,0.013110234,0.069340286,28475954
Lvr_F_021_2,292,46,4,6,M1,4,2.03,8.8,32.1,Liver,Li,Lvr,21,F,2,Li_F_21_2,0.859816419,0.549908305,0.015689161,0.058500319,26196053
Lvr_F_021_3,142,54,2,7,M1,10,2.04,8.8,38.1,Liver,Li,Lvr,21,F,3,Li_F_21_3,0.868492468,0.521366911,0.015251109,0.067952817,33018173
Lvr_F_021_4,32,62,1,4,M1,8,1.87,9.4,25.2,Liver,Li,Lvr,21,F,4,Li_F_21_4,0.896630856,0.579258939,0.016412021,0.061775179,30023883
Lvr_F_104_1,312,40,4,8,M1,12,2.04,9.3,36.5,Liver,Li,Lvr,104,F,1,Li_F_100_1,0.897570343,0.548487279,0.011990012,0.052002997,35099606
Lvr_F_104_2,162,48,3,1,M1,6,1.88,9,41,Liver,Li,Lvr,104,F,2,Li_F_100_2,0.88460252,0.566653005,0.015601025,0.068472056,32578204
Lvr_F_104_3,172,56,3,2,M1,4,2.03,9.2,33.8,Liver,Li,Lvr,104,F,3,Li_F_100_3,0.561641513,0.360053565,0.012321814,0.037935106,18614381
Lvr_F_104_4,112,64,2,4,M1,4,2.02,9.3,27.6,Liver,Li,Lvr,104,F,4,Li_F_100_4,0.792084611,0.504419827,0.016543895,0.049239406,16172219
Lvr_M_002_1,272,33,4,4,M1,8,2,9,29.9,Liver,Li,Lvr,2,M,1,Li_M_2_1,0.828757154,0.47518888,0.016151543,0.06968424,27999674
Lvr_M_002_2,232,41,3,8,M1,4,2.03,9.2,38.6,Liver,Li,Lvr,2,M,2,Li_M_2_2,0.647649286,0.38225709,0.007514659,0.051616005,22925861
Lvr_M_002_3,282,49,4,5,M1,6,2.04,8.8,25.4,Liver,Li,Lvr,2,M,3,Li_M_2_3,0.830075587,0.575177047,0.009843211,0.056585104,24667720
Lvr_M_002_4,202,57,3,5,M1,10,2.03,9.8,32.7,Liver,Li,Lvr,2,M,4,Li_M_2_4,0.873119321,0.493070299,0.010100295,0.076635019,23233275
Lvr_M_006_1,52,35,1,6,M1,4,2,9.4,30.5,Liver,Li,Lvr,6,M,1,Li_M_6_1,0.865132592,0.520631816,0.014071016,0.073521289,26738812
Lvr_M_006_2,62,43,1,7,M1,2,2.01,9.6,32.5,Liver,Li,Lvr,6,M,2,Li_M_6_2,0.875137923,0.532712022,0.017199819,0.080031443,28827872
Lvr_M_006_3,152,51,2,8,M1,8,2.02,9.2,25.3,Liver,Li,Lvr,6,M,3,Li_M_6_3,0.869216966,0.532476755,0.016280713,0.075557111,26486982
Lvr_M_006_4,92,59,2,2,M1,8,2,9.8,28.8,Liver,Li,Lvr,6,M,4,Li_M_6_4,0.880554823,0.530298938,0.016552988,0.093222847,27752424
Lvr_M_021_1,262,37,4,3,M1,10,1.95,9.3,37.4,Liver,Li,Lvr,21,M,1,Li_M_21_1,0.774123838,0.517535002,0.018633865,0.050404491,16038547
Lvr_M_021_2,302,45,4,7,M1,2,2.01,8.8,35.7,Liver,Li,Lvr,21,M,2,Li_M_21_2,0.882839713,0.687668246,0.012596893,0.040456291,30524885
Lvr_M_021_3,122,53,2,5,M1,2,2.02,8.5,30.1,Liver,Li,Lvr,21,M,3,Li_M_21_3,0.887794621,0.554399612,0.019765587,0.075222243,23910727
Lvr_M_021_4,242,61,4,1,M1,2,1.97,9.3,35.9,Liver,Li,Lvr,21,M,4,Li_M_21_4,0.88788349,0.574206369,0.01498411,0.060852402,29952853
Lvr_M_104_1,72,39,1,8,M1,12,2.04,9.1,29.5,Liver,Li,Lvr,104,M,1,Li_M_100_1,0.878458483,0.542198558,0.017747022,0.057279674,35494631
Lvr_M_104_2,102,47,2,3,M1,6,2.05,8.8,26.4,Liver,Li,Lvr,104,M,2,Li_M_100_2,0.815526711,0.588895865,0.013289237,0.045103743,35267042
Lvr_M_104_3,22,55,1,3,M1,10,2.02,9.3,27.2,Liver,Li,Lvr,104,M,3,Li_M_100_3,0.887397689,0.646309944,0.01789443,0.050620139,61371908
Lvr_M_104_4,192,63,3,4,M1,12,2.02,9.5,26.4,Liver,Li,Lvr,104,M,4,Li_M_100_4,0.873429458,0.529647405,0.012108057,0.045921892,26310530
Msc_F_002_1,34,98,1,4,M1,10,2.03,9.4,28,Muscle,Mu,Msc,2,F,1,Mu_F_2_1,0.85513018,0.431401639,0.015984761,0.114797089,41071320
Msc_F_002_2,104,106,2,3,M1,8,1.96,9.3,34.7,Muscle,Mu,Msc,2,F,2,Mu_F_2_2,0.857837717,0.496558289,0.009623921,0.081792844,37413515
Msc_F_002_3,264,114,4,3,M1,12,1.96,9.3,34,Muscle,Mu,Msc,2,F,3,Mu_F_2_3,0.83719892,0.399090561,0.011143092,0.090389775,37549646
Msc_F_002_4,14,122,1,2,M1,2,1.97,9.4,27.4,Muscle,Mu,Msc,2,F,4,Mu_F_2_4,0.860780482,0.399042035,0.012592109,0.111969399,35734639
Msc_F_006_1,44,100,1,5,M1,8,1.97,9.3,22.4,Muscle,Mu,Msc,6,F,1,Mu_F_6_1,0.847858507,0.409750471,0.012057665,0.137103967,28431285
Msc_F_006_2,13,76,1,2,M1,1,1.98,9.6,29.2,Muscle,Mu,Msc,6,F,2,Mu_F_6_2,0.834820157,0.394558582,0.015672535,0.154767604,38390341
Msc_F_006_3,24,116,1,3,M1,12,2,9,31,Muscle,Mu,Msc,6,F,3,Mu_F_6_3,0.836007773,0.466986169,0.010875567,0.12790499,61926744
Msc_F_006_4,174,124,3,2,M1,6,1.99,9,35.7,Muscle,Mu,Msc,6,F,4,Mu_F_6_4,0.832131877,0.403882137,0.013237253,0.133139568,33288649
Msc_F_021_1,194,101,3,4,M1,2,1.99,8.6,39.1,Muscle,Mu,Msc,21,F,1,Mu_F_21_1,0.821712194,0.374224708,0.008752374,0.13088136,23079460
Msc_F_021_2,234,110,3,8,M1,6,2.07,9.1,42,Muscle,Mu,Msc,21,F,2,Mu_F_21_2,0.844553456,0.396421143,0.00843221,0.12400577,38154547
Msc_F_021_3,54,118,1,6,M1,6,2.03,8.9,30.3,Muscle,Mu,Msc,21,F,3,Mu_F_21_3,0.843507755,0.386005715,0.011852087,0.130871988,33688569
Msc_F_021_4,164,126,3,1,M1,8,2.01,9.1,41.4,Muscle,Mu,Msc,21,F,4,Mu_F_21_4,0.840360782,0.393577704,0.011448542,0.127739897,40196665
Msc_F_104_1,154,104,2,8,M1,10,1.98,8.8,42.5,Muscle,Mu,Msc,104,F,1,Mu_F_100_1,0.838452543,0.370668769,0.008749684,0.146363879,37432419
Msc_F_104_2,114,112,2,4,M1,6,2.05,9,30.8,Muscle,Mu,Msc,104,F,2,Mu_F_100_2,0.815601211,0.365689012,0.012146812,0.117853332,26640934
Msc_F_104_3,204,120,3,5,M1,12,2.05,8.8,37.1,Muscle,Mu,Msc,104,F,3,Mu_F_100_3,0.833525558,0.365525639,0.008056047,0.150214384,29905201
Msc_F_104_4,4,128,1,1,M1,4,2.02,8.8,31.4,Muscle,Mu,Msc,104,F,4,Mu_F_100_4,0.823291415,0.378137186,0.012888684,0.151283605,30607466
Msc_M_002_1,314,97,4,8,M1,2,1.87,9.6,38.5,Muscle,Mu,Msc,2,M,1,Mu_M_2_1,0.858123414,0.415781578,0.008402241,0.092456116,36763639
Msc_M_002_2,304,105,4,7,M1,4,2.04,9.9,35,Muscle,Mu,Msc,2,M,2,Mu_M_2_2,0.873533696,0.555475879,0.007298092,0.056913176,36003073
Msc_M_002_3,64,113,1,7,M1,4,1.91,9.3,33.3,Muscle,Mu,Msc,2,M,3,Mu_M_2_3,0.862110129,0.406373705,0.009473297,0.066826588,29338941
Msc_M_002_4,74,121,1,8,M1,2,1.96,9.1,31.5,Muscle,Mu,Msc,2,M,4,Mu_M_2_4,0.878942669,0.409199889,0.010355164,0.080583913,31964949
Msc_M_006_1,214,99,3,6,M1,10,1.96,8.9,35.2,Muscle,Mu,Msc,6,M,1,Mu_M_6_1,0.828624586,0.376612525,0.008076228,0.14942789,31221239
Msc_M_006_2,274,107,4,4,M1,10,1.94,9.2,37.3,Muscle,Mu,Msc,6,M,2,Mu_M_6_2,0.837072989,0.395433343,0.010929171,0.137838959,28417024
Msc_M_006_3,224,115,3,7,M1,8,1.97,8.7,38.7,Muscle,Mu,Msc,6,M,3,Mu_M_6_3,0.825399888,0.487281412,0.006074838,0.106474982,24777202
Msc_M_006_4,244,123,4,1,M1,4,1.95,9.1,38.9,Muscle,Mu,Msc,6,M,4,Mu_M_6_4,0.836259946,0.40467049,0.011470837,0.130844238,29533569
Msc_M_021_1,254,102,4,2,M1,2,2.01,7.6,39.2,Muscle,Mu,Msc,21,M,1,Mu_M_21_1,0.840465831,0.382838589,0.009002904,0.13468672,55840635
Msc_M_021_2,124,109,2,5,M1,4,2.09,8.7,33,Muscle,Mu,Msc,21,M,2,Mu_M_21_2,0.798589491,0.360623406,0.011037774,0.114815651,17605900
Msc_M_021_3,184,117,3,3,M1,4,2.09,9.6,37.5,Muscle,Mu,Msc,21,M,3,Mu_M_21_3,0.784084987,0.364080764,0.009409256,0.119577019,30123611
Msc_M_021_4,134,125,2,6,M1,2,2.03,8.9,30.4,Muscle,Mu,Msc,21,M,4,Mu_M_21_4,0.828919179,0.378421466,0.010904964,0.154811061,38741769
Msc_M_104_1,144,103,2,7,M1,12,1.98,8.9,34.2,Muscle,Mu,Msc,104,M,1,Mu_M_100_1,0.833994504,0.368287567,0.010138772,0.151007349,33021047
Msc_M_104_2,94,111,2,2,M1,10,2,8.7,40.1,Muscle,Mu,Msc,104,M,2,Mu_M_100_2,0.840145798,0.359987685,0.011115426,0.151830558,36019219
Msc_M_104_3,84,119,2,1,M1,12,2.03,8.6,33.9,Muscle,Mu,Msc,104,M,3,Mu_M_100_3,0.82331464,0.347093936,0.010386648,0.163660021,31353357
Msc_M_104_4,294,127,4,6,M1,6,2.05,9.2,34.6,Muscle,Mu,Msc,104,M,4,Mu_M_100_4,0.835510879,0.397585142,0.010381305,0.125307474,33944508
Spl_F_002_1,111,2,2,4,M1,3,2.05,3.7,36.5,Spleen,Sp,Spl,2,F,1,Sp_F_2_1,0.918605265,0.403579852,0.010406262,0.031259355,28716189
Spl_F_002_2,251,10,4,2,M1,11,2.06,3.6,37.3,Spleen,Sp,Spl,2,F,2,Sp_F_2_2,0.914755229,0.40926113,0.010962557,0.033936673,36351486
Spl_F_002_3,121,18,2,5,M1,1,2.04,2.4,30,Spleen,Sp,Spl,2,F,3,Sp_F_2_3,0.91679628,0.409785957,0.01091198,0.037136725,34258486
Spl_F_002_4,281,26,4,5,M1,5,2.06,2.6,32.3,Spleen,Sp,Spl,2,F,4,Sp_F_2_4,0.904578233,0.523683118,0.00972236,0.038240095,51789784
Spl_F_006_1,301,4,4,7,M1,1,2.05,9.1,34.2,Spleen,Sp,Spl,6,F,1,Sp_F_6_1,0.917951442,0.547644327,0.006742333,0.029781198,54045434
Spl_F_006_2,1,12,1,1,M1,1,2.03,9.5,27.4,Spleen,Sp,Spl,6,F,2,Sp_F_6_2,0.918018412,0.427025199,0.013092929,0.040338591,34309675
Spl_F_006_3,241,20,4,1,M1,1,2.05,8.9,38.5,Spleen,Sp,Spl,6,F,3,Sp_F_6_3,0.917472738,0.43560537,0.012304479,0.036602915,38556135
Spl_F_006_4,71,28,1,8,M1,11,2.07,9.1,30.2,Spleen,Sp,Spl,6,F,4,Sp_F_6_4,0.916426433,0.425360956,0.010834513,0.035582765,30184705
Spl_F_021_1,291,6,4,6,M1,3,2.03,7.8,32.5,Spleen,Sp,Spl,21,F,1,Sp_F_21_1,0.886862753,0.413313358,0.012887858,0.059086529,31082131
Spl_F_021_2,181,14,3,3,M1,1,2.04,9,38.5,Spleen,Sp,Spl,21,F,2,Sp_F_21_2,0.915648122,0.390482099,0.009150335,0.033239623,34503656
Spl_F_021_3,51,22,1,6,M1,3,2.03,9.4,34.4,Spleen,Sp,Spl,21,F,3,Sp_F_21_3,0.920974466,0.408740256,0.010881289,0.032937677,29582856
Spl_F_021_4,271,30,4,4,M1,7,2.03,7.8,34.8,Spleen,Sp,Spl,21,F,4,Sp_F_21_4,0.899323631,0.426530673,0.013643129,0.044577796,41256125
Spl_F_104_1,231,8,3,8,M1,3,2.05,10,38.9,Spleen,Sp,Spl,104,F,1,Sp_F_100_1,0.91895192,0.411913294,0.007441384,0.0312907,37500858
Spl_F_104_2,41,16,1,5,M1,5,1.99,8.7,35.5,Spleen,Sp,Spl,104,F,2,Sp_F_100_2,0.91558552,0.420865883,0.012107492,0.032520093,32488876
Spl_F_104_3,61,24,1,7,M1,1,2.01,7.5,31.5,Spleen,Sp,Spl,104,F,3,Sp_F_100_3,0.911597091,0.47382371,0.013944672,0.041743793,39118194
Spl_F_104_4,101,32,2,3,M1,5,2.03,8.1,36.7,Spleen,Sp,Spl,104,F,4,Sp_F_100_4,0.912037643,0.525613397,0.01090996,0.032299941,54073009
Spl_M_002_1,161,1,3,1,M1,5,2.04,2.2,40.7,Spleen,Sp,Spl,2,M,1,Sp_M_2_1,0.892166773,0.410841216,0.013766933,0.043948087,38111982
Spl_M_002_2,11,9,1,2,M1,11,2.04,5.1,26.5,Spleen,Sp,Spl,2,M,2,Sp_M_2_2,0.917726743,0.42241623,0.011115768,0.037479813,36314374
Spl_M_002_3,211,17,3,6,M1,7,2.04,2.6,33.9,Spleen,Sp,Spl,2,M,3,Sp_M_2_3,0.920211651,0.398423943,0.006112343,0.03640084,40490649
Spl_M_002_4,171,25,3,2,M1,3,2.04,2.4,39.4,Spleen,Sp,Spl,2,M,4,Sp_M_2_4,0.920518849,0.415551494,0.010026174,0.034916001,43238620
Spl_M_006_1,31,3,1,4,M1,7,2.02,9.5,29.4,Spleen,Sp,Spl,6,M,1,Sp_M_6_1,0.931735659,0.440549077,3.95E-05,0.037253268,41280233
Spl_M_006_2,131,11,2,6,M1,11,2.03,9.5,32.1,Spleen,Sp,Spl,6,M,2,Sp_M_6_2,0.919249486,0.450731142,0.012812643,0.034012481,30639331
Spl_M_006_3,311,19,4,8,M1,11,2.06,9.6,36.2,Spleen,Sp,Spl,6,M,3,Sp_M_6_3,0.92332261,0.428093961,0.010001894,0.028753493,43923217
Spl_M_006_4,191,27,3,4,M1,11,2.05,9,37.8,Spleen,Sp,Spl,6,M,4,Sp_M_6_4,0.917618195,0.415797669,0.009577675,0.032920187,38245067
Spl_M_021_1,81,5,2,1,M1,9,2.05,8.5,34.6,Spleen,Sp,Spl,21,M,1,Sp_M_21_1,0.917226425,0.404321142,0.010963953,0.037054983,32298070
Spl_M_021_2,141,13,2,7,M1,9,2.04,9.9,42.7,Spleen,Sp,Spl,21,M,2,Sp_M_21_2,0.916973795,0.408137964,0.011359034,0.03418972,31581261
Spl_M_021_3,21,21,1,3,M1,9,2.04,9.4,26.9,Spleen,Sp,Spl,21,M,3,Sp_M_21_3,0.910232625,0.53802949,0.010717161,0.036241275,54567455
Spl_M_021_4,221,29,3,7,M1,5,2.04,8.6,37.2,Spleen,Sp,Spl,21,M,4,Sp_M_21_4,0.913308837,0.552338204,0.006023454,0.029521606,52645185
Spl_M_104_1,91,7,2,2,M1,7,2.05,9.3,36.1,Spleen,Sp,Spl,104,M,1,Sp_M_100_1,0.913421165,0.417665845,0.012113726,0.037467124,37498789
Spl_M_104_2,201,15,3,5,M1,9,2.04,9.8,34.5,Spleen,Sp,Spl,104,M,2,Sp_M_100_2,0.907343327,0.4118326,0.00750759,0.035308835,42657126
Spl_M_104_3,151,23,2,8,M1,7,2.03,8.8,37.9,Spleen,Sp,Spl,104,M,3,Sp_M_100_3,0.897302211,0.40540167,0.013714846,0.050873323,33966572
Spl_M_104_4,261,31,4,3,M1,9,NA,9.3,36.5,Spleen,Sp,Spl,104,M,4,Sp_M_100_4,0.907646753,0.426691735,0.013292574,0.03607184,40754322
Thm_F_002_1,189,258,3,3,M2,9,2.06,10,36.1,Thymus,Th,Thm,2,F,1,Th_F_2_1,0.917530841,0.384828828,0.008556976,0.032534453,46133374
Thm_F_002_2,239,266,3,8,M2,11,2.05,10,44,Thymus,Th,Thm,2,F,2,Th_F_2_2,0.924351852,0.377223626,0.007210484,0.035225759,36796576
Thm_F_002_3,259,274,4,2,M2,7,2.05,10,34.8,Thymus,Th,Thm,2,F,3,Th_F_2_3,0.926473245,0.389143656,0.008044402,0.032552067,45511776
Thm_F_002_4,159,282,2,8,M2,3,2.06,10,36.3,Thymus,Th,Thm,2,F,4,Th_F_2_4,0.927723425,0.381840336,0.005860742,0.037858214,31002656
Thm_F_006_1,119,260,2,4,M2,11,2.05,10,33.8,Thymus,Th,Thm,6,F,1,Th_F_6_1,0.923320178,0.424087936,0.010835837,0.033002999,32829354
Thm_F_006_2,19,268,1,2,M2,7,2.05,10,29,Thymus,Th,Thm,6,F,2,Th_F_6_2,0.919239203,0.418154317,0.012810083,0.038325644,39658155
Thm_F_006_3,139,276,2,6,M2,7,2.06,10,36.5,Thymus,Th,Thm,6,F,3,Th_F_6_3,0.921994735,0.379539972,0.007577178,0.035585296,31322541
Thm_F_006_4,69,284,1,7,M2,9,2.06,9.3,30.9,Thymus,Th,Thm,6,F,4,Th_F_6_4,0.923069396,0.381930229,0.009755984,0.033751043,33327997
Thm_F_021_1,169,262,3,1,M2,1,2.06,10,37.2,Thymus,Th,Thm,21,F,1,Th_F_21_1,0.917261881,0.386057779,0.009349602,0.042593832,49721098
Thm_F_021_2,249,270,4,1,M2,9,2.05,10,38.7,Thymus,Th,Thm,21,F,2,Th_F_21_2,0.914303203,0.372748117,0.00917603,0.046147398,36924211
Thm_F_021_3,279,278,4,4,M2,3,2.05,10,36,Thymus,Th,Thm,21,F,3,Th_F_21_3,0.920179699,0.394500509,0.009792038,0.033807405,34288623
Thm_F_021_4,9,286,1,1,M2,9,2.06,9.8,26.6,Thymus,Th,Thm,21,F,4,Th_F_21_4,0.914196458,0.411951539,0.01337116,0.041966156,35435648
Thm_F_104_1,49,264,1,5,M2,1,2.05,9.2,35.4,Thymus,Th,Thm,104,F,1,Th_F_100_1,0.871352163,0.336347158,0.008050285,0.125748382,41321268
Thm_F_104_2,99,272,2,2,M2,3,2.02,9.7,37.9,Thymus,Th,Thm,104,F,2,Th_F_100_2,0.888289728,0.332512639,0.007872641,0.105438917,31468357
Thm_F_104_3,229,280,3,7,M2,1,2,9.4,37.8,Thymus,Th,Thm,104,F,3,Th_F_100_3,0.897897633,0.47305613,0.004357792,0.059214686,50756861
Thm_F_104_4,209,288,3,5,M2,5,2.03,9.2,35.6,Thymus,Th,Thm,104,F,4,Th_F_100_4,0.899487437,0.355965409,0.006159344,0.056526377,50994147
Thm_M_002_1,299,257,4,6,M2,11,2.06,10,33.9,Thymus,Th,Thm,2,M,1,Th_M_2_1,0.92372126,0.40173582,0.007976607,0.034123789,44737308
Thm_M_002_2,79,265,1,8,M2,7,2.06,10,36.5,Thymus,Th,Thm,2,M,2,Th_M_2_2,0.92865784,0.402954278,0.005902365,0.035599864,39654834
Thm_M_002_3,39,273,1,4,M2,3,2.04,10,30.7,Thymus,Th,Thm,2,M,3,Th_M_2_3,0.917960213,0.432759262,0.014970139,0.037757757,28234075
Thm_M_002_4,179,281,3,2,M2,11,2.06,10,36.5,Thymus,Th,Thm,2,M,4,Th_M_2_4,0.922755696,0.400386876,0.010258301,0.035111392,40710541
Thm_M_006_1,269,259,4,3,M2,5,2.06,10,43.7,Thymus,Th,Thm,6,M,1,Th_M_6_1,0.915727202,0.399908513,0.010331018,0.032749951,37565504
Thm_M_006_2,289,267,4,5,M2,1,2.06,9.8,34.6,Thymus,Th,Thm,6,M,2,Th_M_6_2,0.920193599,0.510503179,0.006808771,0.029439335,50467811
Thm_M_006_3,29,275,1,3,M2,5,2.06,9.8,30.8,Thymus,Th,Thm,6,M,3,Th_M_6_3,0.913200201,0.524471253,0.011583324,0.032829946,62668840
Thm_M_006_4,219,283,3,6,M2,3,2.06,9.7,35.3,Thymus,Th,Thm,6,M,4,Th_M_6_4,0.926392291,0.38919082,0.007654157,0.032441134,40138219
Thm_M_021_1,59,261,1,6,M2,11,2.06,10,28.4,Thymus,Th,Thm,21,M,1,Th_M_21_1,0.923534354,0.390172587,0.010256594,0.033328348,30419204
Thm_M_021_2,89,269,2,1,M2,5,2.05,10,40.4,Thymus,Th,Thm,21,M,2,Th_M_21_2,0.910904726,0.352581752,0.009185085,0.058539804,28449225
Thm_M_021_3,319,277,4,8,M2,7,2.04,9.9,43.6,Thymus,Th,Thm,21,M,3,Th_M_21_3,0.917252822,0.369676087,0.006912979,0.044916163,40419495
Thm_M_021_4,129,285,2,5,M2,9,2.06,9.9,30.7,Thymus,Th,Thm,21,M,4,Th_M_21_4,0.910436445,0.369675371,0.008708894,0.055008199,35969269
Thm_M_104_1,309,263,4,7,M2,9,2.04,9.3,39.4,Thymus,Th,Thm,104,M,1,Th_M_100_1,0.83311631,0.422496779,0.004610897,0.149291055,50067621
Thm_M_104_2,109,271,2,3,M2,1,2.07,9.4,32.7,Thymus,Th,Thm,104,M,2,Th_M_100_2,0.864230978,0.426140406,0.023895387,0.065603433,46400550
Thm_M_104_3,199,279,3,4,M2,7,2.01,9.5,36.5,Thymus,Th,Thm,104,M,3,Th_M_100_3,0.88483089,0.352357488,0.007612083,0.097288154,58411261
Thm_M_104_4,149,287,2,7,M2,5,2.05,9.1,44.5,Thymus,Th,Thm,104,M,4,Th_M_100_4,0.865067623,0.328066654,0.005052037,0.139800253,30266828
Tst_M_002_1,138,225,2,6,M2,6,2.04,10,31.1,Testes,Te,Tst,2,M,1,Te_M_2_1,0.921543903,0.369400504,0.006708717,0.045149319,38786378
Tst_M_002_2,318,233,4,8,M2,6,2.05,10,40.8,Testes,Te,Tst,2,M,2,Te_M_2_2,0.923281828,0.380725368,0.006373359,0.035834291,46510409
Tst_M_002_3,298,241,4,6,M2,10,2.04,9.7,31.7,Testes,Te,Tst,2,M,3,Te_M_2_3,0.920947272,0.377963627,0.006906483,0.037795023,55939035
Tst_M_002_4,228,249,3,7,M2,12,2.05,10,33.5,Testes,Te,Tst,2,M,4,Te_M_2_4,0.920572676,0.499499477,0.004129003,0.033614776,40535357
Tst_M_006_1,78,227,1,8,M2,6,2.08,9.6,33.9,Testes,Te,Tst,6,M,1,Te_M_6_1,0.929689256,0.467278815,0.005163673,0.033365109,32451684
Tst_M_006_2,68,235,1,7,M2,8,2.07,9.5,32.3,Testes,Te,Tst,6,M,2,Te_M_6_2,0.929901834,0.477237237,0.005330134,0.02981189,34489765
Tst_M_006_3,178,243,3,2,M2,10,2.05,9.5,35.3,Testes,Te,Tst,6,M,3,Te_M_6_3,0.928592198,0.457083028,0.005290596,0.03075696,64845426
Tst_M_006_4,158,251,2,8,M2,2,2.06,9.3,34.8,Testes,Te,Tst,6,M,4,Te_M_6_4,0.932895955,0.476597762,0.004178457,0.031958873,45280342
Tst_M_021_1,88,229,2,1,M2,4,2.06,9.3,35.1,Testes,Te,Tst,21,M,1,Te_M_21_1,0.924977843,0.480493476,0.006544856,0.035071185,44266539
Tst_M_021_2,48,237,1,5,M2,12,2.06,9.3,32.8,Testes,Te,Tst,21,M,2,Te_M_21_2,0.92492026,0.489442591,0.006862825,0.037882358,43885804
Tst_M_021_3,248,245,4,1,M2,8,2.05,9,33.5,Testes,Te,Tst,21,M,3,Te_M_21_3,0.924805009,0.504559038,0.005537912,0.034954881,53823609
Tst_M_021_4,268,253,4,3,M2,4,2.06,9.4,37.7,Testes,Te,Tst,21,M,4,Te_M_21_4,0.922932321,0.50331367,0.006107523,0.033601259,48442971
Tst_M_104_1,58,231,1,6,M2,10,2.05,9.6,31.7,Testes,Te,Tst,104,M,1,Te_M_100_1,0.912851756,0.407656681,0.009315619,0.054716315,39935182
Tst_M_104_2,38,239,1,4,M2,2,2.06,9.5,33.4,Testes,Te,Tst,104,M,2,Te_M_100_2,0.903464089,0.405750953,0.012559802,0.073831116,37170564
Tst_M_104_3,278,247,4,4,M2,2,2.06,9.6,35.8,Testes,Te,Tst,104,M,3,Te_M_100_3,0.896995809,0.411336405,0.011238957,0.070090437,44451678
Tst_M_104_4,238,255,3,8,M2,10,2.05,9.2,44.5,Testes,Te,Tst,104,M,4,Te_M_100_4,0.897566384,0.383000839,0.00779698,0.086272892,52471109
Utr_F_002_1,8,226,1,1,M2,8,1.97,9.1,29.1,Uterus,Ut,Utr,2,F,1,Ut_F_2_1,0.928252287,0.367864696,0.007597227,0.026251501,39126625
Utr_F_002_2,148,234,2,7,M2,4,1.89,9.1,43.8,Uterus,Ut,Utr,2,F,2,Ut_F_2_2,0.920496206,0.367365691,0.005814498,0.027332469,33956066
Utr_F_002_3,98,242,2,2,M2,2,2.02,9.1,32.5,Uterus,Ut,Utr,2,F,3,Ut_F_2_3,0.910191864,0.351753198,0.023743315,0.021894566,31442276
Utr_F_002_4,218,250,3,6,M2,2,1.95,9.6,34.9,Uterus,Ut,Utr,2,F,4,Ut_F_2_4,0.911724846,0.373122916,0.017547967,0.018535995,42833061
Utr_F_006_1,118,228,2,4,M2,10,1.98,9.6,29.9,Uterus,Ut,Utr,6,F,1,Ut_F_6_1,0.926380688,0.351670186,0.007975199,0.021424054,51709494
Utr_F_006_2,168,236,3,1,M2,12,1.97,9.6,37.5,Uterus,Ut,Utr,6,F,2,Ut_F_6_2,0.916591333,0.381330604,0.008781399,0.032190945,48933982
Utr_F_006_3,198,244,3,4,M2,6,1.97,9.6,36.8,Uterus,Ut,Utr,6,F,3,Ut_F_6_3,0.915997837,0.389559582,0.009029703,0.032818994,54316703
Utr_F_006_4,18,252,1,2,M2,6,2.02,9.7,24.8,Uterus,Ut,Utr,6,F,4,Ut_F_6_4,0.913681866,0.408553592,0.012630607,0.042321143,36371273
Utr_F_021_1,128,230,2,5,M2,8,2.05,9.7,33.8,Uterus,Ut,Utr,21,F,1,Ut_F_21_1,0.921248661,0.416899473,0.008320693,0.030327365,28031893
Utr_F_021_2,208,238,3,5,M2,4,2.04,9.7,32.9,Uterus,Ut,Utr,21,F,2,Ut_F_21_2,0.916324612,0.396712705,0.006981077,0.030461907,56435414
Utr_F_021_3,108,246,2,3,M2,12,1.9,9.8,31.7,Uterus,Ut,Utr,21,F,3,Ut_F_21_3,0.921703444,0.478016904,0.006756446,0.029864741,64490643
Utr_F_021_4,308,254,4,7,M2,8,2.05,9.7,33.4,Uterus,Ut,Utr,21,F,4,Ut_F_21_4,0.924228923,0.528135077,0.005611088,0.026564077,49674463
Utr_F_104_1,188,232,3,3,M2,8,1.88,9.7,36.7,Uterus,Ut,Utr,104,F,1,Ut_F_100_1,0.924583942,0.401094387,0.00805858,0.032710144,43791901
Utr_F_104_2,258,240,4,2,M2,6,1.97,9.5,34.4,Uterus,Ut,Utr,104,F,2,Ut_F_100_2,0.925873266,0.382635058,0.007947665,0.029524909,42885150
Utr_F_104_3,288,248,4,5,M2,12,1.95,9.6,30.5,Uterus,Ut,Utr,104,F,3,Ut_F_100_3,0.92098097,0.52421615,0.005655536,0.027095002,54397342
Utr_F_104_4,28,256,1,3,M2,4,1.99,9.4,33.1,Uterus,Ut,Utr,104,F,4,Ut_F_100_4,0.91010921,0.494709422,0.009791655,0.028263492,45878141
