Run,Assay Type,AvgSpotLen,Bases,BioProject,BioSample,Bytes,cell_type,Center Name,Consent,DATASTORE filetype,DATASTORE provider,DATASTORE region,Experiment,GEO_Accession (exp),Instrument,LibraryLayout,LibrarySelection,LibrarySource,Organism,Platform,ReleaseDate,create_date,version,Sample Name,source_name,SRA Study,treatment
SRR14323427,RNA-Seq,51,1102558137,PRJNA725137,SAMN18870577,643208551,Pluripotent stem cells,GEO,public,"fastq,sra,run.zq","gs,ncbi,s3","gs.us-east1,ncbi.public,s3.us-east-1",SRX10678583,GSM5265002,Illumina HiSeq 2500,SINGLE,cDNA,TRANSCRIPTOMIC,Homo sapiens,ILLUMINA,2022-01-12T00:00:00Z,2021-04-27T03:47:00Z,1,GSM5265002,NTERA2,SRP316316,siCtrl
SRR14323428,RNA-Seq,51,762099528,PRJNA725137,SAMN18870576,425036251,Pluripotent stem cells,GEO,public,"sra,run.zq,fastq","gs,s3,ncbi","s3.us-east-1,gs.us-east1,ncbi.public",SRX10678584,GSM5265003,Illumina HiSeq 2500,SINGLE,cDNA,TRANSCRIPTOMIC,Homo sapiens,ILLUMINA,2022-01-12T00:00:00Z,2021-04-27T03:38:00Z,1,GSM5265003,NTERA2,SRP316316,siCtrl
SRR14323429,RNA-Seq,51,865184604,PRJNA725137,SAMN18870575,489178810,Pluripotent stem cells,GEO,public,"sra,run.zq,fastq","s3,ncbi,gs","ncbi.public,s3.us-east-1,gs.us-east1",SRX10678585,GSM5265004,Illumina HiSeq 2500,SINGLE,cDNA,TRANSCRIPTOMIC,Homo sapiens,ILLUMINA,2022-01-12T00:00:00Z,2021-04-27T03:35:00Z,1,GSM5265004,NTERA2,SRP316316,siCtrl
SRR14323430,RNA-Seq,51,1134000555,PRJNA725137,SAMN18870574,660553183,Pluripotent stem cells,GEO,public,"run.zq,sra,fastq","ncbi,s3,gs","ncbi.public,gs.us-east1,s3.us-east-1",SRX10678562,GSM5265005,Illumina HiSeq 2500,SINGLE,cDNA,TRANSCRIPTOMIC,Homo sapiens,ILLUMINA,2022-01-12T00:00:00Z,2021-04-27T03:46:00Z,1,GSM5265005,NTERA2,SRP316316,siDDX5
SRR14323431,RNA-Seq,51,772839414,PRJNA725137,SAMN18870573,431152054,Pluripotent stem cells,GEO,public,"sra,fastq,run.zq","s3,ncbi,gs","gs.us-east1,s3.us-east-1,ncbi.public",SRX10678563,GSM5265006,Illumina HiSeq 2500,SINGLE,cDNA,TRANSCRIPTOMIC,Homo sapiens,ILLUMINA,2022-01-12T00:00:00Z,2021-04-27T03:37:00Z,1,GSM5265006,NTERA2,SRP316316,siDDX5
SRR14323432,RNA-Seq,51,835230978,PRJNA725137,SAMN18870572,472982599,Pluripotent stem cells,GEO,public,"fastq,run.zq,sra","ncbi,s3,gs","ncbi.public,gs.us-east1,s3.us-east-1",SRX10678564,GSM5265007,Illumina HiSeq 2500,SINGLE,cDNA,TRANSCRIPTOMIC,Homo sapiens,ILLUMINA,2022-01-12T00:00:00Z,2021-04-27T03:35:00Z,1,GSM5265007,NTERA2,SRP316316,siDDX5
SRR14323433,RNA-Seq,51,1175890731,PRJNA725137,SAMN18870571,690181716,Pluripotent stem cells,GEO,public,"run.zq,fastq,sra","ncbi,s3,gs","ncbi.public,gs.us-east1,s3.us-east-1",SRX10678565,GSM5265008,Illumina HiSeq 2500,SINGLE,cDNA,TRANSCRIPTOMIC,Homo sapiens,ILLUMINA,2022-01-12T00:00:00Z,2021-04-27T03:48:00Z,1,GSM5265008,NTERA2,SRP316316,siDDX17
SRR14323434,RNA-Seq,51,754316979,PRJNA725137,SAMN18870570,424142278,Pluripotent stem cells,GEO,public,"run.zq,fastq,sra","gs,s3,ncbi","ncbi.public,s3.us-east-1,gs.us-east1",SRX10678566,GSM5265009,Illumina HiSeq 2500,SINGLE,cDNA,TRANSCRIPTOMIC,Homo sapiens,ILLUMINA,2022-01-12T00:00:00Z,2021-04-27T03:42:00Z,1,GSM5265009,NTERA2,SRP316316,siDDX17
SRR14323435,RNA-Seq,51,781979430,PRJNA725137,SAMN18870569,444238249,Pluripotent stem cells,GEO,public,"sra,fastq,run.zq","s3,ncbi,gs","s3.us-east-1,ncbi.public,gs.us-east1",SRX10678567,GSM5265010,Illumina HiSeq 2500,SINGLE,cDNA,TRANSCRIPTOMIC,Homo sapiens,ILLUMINA,2022-01-12T00:00:00Z,2021-04-27T03:35:00Z,1,GSM5265010,NTERA2,SRP316316,siDDX17
SRR14323436,RNA-Seq,51,1151879166,PRJNA725137,SAMN18870568,670540742,Pluripotent stem cells,GEO,public,"fastq,sra,run.zq","s3,ncbi,gs","gs.us-east1,s3.us-east-1,ncbi.public",SRX10678568,GSM5265011,Illumina HiSeq 2500,SINGLE,cDNA,TRANSCRIPTOMIC,Homo sapiens,ILLUMINA,2022-01-12T00:00:00Z,2021-04-27T03:46:00Z,1,GSM5265011,NTERA2,SRP316316,siDDX5 and siDDX17
SRR14323437,RNA-Seq,51,763277985,PRJNA725137,SAMN18870567,425006841,Pluripotent stem cells,GEO,public,"fastq,sra,run.zq","s3,gs,ncbi","gs.us-east1,ncbi.public,s3.us-east-1",SRX10678569,GSM5265012,Illumina HiSeq 2500,SINGLE,cDNA,TRANSCRIPTOMIC,Homo sapiens,ILLUMINA,2022-01-12T00:00:00Z,2021-04-27T03:41:00Z,1,GSM5265012,NTERA2,SRP316316,siDDX5 and siDDX17
SRR14323438,RNA-Seq,51,943331802,PRJNA725137,SAMN18870566,532172607,Pluripotent stem cells,GEO,public,"sra,fastq,run.zq","ncbi,gs,s3","gs.us-east1,s3.us-east-1,ncbi.public",SRX10678570,GSM5265013,Illumina HiSeq 2500,SINGLE,cDNA,TRANSCRIPTOMIC,Homo sapiens,ILLUMINA,2022-01-12T00:00:00Z,2021-04-27T03:46:00Z,1,GSM5265013,NTERA2,SRP316316,siDDX5 and siDDX17
SRR14323439,RNA-Seq,51,1133870709,PRJNA725137,SAMN18870565,659617940,NTERA2-derived neural stem cells,GEO,public,"sra,run.zq,fastq","gs,ncbi,s3","ncbi.public,gs.us-east1,s3.us-east-1",SRX10678571,GSM5265014,Illumina HiSeq 2500,SINGLE,cDNA,TRANSCRIPTOMIC,Homo sapiens,ILLUMINA,2022-01-12T00:00:00Z,2021-04-27T03:47:00Z,1,GSM5265014,NTERA2,SRP316316,siCtrl
SRR14323440,RNA-Seq,51,746401371,PRJNA725137,SAMN18870564,416284314,NTERA2-derived neural stem cells,GEO,public,"run.zq,fastq,sra","s3,gs,ncbi","ncbi.public,s3.us-east-1,gs.us-east1",SRX10678572,GSM5265015,Illumina HiSeq 2500,SINGLE,cDNA,TRANSCRIPTOMIC,Homo sapiens,ILLUMINA,2022-01-12T00:00:00Z,2021-04-27T03:37:00Z,1,GSM5265015,NTERA2,SRP316316,siCtrl
SRR14323441,RNA-Seq,51,914981871,PRJNA725137,SAMN18870563,518763116,NTERA2-derived neural stem cells,GEO,public,"fastq,run.zq,sra","ncbi,s3,gs","s3.us-east-1,ncbi.public,gs.us-east1",SRX10678573,GSM5265016,Illumina HiSeq 2500,SINGLE,cDNA,TRANSCRIPTOMIC,Homo sapiens,ILLUMINA,2022-01-12T00:00:00Z,2021-04-27T03:47:00Z,1,GSM5265016,NTERA2,SRP316316,siCtrl
SRR14323442,RNA-Seq,51,958269549,PRJNA725137,SAMN18870586,562807599,NTERA2-derived neural stem cells,GEO,public,"run.zq,sra,fastq","gs,ncbi,s3","gs.us-east1,ncbi.public,s3.us-east-1",SRX10678574,GSM5265017,Illumina HiSeq 2500,SINGLE,cDNA,TRANSCRIPTOMIC,Homo sapiens,ILLUMINA,2022-01-12T00:00:00Z,2021-04-27T03:46:00Z,1,GSM5265017,NTERA2,SRP316316,siDDX5
SRR14323443,RNA-Seq,51,887206812,PRJNA725137,SAMN18870585,496644309,NTERA2-derived neural stem cells,GEO,public,"sra,fastq,run.zq","gs,ncbi,s3","ncbi.public,s3.us-east-1,gs.us-east1",SRX10678575,GSM5265018,Illumina HiSeq 2500,SINGLE,cDNA,TRANSCRIPTOMIC,Homo sapiens,ILLUMINA,2022-01-12T00:00:00Z,2021-04-27T03:37:00Z,1,GSM5265018,NTERA2,SRP316316,siDDX5
SRR14323444,RNA-Seq,51,836783928,PRJNA725137,SAMN18870584,477553113,NTERA2-derived neural stem cells,GEO,public,"sra,run.zq,fastq","s3,gs,ncbi","ncbi.public,s3.us-east-1,gs.us-east1",SRX10678576,GSM5265019,Illumina HiSeq 2500,SINGLE,cDNA,TRANSCRIPTOMIC,Homo sapiens,ILLUMINA,2022-01-12T00:00:00Z,2021-04-27T03:46:00Z,1,GSM5265019,NTERA2,SRP316316,siDDX5
SRR14323445,RNA-Seq,51,1087414962,PRJNA725137,SAMN18870583,634420816,NTERA2-derived neural stem cells,GEO,public,"fastq,sra,run.zq","gs,s3,ncbi","ncbi.public,gs.us-east1,s3.us-east-1",SRX10678577,GSM5265020,Illumina HiSeq 2500,SINGLE,cDNA,TRANSCRIPTOMIC,Homo sapiens,ILLUMINA,2022-01-12T00:00:00Z,2021-04-27T03:45:00Z,1,GSM5265020,NTERA2,SRP316316,siDDX17
SRR14323446,RNA-Seq,51,706822107,PRJNA725137,SAMN18870582,395117704,NTERA2-derived neural stem cells,GEO,public,"fastq,run.zq,sra","gs,ncbi,s3","ncbi.public,s3.us-east-1,gs.us-east1",SRX10678578,GSM5265021,Illumina HiSeq 2500,SINGLE,cDNA,TRANSCRIPTOMIC,Homo sapiens,ILLUMINA,2022-01-12T00:00:00Z,2021-04-27T03:41:00Z,1,GSM5265021,NTERA2,SRP316316,siDDX17
SRR14323447,RNA-Seq,51,859881879,PRJNA725137,SAMN18870581,486549142,NTERA2-derived neural stem cells,GEO,public,"run.zq,sra,fastq","gs,s3,ncbi","s3.us-east-1,ncbi.public,gs.us-east1",SRX10678579,GSM5265022,Illumina HiSeq 2500,SINGLE,cDNA,TRANSCRIPTOMIC,Homo sapiens,ILLUMINA,2022-01-12T00:00:00Z,2021-04-27T03:45:00Z,1,GSM5265022,NTERA2,SRP316316,siDDX17
SRR14323448,RNA-Seq,51,1062850047,PRJNA725137,SAMN18870580,618849234,NTERA2-derived neural stem cells,GEO,public,"sra,run.zq,fastq","s3,ncbi,gs","s3.us-east-1,gs.us-east1,ncbi.public",SRX10678580,GSM5265023,Illumina HiSeq 2500,SINGLE,cDNA,TRANSCRIPTOMIC,Homo sapiens,ILLUMINA,2022-01-12T00:00:00Z,2021-04-27T03:45:00Z,1,GSM5265023,NTERA2,SRP316316,siDDX5 and siDDX17
SRR14323449,RNA-Seq,51,744125190,PRJNA725137,SAMN18870579,414065065,NTERA2-derived neural stem cells,GEO,public,"fastq,sra,run.zq","gs,ncbi,s3","gs.us-east1,s3.us-east-1,ncbi.public",SRX10678581,GSM5265024,Illumina HiSeq 2500,SINGLE,cDNA,TRANSCRIPTOMIC,Homo sapiens,ILLUMINA,2022-01-12T00:00:00Z,2021-04-27T03:36:00Z,1,GSM5265024,NTERA2,SRP316316,siDDX5 and siDDX17
SRR14323450,RNA-Seq,51,794661906,PRJNA725137,SAMN18870578,448942950,NTERA2-derived neural stem cells,GEO,public,"fastq,run.zq,sra","s3,gs,ncbi","gs.us-east1,ncbi.public,s3.us-east-1",SRX10678582,GSM5265025,Illumina HiSeq 2500,SINGLE,cDNA,TRANSCRIPTOMIC,Homo sapiens,ILLUMINA,2022-01-12T00:00:00Z,2021-04-27T03:45:00Z,1,GSM5265025,NTERA2,SRP316316,siDDX5 and siDDX17
