Run,Assay Type,AvgSpotLen,Bases,BioProject,BioSample,Bytes,Center Name,Consent,DATASTORE filetype,DATASTORE provider,DATASTORE region,dev_stage,Experiment,Instrument,Library Name,LibraryLayout,LibrarySelection,LibrarySource,Organism,Platform,ReleaseDate,create_date,version,Sample Name,sex,SRA Study,tissue,AGE,isolate,Sample_Name,Collection_Date,geo_loc_name_country,geo_loc_name_country_continent,geo_loc_name,BioSampleModel,strain,sample_type
SRR8429976,RNA-Seq,75,11667074093,PRJNA474959,SAMN09377658,4240506552,UNIVERSITY OF MISSOURI,public,"sra,fastq,run.zq","gs,s3,ncbi","s3.us-east-1,gs.us-east1,ncbi.public",adult,SRX5237793,NextSeq 500,Sample_1,SINGLE,size fractionation,TRANSCRIPTOMIC,Tokudaia osimensis,ILLUMINA,2019-01-10T00:00:00Z,2019-01-10T18:20:00Z,1,Spiny Rat Transcriptome Assembly,pooled male and female,SRP178270,brain,,,,,,,,Model organism or animal,wild,
SRR8429977,RNA-Seq,75,7659237135,PRJNA474959,SAMN09377658,2762808820,UNIVERSITY OF MISSOURI,public,"fastq,run.zq,sra","ncbi,s3,gs","ncbi.public,s3.us-east-1,gs.us-east1",adult,SRX5237792,NextSeq 500,Sample_2,SINGLE,size fractionation,TRANSCRIPTOMIC,Tokudaia osimensis,ILLUMINA,2019-01-10T00:00:00Z,2019-01-10T18:01:00Z,1,Spiny Rat Transcriptome Assembly,pooled male and female,SRP178270,brain,,,,,,,,Model organism or animal,wild,
SRR8429978,RNA-Seq,75,9159540767,PRJNA474959,SAMN09377658,3294300390,UNIVERSITY OF MISSOURI,public,"fastq,sra,run.zq","ncbi,gs,s3","ncbi.public,gs.us-east1,s3.us-east-1",adult,SRX5237791,NextSeq 500,Sample_3,SINGLE,size fractionation,TRANSCRIPTOMIC,Tokudaia osimensis,ILLUMINA,2019-01-10T00:00:00Z,2019-01-10T18:15:00Z,1,Spiny Rat Transcriptome Assembly,pooled male and female,SRP178270,brain,,,,,,,,Model organism or animal,wild,
SRR8429979,RNA-Seq,75,12325249687,PRJNA474959,SAMN09377658,4474589687,UNIVERSITY OF MISSOURI,public,"run.zq,sra,fastq","ncbi,gs,s3","s3.us-east-1,gs.us-east1,ncbi.public",adult,SRX5237790,NextSeq 500,Sample_4,SINGLE,size fractionation,TRANSCRIPTOMIC,Tokudaia osimensis,ILLUMINA,2019-01-10T00:00:00Z,2019-01-10T18:33:00Z,1,Spiny Rat Transcriptome Assembly,pooled male and female,SRP178270,brain,,,,,,,,Model organism or animal,wild,
SRR8429980,RNA-Seq,75,8906394613,PRJNA474959,SAMN09377658,3166982202,UNIVERSITY OF MISSOURI,public,"sra,run.zq,fastq","gs,ncbi,s3","ncbi.public,s3.us-east-1,gs.us-east1",adult,SRX5237789,NextSeq 500,Sample_5,SINGLE,size fractionation,TRANSCRIPTOMIC,Tokudaia osimensis,ILLUMINA,2019-01-10T00:00:00Z,2019-01-10T18:07:00Z,1,Spiny Rat Transcriptome Assembly,pooled male and female,SRP178270,brain,,,,,,,,Model organism or animal,wild,
SRR8429981,RNA-Seq,75,10530445928,PRJNA474959,SAMN09377658,3817913095,UNIVERSITY OF MISSOURI,public,"run.zq,sra,fastq","gs,s3,ncbi","gs.us-east1,ncbi.public,s3.us-east-1",adult,SRX5237788,NextSeq 500,Sample_6,SINGLE,size fractionation,TRANSCRIPTOMIC,Tokudaia osimensis,ILLUMINA,2019-01-10T00:00:00Z,2019-01-10T18:22:00Z,1,Spiny Rat Transcriptome Assembly,pooled male and female,SRP178270,brain,,,,,,,,Model organism or animal,wild,
SRR8429982,RNA-Seq,75,12232491586,PRJNA474959,SAMN09377658,4420399847,UNIVERSITY OF MISSOURI,public,"fastq,run.zq,sra","ncbi,gs,s3","s3.us-east-1,gs.us-east1,ncbi.public",adult,SRX5237787,NextSeq 500,Sample_7,SINGLE,size fractionation,TRANSCRIPTOMIC,Tokudaia osimensis,ILLUMINA,2019-01-10T00:00:00Z,2019-01-10T18:26:00Z,1,Spiny Rat Transcriptome Assembly,pooled male and female,SRP178270,brain,,,,,,,,Model organism or animal,wild,
DRR496884,RNA-Seq,101,2169601503,PRJDB5072,SAMD00635924,1758595498,TITECH,public,"sra,run.zq","s3,ncbi,gs","s3.us-east-1,gs.us-east1,ncbi.public",missing,DRX481045,Illumina HiSeq 2500,A18D_brain,SINGLE,PolyA,TRANSCRIPTOMIC,Tokudaia osimensis,ILLUMINA,2023-09-05T00:00:00Z,2023-09-17T12:33:00Z,1,SAMD00635924,male,DRP009149,brain,missing,A18D,TOS_A18D_brain,2005-02,Japan,Asia,"Japan:Kagoshima\, Amami-Oshima Island",,,
DRR496885,RNA-Seq,101,2837105049,PRJDB5072,SAMD00635925,2291217862,TITECH,public,"run.zq,sra","ncbi,s3,gs","s3.us-east-1,gs.us-east1,ncbi.public",missing,DRX481046,Illumina HiSeq 2500,A18D_liver,SINGLE,PolyA,TRANSCRIPTOMIC,Tokudaia osimensis,ILLUMINA,2023-09-05T00:00:00Z,2023-09-17T12:31:00Z,1,SAMD00635925,male,DRP009149,liver,missing,A18D,TOS_A18D_liver,2005-02,Japan,Asia,"Japan:Kagoshima\, Amami-Oshima Island",,,
DRR496886,RNA-Seq,101,2350125671,PRJDB5072,SAMD00635926,1901202685,TITECH,public,"run.zq,sra","s3,ncbi,gs","ncbi.public,s3.us-east-1,gs.us-east1",missing,DRX481047,Illumina HiSeq 2500,A18D_testis,SINGLE,PolyA,TRANSCRIPTOMIC,Tokudaia osimensis,ILLUMINA,2023-09-05T00:00:00Z,2023-09-17T12:42:00Z,1,SAMD00635926,male,DRP009149,testis,missing,A18D,TOS_A18D_testis,2005-02,Japan,Asia,"Japan:Kagoshima\, Amami-Oshima Island",,,
DRR496887,RNA-Seq,202,7868570034,PRJDB5072,SAMD00635927,3118528931,TITECH,public,"sra,run.zq","ncbi,s3,gs","ncbi.public,s3.us-east-1,gs.us-east1",missing,DRX481048,Illumina NovaSeq 6000,hash39_brain,PAIRED,PolyA,TRANSCRIPTOMIC,Tokudaia osimensis,ILLUMINA,2023-09-05T00:00:00Z,2023-09-17T12:58:00Z,1,SAMD00635927,female,DRP009149,brain,missing,"#39",TOS_hash39_brain,2011-11,Japan,Asia,"Japan:Kagoshima\, Amami-Oshima Island",,,
DRR496888,RNA-Seq,202,8160397212,PRJDB5072,SAMD00635928,3210631926,TITECH,public,"sra,run.zq","ncbi,gs,s3","ncbi.public,gs.us-east1,s3.us-east-1",missing,DRX481049,Illumina NovaSeq 6000,hash39_liver,PAIRED,PolyA,TRANSCRIPTOMIC,Tokudaia osimensis,ILLUMINA,2023-09-05T00:00:00Z,2023-09-17T13:08:00Z,1,SAMD00635928,female,DRP009149,liver,missing,"#39",TOS_hash39_liver,2011-11,Japan,Asia,"Japan:Kagoshima\, Amami-Oshima Island",,,
DRR496889,RNA-Seq,202,8662848780,PRJDB5072,SAMD00635929,3441325131,TITECH,public,"sra,run.zq","gs,s3,ncbi","s3.us-east-1,ncbi.public,gs.us-east1",missing,DRX481050,Illumina NovaSeq 6000,hash39_ovary,PAIRED,PolyA,TRANSCRIPTOMIC,Tokudaia osimensis,ILLUMINA,2023-09-05T00:00:00Z,2023-09-17T13:04:00Z,1,SAMD00635929,female,DRP009149,ovary,missing,"#39",TOS_hash39_ovary,2011-11,Japan,Asia,"Japan:Kagoshima\, Amami-Oshima Island",,,
DRR496890,RNA-Seq,202,9099808716,PRJDB5072,SAMD00635930,3625762609,TITECH,public,"run.zq,sra","gs,s3,ncbi","gs.us-east1,ncbi.public,s3.us-east-1",missing,DRX481051,Illumina NovaSeq 6000,hashLS06-20-1125_brain,PAIRED,PolyA,TRANSCRIPTOMIC,Tokudaia osimensis,ILLUMINA,2023-09-05T00:00:00Z,2023-09-17T12:41:00Z,1,SAMD00635930,female,DRP009149,brain,missing,"#LS06-20-1125",TOS_hashLS06-20-1125_brain,2011-11,Japan,Asia,"Japan:Kagoshima\, Amami-Oshima Island",,,
DRR496891,RNA-Seq,202,7628723112,PRJDB5072,SAMD00635931,3021149533,TITECH,public,"sra,run.zq","gs,s3,ncbi","gs.us-east1,ncbi.public,s3.us-east-1",missing,DRX481052,Illumina NovaSeq 6000,hashLS06-20-1125_liver,PAIRED,PolyA,TRANSCRIPTOMIC,Tokudaia osimensis,ILLUMINA,2023-09-05T00:00:00Z,2023-09-17T12:47:00Z,1,SAMD00635931,female,DRP009149,liver,missing,"#LS06-20-1125",TOS_hashLS06-20-1125_liver,2011-11,Japan,Asia,"Japan:Kagoshima\, Amami-Oshima Island",,,
DRR496892,RNA-Seq,202,8433238410,PRJDB5072,SAMD00635932,3341779349,TITECH,public,"sra,run.zq","s3,gs,ncbi","gs.us-east1,ncbi.public,s3.us-east-1",missing,DRX481053,Illumina NovaSeq 6000,hashLS06-20-1125_ovary,PAIRED,PolyA,TRANSCRIPTOMIC,Tokudaia osimensis,ILLUMINA,2023-09-05T00:00:00Z,2023-09-17T12:40:00Z,1,SAMD00635932,female,DRP009149,ovary,missing,"#LS06-20-1125",TOS_hashLS06-20-1125_ovary,2011-11,Japan,Asia,"Japan:Kagoshima\, Amami-Oshima Island",,,
DRR496893,RNA-Seq,101,3654935581,PRJDB5072,SAMD00635924,3022130493,TITECH,public,"sra,run.zq","gs,s3,ncbi","ncbi.public,s3.us-east-1,gs.us-east1",missing,DRX481054,Illumina HiSeq 2500,A18D_brain_stranded,SINGLE,PolyA,TRANSCRIPTOMIC,Tokudaia osimensis,ILLUMINA,2023-09-05T00:00:00Z,2023-09-17T12:37:00Z,1,SAMD00635924,male,DRP009149,brain,missing,A18D,TOS_A18D_brain,2005-02,Japan,Asia,"Japan:Kagoshima\, Amami-Oshima Island",,,
DRR496894,RNA-Seq,101,3285167915,PRJDB5072,SAMD00635925,2711311788,TITECH,public,"run.zq,sra","s3,ncbi,gs","ncbi.public,s3.us-east-1,gs.us-east1",missing,DRX481055,Illumina HiSeq 2500,A18D_liver_stranded,SINGLE,PolyA,TRANSCRIPTOMIC,Tokudaia osimensis,ILLUMINA,2023-09-05T00:00:00Z,2023-09-17T13:05:00Z,1,SAMD00635925,male,DRP009149,liver,missing,A18D,TOS_A18D_liver,2005-02,Japan,Asia,"Japan:Kagoshima\, Amami-Oshima Island",,,
DRR496895,RNA-Seq,101,3582425661,PRJDB5072,SAMD00635926,2957809152,TITECH,public,"run.zq,sra","s3,ncbi,gs","gs.us-east1,ncbi.public,s3.us-east-1",missing,DRX481056,Illumina HiSeq 2500,A18D_testis_stranded,SINGLE,PolyA,TRANSCRIPTOMIC,Tokudaia osimensis,ILLUMINA,2023-09-05T00:00:00Z,2023-09-17T12:33:00Z,1,SAMD00635926,male,DRP009149,testis,missing,A18D,TOS_A18D_testis,2005-02,Japan,Asia,"Japan:Kagoshima\, Amami-Oshima Island",,,
DRR426688,RNA-Seq,200,9006590600,PRJDB14616,SAMD00562901,2868714991,HOKU-SCI,public,"run.zq,sra","ncbi,s3,gs","ncbi.public,s3.us-east-1,gs.us-east1",adult,DRX411871,Illumina NovaSeq 6000,,PAIRED,cDNA,TRANSCRIPTOMIC,Tokudaia osimensis,ILLUMINA,2023-10-26T00:00:00Z,2023-10-26T13:51:00Z,1,SAMD00562901,female,DRP010706,Tail,adult,Amami-oshima,TOS mRNA F1,,,,,,,Extracted total mRNA
DRR426689,RNA-Seq,200,8254871400,PRJDB14616,SAMD00562902,2644284362,HOKU-SCI,public,"sra,run.zq","s3,gs,ncbi","gs.us-east1,ncbi.public,s3.us-east-1",adult,DRX411872,Illumina NovaSeq 6000,,PAIRED,cDNA,TRANSCRIPTOMIC,Tokudaia osimensis,ILLUMINA,2023-10-26T00:00:00Z,2023-10-26T13:51:00Z,1,SAMD00562902,male,DRP010706,Tail,adult,Amami-oshima,TOS mRNA M1,,,,,,,Extracted total mRNA
