Run,Assay Type,AvgSpotLen,Bases,BioProject,BioSample,Bytes,Center Name,Consent,DATASTORE filetype,DATASTORE provider,DATASTORE region,Experiment,Instrument,Library Name,LibraryLayout,LibrarySelection,LibrarySource,Organism,Platform,ReleaseDate,create_date,version,Sample Name,SRA Study,tissue,AGE,BIOMATERIAL_PROVIDER,BioSampleModel,BREED,Collection_Date,Cultivar,dev_stage,ecotype,geo_loc_name_country,geo_loc_name_country_continent,geo_loc_name,isolate,sex,strain,GEO_Accession (exp),source_name
SRR518933,RNA-Seq,180,12985290900,PRJNA170104,SAMN01085960,8248742789,GEO,public,"run.zq,sra","gs,ncbi,s3","gs.us-east1,ncbi.public,s3.us-east-1",SRX157965,Illumina HiSeq 2000,GSM957062: testis,PAIRED,cDNA,TRANSCRIPTOMIC,Tupaia chinensis,ILLUMINA,2013-01-14T00:00:00Z,2012-07-06T08:19:00Z,1,GSM957062,SRP014139,testis,,,,,,,,,,,,,,,GSM957062,testis
SRR36653058,miRNA-Seq,50,880083600,PRJNA1396893,SAMN54389782,285433802,YUNNAN AGRICULTURAL UNIVERSITY,public,"sra,run.zq,fastq","ncbi,s3,gs","gs.us-east1,ncbi.public,s3.us-east-1",SRX31664071,Illumina NovaSeq 6000,NR.TE.miRNA.rep3,SINGLE,size fractionation,TRANSCRIPTOMIC,Tupaia chinensis,ILLUMINA,2026-01-01T00:00:00Z,2026-01-01T08:19:00Z,1,12_20_15.pm_testis_3,SRP659251,testis,1.5 years,"Yahui Li\, kmliyh@163.com",Model organism or animal,missing,2023-12-20T15:00:00Z,missing,adult,missing,China,Asia,China: Kunming,missing,male,missing,,
SRR36653059,miRNA-Seq,50,776829600,PRJNA1396893,SAMN54389781,242797248,YUNNAN AGRICULTURAL UNIVERSITY,public,"fastq,sra","ncbi,gs,s3","gs.us-east1,s3.us-east-1,ncbi.public",SRX31664070,Illumina NovaSeq 6000,NR.TE.miRNA.rep2,SINGLE,size fractionation,TRANSCRIPTOMIC,Tupaia chinensis,ILLUMINA,2026-01-01T00:00:00Z,2026-01-01T08:19:00Z,1,12_20_13.pm_testis_2,SRP659251,testis,1.5 years,"Yahui Li\, kmliyh@163.com",Model organism or animal,missing,2023-12-20T13:00:00Z,missing,adult,missing,China,Asia,China: Kunming,missing,male,missing,,
SRR36653060,miRNA-Seq,50,668169750,PRJNA1396893,SAMN54389780,210032816,YUNNAN AGRICULTURAL UNIVERSITY,public,"fastq,sra","gs,s3,ncbi","s3.us-east-1,gs.us-east1,ncbi.public",SRX31664069,Illumina NovaSeq 6000,NR.TE.miRNA.rep1,SINGLE,size fractionation,TRANSCRIPTOMIC,Tupaia chinensis,ILLUMINA,2026-01-01T00:00:00Z,2026-01-01T08:19:00Z,1,12_20_10.am_testis_1,SRP659251,testis,1.5 years,"Yahui Li\, kmliyh@163.com",Model organism or animal,missing,2023-12-20T11:00:00Z,missing,adult,missing,China,Asia,China: Kunming,missing,male,missing,,
SRR36653063,RNA-Seq,300,5931854100,PRJNA1396893,SAMN54389791,1789409116,YUNNAN AGRICULTURAL UNIVERSITY,public,"sra,fastq,run.zq","ncbi,s3,gs","gs.us-east1,s3.us-east-1,ncbi.public",SRX31664066,Illumina NovaSeq 6000,R.TE.RNA.rep3,PAIRED,Oligo-dT,TRANSCRIPTOMIC,Tupaia chinensis,ILLUMINA,2026-01-01T00:00:00Z,2026-01-01T08:20:00Z,1,04_20_15.pm_testis_3,SRP659251,testis,2.0 years,"Yahui Li\, kmliyh@163.com",Model organism or animal,missing,2024-04-20T14:00:00Z,missing,adult,missing,China,Asia,China: Kunming,missing,male,missing,,
SRR36653064,RNA-Seq,300,6418232100,PRJNA1396893,SAMN54389790,1929162900,YUNNAN AGRICULTURAL UNIVERSITY,public,"sra,run.zq,fastq","gs,ncbi,s3","s3.us-east-1,ncbi.public,gs.us-east1",SRX31664065,Illumina NovaSeq 6000,R.TE.RNA.rep2,PAIRED,Oligo-dT,TRANSCRIPTOMIC,Tupaia chinensis,ILLUMINA,2026-01-01T00:00:00Z,2026-01-01T08:20:00Z,1,04_20_14.pm_testis_2,SRP659251,testis,2.0 years,"Yahui Li\, kmliyh@163.com",Model organism or animal,missing,2024-04-20T13:00:00Z,missing,adult,missing,China,Asia,China: Kunming,missing,male,missing,,
SRR36653065,RNA-Seq,300,5722663800,PRJNA1396893,SAMN54389789,1723194953,YUNNAN AGRICULTURAL UNIVERSITY,public,"fastq,sra,run.zq","s3,gs,ncbi","s3.us-east-1,gs.us-east1,ncbi.public",SRX31664064,Illumina NovaSeq 6000,R.TE.RNA.rep1,PAIRED,Oligo-dT,TRANSCRIPTOMIC,Tupaia chinensis,ILLUMINA,2026-01-01T00:00:00Z,2026-01-01T08:20:00Z,1,04_20_11.am_testis_1,SRP659251,testis,2.0 years,"Yahui Li\, kmliyh@163.com",Model organism or animal,missing,2024-04-20T11:00:00Z,missing,adult,missing,China,Asia,China: Kunming,missing,male,missing,,
SRR36653073,RNA-Seq,300,6117446100,PRJNA1396893,SAMN54389782,1838628462,YUNNAN AGRICULTURAL UNIVERSITY,public,"fastq,sra,run.zq","s3,ncbi,gs","gs.us-east1,ncbi.public,s3.us-east-1",SRX31664056,Illumina NovaSeq 6000,NR.TE.RNA.rep3,PAIRED,Oligo-dT,TRANSCRIPTOMIC,Tupaia chinensis,ILLUMINA,2026-01-01T00:00:00Z,2026-01-01T08:21:00Z,1,12_20_15.pm_testis_3,SRP659251,testis,1.5 years,"Yahui Li\, kmliyh@163.com",Model organism or animal,missing,2023-12-20T15:00:00Z,missing,adult,missing,China,Asia,China: Kunming,missing,male,missing,,
SRR36653074,RNA-Seq,300,6270215700,PRJNA1396893,SAMN54389781,1892766879,YUNNAN AGRICULTURAL UNIVERSITY,public,"fastq,run.zq,sra","ncbi,gs,s3","ncbi.public,gs.us-east1,s3.us-east-1",SRX31664055,Illumina NovaSeq 6000,NR.TE.RNA.rep2,PAIRED,Oligo-dT,TRANSCRIPTOMIC,Tupaia chinensis,ILLUMINA,2026-01-01T00:00:00Z,2026-01-01T08:21:00Z,1,12_20_13.pm_testis_2,SRP659251,testis,1.5 years,"Yahui Li\, kmliyh@163.com",Model organism or animal,missing,2023-12-20T13:00:00Z,missing,adult,missing,China,Asia,China: Kunming,missing,male,missing,,
SRR36653075,RNA-Seq,300,6091880400,PRJNA1396893,SAMN54389780,1845081683,YUNNAN AGRICULTURAL UNIVERSITY,public,"run.zq,fastq,sra","gs,ncbi,s3","s3.us-east-1,gs.us-east1,ncbi.public",SRX31664054,Illumina NovaSeq 6000,NR.TE.RNA.rep1,PAIRED,Oligo-dT,TRANSCRIPTOMIC,Tupaia chinensis,ILLUMINA,2026-01-01T00:00:00Z,2026-01-01T08:21:00Z,1,12_20_10.am_testis_1,SRP659251,testis,1.5 years,"Yahui Li\, kmliyh@163.com",Model organism or animal,missing,2023-12-20T11:00:00Z,missing,adult,missing,China,Asia,China: Kunming,missing,male,missing,,
SRR36653083,miRNA-Seq,50,650973100,PRJNA1396893,SAMN54389791,204160349,YUNNAN AGRICULTURAL UNIVERSITY,public,"sra,fastq","gs,ncbi,s3","ncbi.public,s3.us-east-1,gs.us-east1",SRX31664046,Illumina NovaSeq 6000,R.TE.miRNA.rep3,SINGLE,size fractionation,TRANSCRIPTOMIC,Tupaia chinensis,ILLUMINA,2026-01-01T00:00:00Z,2026-01-01T08:19:00Z,1,04_20_15.pm_testis_3,SRP659251,testis,2.0 years,"Yahui Li\, kmliyh@163.com",Model organism or animal,missing,2024-04-20T14:00:00Z,missing,adult,missing,China,Asia,China: Kunming,missing,male,missing,,
SRR36653084,miRNA-Seq,50,1288428250,PRJNA1396893,SAMN54389790,414786021,YUNNAN AGRICULTURAL UNIVERSITY,public,"sra,fastq,run.zq","gs,s3,ncbi","s3.us-east-1,ncbi.public,gs.us-east1",SRX31664045,Illumina NovaSeq 6000,R.TE.miRNA.rep2,SINGLE,size fractionation,TRANSCRIPTOMIC,Tupaia chinensis,ILLUMINA,2026-01-01T00:00:00Z,2026-01-01T08:21:00Z,1,04_20_14.pm_testis_2,SRP659251,testis,2.0 years,"Yahui Li\, kmliyh@163.com",Model organism or animal,missing,2024-04-20T13:00:00Z,missing,adult,missing,China,Asia,China: Kunming,missing,male,missing,,
SRR36653085,miRNA-Seq,50,673993450,PRJNA1396893,SAMN54389789,220798528,YUNNAN AGRICULTURAL UNIVERSITY,public,"sra,fastq,run.zq","ncbi,gs,s3","gs.us-east1,s3.us-east-1,ncbi.public",SRX31664044,Illumina NovaSeq 6000,R.TE.miRNA.rep1,SINGLE,size fractionation,TRANSCRIPTOMIC,Tupaia chinensis,ILLUMINA,2026-01-01T00:00:00Z,2026-01-01T08:19:00Z,1,04_20_11.am_testis_1,SRP659251,testis,2.0 years,"Yahui Li\, kmliyh@163.com",Model organism or animal,missing,2024-04-20T11:00:00Z,missing,adult,missing,China,Asia,China: Kunming,missing,male,missing,,
