Run,Assay Type,AvgSpotLen,Bases,BioProject,BioSample,Bytes,Center Name,Consent,DATASTORE filetype,DATASTORE provider,DATASTORE region,Experiment,Instrument,LibraryLayout,LibrarySelection,LibrarySource,Organism,Platform,ReleaseDate,create_date,version,Sample Name,SRA Study,Sample_name,sample_comment,Library Name,sex,tissue,dev_stage,isolate,BioSampleModel,Collection_Date,geo_loc_name_country,geo_loc_name_country_continent,geo_loc_name,AGE,GEO_Accession (exp),source_name,quality_book_char (run),quality_scoring_system (run),read_name_barcode_proc_directive (run),sample_origin,small_rna_classes,BREED,Cultivar,ecotype,Individuals,strain
DRR459445,RNA-Seq,202,5565967792,PRJDB15650,SAMD00594336,3561739447,NIBB,public,"run.zq,sra","ncbi,s3,gs","ncbi.public,gs.us-east1,s3.us-east-1",DRX443712,Illumina HiSeq 2000,PAIRED,RANDOM,TRANSCRIPTOMIC,Notamacropus eugenii,ILLUMINA,2024-08-22T00:00:00Z,2024-08-22T15:36:00Z,1,SAMD00594336,DRP011939,s_3_1_6_sequence.txt,,MT,male,testis,adult,missing,,,,,,missing,,,,,,,,missing,missing,missing,,missing
SRR30198375,RNA-Seq,850,3906018895,PRJNA1145609,SAMN43076715,3581504075,THE UNIVERSITY OF MELBOURNE,public,"sra,fastq","gs,s3,ncbi","gs.us-east1,s3.us-east-1,ncbi.public",SRX25661496,PromethION,SINGLE,PCR,TRANSCRIPTOMIC,Notamacropus eugenii,OXFORD_NANOPORE,2025-03-01T00:00:00Z,2024-08-10T11:03:00Z,1,"Tammar wallaby, d148 pouch young testis, sample ID ""7927""",SRP525567,,,Me_testis_d148,male,Testis,Pouch young,not applicable,Model organism or animal,2019-07-09,Australia,Oceania,"Australia: SA\, Kangaroo Island",d148,,,,,,,,not applicable,not applicable,not applicable,,not applicable
SRR28974768,OTHER,302,158083521136,PRJNA1051171,SAMN39641837,56201452563,UNSW SYDNEY,public,"sra,fastq,run.zq","gs,ncbi,s3","ncbi.public,gs.us-east1,s3.us-east-1",SRX24504213,Illumina NovaSeq 6000,PAIRED,PCR,GENOMIC,Notamacropus eugenii,ILLUMINA,2024-08-13T00:00:00Z,2024-05-09T02:51:00Z,1,Tammar_sperm_rep2,SRP506639,,,NEU_SPERM_2,male,testis,adult,Individual 1 Sperm Replicate 2,Model organism or animal,2019-10,Australia,Oceania,Australia: Melbourne,,,,,,,,,,,,,
SRR28974769,OTHER,302,212442556548,PRJNA1051171,SAMN39641836,74725214585,UNSW SYDNEY,public,"run.zq,sra,fastq","gs,s3,ncbi","s3.us-east-1,gs.us-east1,ncbi.public",SRX24504212,Illumina NovaSeq 6000,PAIRED,PCR,GENOMIC,Notamacropus eugenii,ILLUMINA,2024-08-13T00:00:00Z,2024-05-09T03:44:00Z,1,Tammar_roundspermatids_rep2,SRP506639,,,NEU_RS_2,male,testis,adult,Individual 2 Round Spermatids Replicate 2,Model organism or animal,2019-10,Australia,Oceania,Australia: Melbourne,,,,,,,,,,,,,
SRR28974770,OTHER,302,170670912846,PRJNA1051171,SAMN39641835,60225373404,UNSW SYDNEY,public,"sra,fastq,run.zq","s3,gs,ncbi","gs.us-east1,ncbi.public,s3.us-east-1",SRX24504211,Illumina NovaSeq 6000,PAIRED,PCR,GENOMIC,Notamacropus eugenii,ILLUMINA,2024-08-13T00:00:00Z,2024-05-09T03:04:00Z,1,Tammar_pachytenediplotene_rep2,SRP506639,,,NEU_PD_2,male,testis,adult,Individual 2 Pachytene/Diplotene Replicate 2,Model organism or animal,2019-10,Australia,Oceania,Australia: Melbourne,,,,,,,,,,,,,
SRR28974771,OTHER,302,174474173704,PRJNA1051171,SAMN39641834,61730628617,UNSW SYDNEY,public,"fastq,run.zq,sra","ncbi,s3,gs","gs.us-east1,ncbi.public,s3.us-east-1",SRX24504210,Illumina NovaSeq 6000,PAIRED,PCR,GENOMIC,Notamacropus eugenii,ILLUMINA,2024-08-13T00:00:00Z,2024-05-09T02:00:00Z,1,Tammar_spermatogonia_rep2,SRP506639,,,NEU_SPG_2,male,testis,adult,Individual 2 Spermatogonia Replicate 2,Model organism or animal,2019-10,Australia,Oceania,Australia: Melbourne,,,,,,,,,,,,,
SRR28974772,OTHER,302,137041580838,PRJNA1051171,SAMN39641833,48718355882,UNSW SYDNEY,public,"run.zq,sra,fastq","ncbi,gs,s3","s3.us-east-1,gs.us-east1,ncbi.public",SRX24504209,Illumina NovaSeq 6000,PAIRED,PCR,GENOMIC,Notamacropus eugenii,ILLUMINA,2024-08-13T00:00:00Z,2024-05-09T01:46:00Z,1,Tammar_sperm_rep1,SRP506639,,,NEU_SPERM_1,male,testis,adult,Individual 1 Sperm Replicate 1,Model organism or animal,2019-10,Australia,Oceania,Australia: Melbourne,,,,,,,,,,,,,
SRR28974773,OTHER,302,145190082022,PRJNA1051171,SAMN39641832,51341444066,UNSW SYDNEY,public,"sra,run.zq,fastq","s3,gs,ncbi","s3.us-east-1,gs.us-east1,ncbi.public",SRX24504208,Illumina NovaSeq 6000,PAIRED,PCR,GENOMIC,Notamacropus eugenii,ILLUMINA,2024-08-13T00:00:00Z,2024-05-09T02:33:00Z,1,Tammar_roundspermatids_rep1,SRP506639,,,NEU_RS_1,male,testis,adult,Individual 1 Round Spermatids Replicate 1,Model organism or animal,2019-10,Australia,Oceania,Australia: Melbourne,,,,,,,,,,,,,
SRR28974774,OTHER,302,122716600720,PRJNA1051171,SAMN39641831,43049492038,UNSW SYDNEY,public,"sra,run.zq,fastq","s3,ncbi,gs","s3.us-east-1,ncbi.public,gs.us-east1",SRX24504207,Illumina NovaSeq 6000,PAIRED,PCR,GENOMIC,Notamacropus eugenii,ILLUMINA,2024-08-13T00:00:00Z,2024-05-09T01:03:00Z,1,Tammar_pachytenediplotene_rep1,SRP506639,,,NEU_PD_1,male,testis,adult,Individual 1 Pachytene/Diplotene Replicate 1,Model organism or animal,2019-10,Australia,Oceania,Australia: Melbourne,,,,,,,,,,,,,
SRR28974775,OTHER,302,134534542636,PRJNA1051171,SAMN39641830,47652656158,UNSW SYDNEY,public,"sra,run.zq,fastq","ncbi,s3,gs","s3.us-east-1,ncbi.public,gs.us-east1",SRX24504206,Illumina NovaSeq 6000,PAIRED,PCR,GENOMIC,Notamacropus eugenii,ILLUMINA,2024-08-13T00:00:00Z,2024-05-09T02:16:00Z,1,Tammar_spermatogonia_rep1,SRP506639,,,NEU_SPG_1,male,testis,adult,Individual 1 Spermatogonia Replicate 1,Model organism or animal,2019-10,Australia,Oceania,Australia: Melbourne,,,,,,,,,,,,,
DRR013520,WGS,200,1762492000,PRJDB1934,SAMD00003667,1123890913,NIG,public,"run.zq,sra","gs,ncbi,s3","gs.us-east1,ncbi.public,s3.us-east-1",DRX012243,Illumina HiSeq 2000,PAIRED,RANDOM,TRANSCRIPTOMIC,Notamacropus eugenii,ILLUMINA,2014-02-09T00:00:00Z,2014-02-03T04:56:00Z,1,SAMD00003667,DRP001145,DRS012079,"RNA from testis of tammar wallaby, sample ID ""11-047""",,,,,,,,,,,,,,,,,,,,,,,
DRR013521,WGS,200,1774978600,PRJDB1934,SAMD00003667,1134812550,NIG,public,"run.zq,sra","gs,ncbi,s3","gs.us-east1,ncbi.public,s3.us-east-1",DRX012243,Illumina HiSeq 2000,PAIRED,RANDOM,TRANSCRIPTOMIC,Notamacropus eugenii,ILLUMINA,2014-02-09T00:00:00Z,2014-02-03T04:57:00Z,1,SAMD00003667,DRP001145,DRS012079,"RNA from testis of tammar wallaby, sample ID ""11-047""",,,,,,,,,,,,,,,,,,,,,,,
DRR013522,WGS,200,1734999200,PRJDB1934,SAMD00003667,1108438364,NIG,public,"run.zq,sra","gs,ncbi,s3","gs.us-east1,ncbi.public,s3.us-east-1",DRX012243,Illumina HiSeq 2000,PAIRED,RANDOM,TRANSCRIPTOMIC,Notamacropus eugenii,ILLUMINA,2014-02-09T00:00:00Z,2014-02-03T04:53:00Z,1,SAMD00003667,DRP001145,DRS012079,"RNA from testis of tammar wallaby, sample ID ""11-047""",,,,,,,,,,,,,,,,,,,,,,,
DRR013523,WGS,200,1751209800,PRJDB1934,SAMD00003667,1123953910,NIG,public,"run.zq,sra","gs,ncbi,s3","gs.us-east1,ncbi.public,s3.us-east-1",DRX012243,Illumina HiSeq 2000,PAIRED,RANDOM,TRANSCRIPTOMIC,Notamacropus eugenii,ILLUMINA,2014-02-09T00:00:00Z,2014-02-03T04:58:00Z,1,SAMD00003667,DRP001145,DRS012079,"RNA from testis of tammar wallaby, sample ID ""11-047""",,,,,,,,,,,,,,,,,,,,,,,
DRR013524,WGS,200,1761128800,PRJDB1934,SAMD00003667,1126594319,NIG,public,"run.zq,sra","gs,ncbi,s3","gs.us-east1,ncbi.public,s3.us-east-1",DRX012243,Illumina HiSeq 2000,PAIRED,RANDOM,TRANSCRIPTOMIC,Notamacropus eugenii,ILLUMINA,2014-02-09T00:00:00Z,2014-02-03T04:54:00Z,1,SAMD00003667,DRP001145,DRS012079,"RNA from testis of tammar wallaby, sample ID ""11-047""",,,,,,,,,,,,,,,,,,,,,,,
DRR013525,WGS,200,1751503600,PRJDB1934,SAMD00003667,1122203793,NIG,public,"run.zq,sra","gs,ncbi,s3","gs.us-east1,ncbi.public,s3.us-east-1",DRX012243,Illumina HiSeq 2000,PAIRED,RANDOM,TRANSCRIPTOMIC,Notamacropus eugenii,ILLUMINA,2014-02-09T00:00:00Z,2014-02-03T04:55:00Z,1,SAMD00003667,DRP001145,DRS012079,"RNA from testis of tammar wallaby, sample ID ""11-047""",,,,,,,,,,,,,,,,,,,,,,,
DRR013526,WGS,200,1760015400,PRJDB1934,SAMD00003667,1125374643,NIG,public,"run.zq,sra","gs,ncbi,s3","gs.us-east1,ncbi.public,s3.us-east-1",DRX012243,Illumina HiSeq 2000,PAIRED,RANDOM,TRANSCRIPTOMIC,Notamacropus eugenii,ILLUMINA,2014-02-09T00:00:00Z,2014-02-03T04:53:00Z,1,SAMD00003667,DRP001145,DRS012079,"RNA from testis of tammar wallaby, sample ID ""11-047""",,,,,,,,,,,,,,,,,,,,,,,
DRR013527,WGS,200,1783294400,PRJDB1934,SAMD00003667,1141141353,NIG,public,"run.zq,sra","gs,ncbi,s3","gs.us-east1,ncbi.public,s3.us-east-1",DRX012243,Illumina HiSeq 2000,PAIRED,RANDOM,TRANSCRIPTOMIC,Notamacropus eugenii,ILLUMINA,2014-02-09T00:00:00Z,2014-02-03T04:57:00Z,1,SAMD00003667,DRP001145,DRS012079,"RNA from testis of tammar wallaby, sample ID ""11-047""",,,,,,,,,,,,,,,,,,,,,,,
DRR013672,WGS,200,1716293400,PRJDB1934,SAMD00003667,1108950149,NIG,public,"run.zq,sra","gs,ncbi,s3","gs.us-east1,ncbi.public,s3.us-east-1",DRX012262,Illumina HiSeq 2000,PAIRED,RANDOM,TRANSCRIPTOMIC,Notamacropus eugenii,ILLUMINA,2014-02-09T00:00:00Z,2014-02-03T07:03:00Z,1,SAMD00003667,DRP001145,DRS012079,"RNA from testis of tammar wallaby, sample ID ""11-047""",,,,,,,,,,,,,,,,,,,,,,,
DRR013673,WGS,200,1725162400,PRJDB1934,SAMD00003667,1112963532,NIG,public,"run.zq,sra","gs,ncbi,s3","gs.us-east1,ncbi.public,s3.us-east-1",DRX012262,Illumina HiSeq 2000,PAIRED,RANDOM,TRANSCRIPTOMIC,Notamacropus eugenii,ILLUMINA,2014-02-09T00:00:00Z,2014-02-03T07:03:00Z,1,SAMD00003667,DRP001145,DRS012079,"RNA from testis of tammar wallaby, sample ID ""11-047""",,,,,,,,,,,,,,,,,,,,,,,
DRR013674,WGS,200,1715628200,PRJDB1934,SAMD00003667,1110056524,NIG,public,"run.zq,sra","gs,ncbi,s3","gs.us-east1,ncbi.public,s3.us-east-1",DRX012262,Illumina HiSeq 2000,PAIRED,RANDOM,TRANSCRIPTOMIC,Notamacropus eugenii,ILLUMINA,2014-02-09T00:00:00Z,2014-02-03T07:05:00Z,1,SAMD00003667,DRP001145,DRS012079,"RNA from testis of tammar wallaby, sample ID ""11-047""",,,,,,,,,,,,,,,,,,,,,,,
DRR013675,WGS,200,1734840400,PRJDB1934,SAMD00003667,1128411821,NIG,public,"run.zq,sra","gs,ncbi,s3","gs.us-east1,ncbi.public,s3.us-east-1",DRX012262,Illumina HiSeq 2000,PAIRED,RANDOM,TRANSCRIPTOMIC,Notamacropus eugenii,ILLUMINA,2014-02-09T00:00:00Z,2014-02-03T07:02:00Z,1,SAMD00003667,DRP001145,DRS012079,"RNA from testis of tammar wallaby, sample ID ""11-047""",,,,,,,,,,,,,,,,,,,,,,,
DRR013676,WGS,200,1731938200,PRJDB1934,SAMD00003667,1123250462,NIG,public,"run.zq,sra","gs,ncbi,s3","gs.us-east1,ncbi.public,s3.us-east-1",DRX012262,Illumina HiSeq 2000,PAIRED,RANDOM,TRANSCRIPTOMIC,Notamacropus eugenii,ILLUMINA,2014-02-09T00:00:00Z,2014-02-03T07:06:00Z,1,SAMD00003667,DRP001145,DRS012079,"RNA from testis of tammar wallaby, sample ID ""11-047""",,,,,,,,,,,,,,,,,,,,,,,
DRR013677,WGS,200,1739473000,PRJDB1934,SAMD00003667,1132185122,NIG,public,"run.zq,sra","gs,ncbi,s3","gs.us-east1,ncbi.public,s3.us-east-1",DRX012262,Illumina HiSeq 2000,PAIRED,RANDOM,TRANSCRIPTOMIC,Notamacropus eugenii,ILLUMINA,2014-02-09T00:00:00Z,2014-02-03T07:04:00Z,1,SAMD00003667,DRP001145,DRS012079,"RNA from testis of tammar wallaby, sample ID ""11-047""",,,,,,,,,,,,,,,,,,,,,,,
DRR013678,WGS,200,1741803800,PRJDB1934,SAMD00003667,1134124933,NIG,public,"run.zq,sra","gs,ncbi,s3","gs.us-east1,ncbi.public,s3.us-east-1",DRX012262,Illumina HiSeq 2000,PAIRED,RANDOM,TRANSCRIPTOMIC,Notamacropus eugenii,ILLUMINA,2014-02-09T00:00:00Z,2014-02-03T07:03:00Z,1,SAMD00003667,DRP001145,DRS012079,"RNA from testis of tammar wallaby, sample ID ""11-047""",,,,,,,,,,,,,,,,,,,,,,,
DRR013679,WGS,200,1733853000,PRJDB1934,SAMD00003667,1124930960,NIG,public,"run.zq,sra","gs,ncbi,s3","gs.us-east1,ncbi.public,s3.us-east-1",DRX012262,Illumina HiSeq 2000,PAIRED,RANDOM,TRANSCRIPTOMIC,Notamacropus eugenii,ILLUMINA,2014-02-09T00:00:00Z,2014-02-03T07:04:00Z,1,SAMD00003667,DRP001145,DRS012079,"RNA from testis of tammar wallaby, sample ID ""11-047""",,,,,,,,,,,,,,,,,,,,,,,
SRR1041778,RNA-Seq,101,5628444170,PRJNA218629,SAMN02429314,3469178473,GEO,public,"fastq,run.zq,sra","gs,ncbi,s3","gs.us-east1,ncbi.public,s3.us-east-1",SRX386112,Illumina HiSeq 2000,SINGLE,cDNA,TRANSCRIPTOMIC,Notamacropus eugenii,ILLUMINA,2014-04-15T00:00:00Z,2013-12-03T10:46:00Z,1,GSM1278059,SRP029760,,,,male,liver,,,,,,,,,GSM1278059,liver,,,,,,,,,individual 1,
SRR1041779,RNA-Seq,101,7350417309,PRJNA218629,SAMN02429315,4489095948,GEO,public,"fastq,run.zq,sra","gs,ncbi,s3","gs.us-east1,ncbi.public,s3.us-east-1",SRX386113,Illumina HiSeq 2000,SINGLE,cDNA,TRANSCRIPTOMIC,Notamacropus eugenii,ILLUMINA,2014-04-15T00:00:00Z,2013-12-03T10:49:00Z,1,GSM1278060,SRP029760,,,,male,testis,,,,,,,,,GSM1278060,testis,,,,,,,,,individual 1,
SRR306309,RNA-Seq,56,150154200,PRJNA154839,SAMN00631971,77727464,GEO,public,"fastq,sra","gs,ncbi,s3","gs.us-east1,ncbi.public,s3.us-east-1",SRX081709,Illumina Genome Analyzer,SINGLE,size fractionation,TRANSCRIPTOMIC,Notamacropus eugenii,ILLUMINA,2011-07-28T00:00:00Z,2015-06-28T00:17:00Z,3,GSM753560,SRP007394,,,GSM753560: testis_crasiRNA,,,,,,,,,,125 days,GSM753560,pouch young testis,@,log odds,ignore,pouch young testis,crasiRNA,,,,,
SRR306314,RNA-Seq,36,144927972,PRJNA154839,SAMN00631976,83925971,GEO,public,"fastq,sra","gs,ncbi,s3","gs.us-east1,ncbi.public,s3.us-east-1",SRX081714,Illumina Genome Analyzer,SINGLE,size fractionation,TRANSCRIPTOMIC,Notamacropus eugenii,ILLUMINA,2011-07-28T00:00:00Z,2015-06-28T00:16:00Z,3,GSM753565,SRP007394,,,GSM753565: testis_miRNA,,,,,,,,,,125 days,GSM753565,pouch young testis,@,log odds,ignore,pouch young testis,miRNA,,,,,
SRR306315,RNA-Seq,36,35816796,PRJNA154839,SAMN00631977,13049778,GEO,public,"fastq,sra","gs,ncbi,s3","gs.us-east1,ncbi.public,s3.us-east-1",SRX081715,Illumina Genome Analyzer,SINGLE,size fractionation,TRANSCRIPTOMIC,Notamacropus eugenii,ILLUMINA,2011-07-28T00:00:00Z,2015-06-28T00:15:00Z,3,GSM753566,SRP007394,,,GSM753566: testis_piRNA,,,,,,,,,,125 days,GSM753566,pouch young testis,@,log odds,ignore,pouch young testis,piRNA,,,,,
