Run,Assay Type,AvgSpotLen,Bases,BioProject,BioSample,Bytes,Center Name,Consent,DATASTORE filetype,DATASTORE provider,DATASTORE region,Experiment,Instrument,LibraryLayout,LibrarySelection,LibrarySource,Organism,Platform,ReleaseDate,create_date,version,Sample Name,sex,SRA Study,AGE,strain,tissue,birth_date,Collection_Date,geo_loc_name_country,geo_loc_name_country_continent,geo_loc_name,Library Name,Sample_name,GEO_Accession (exp),source_name,Extract_protocol,Stage
SRR649399,RNA-Seq,79,2949141258,PRJNA186646,SAMN01886783,2009836708,GEO,public,sra,"gs,ncbi,s3","gs.us-east1,ncbi.public,s3.us-east-1",SRX217712,Illumina Genome Analyzer IIx,SINGLE,cDNA,TRANSCRIPTOMIC,Xenopus tropicalis,ILLUMINA,2015-07-22T00:00:00Z,2015-09-08T07:46:00Z,2,GSM1064864,male,SRP017959,adult (4-6 months),NA,,,,,,,,,GSM1064864,Testis,"Illumina GAIIx\, strand-specific",
SRR943353,RNA-Seq,101,3708267116,PRJNA186646,SAMN02265401,2476018605,GEO,public,"fastq,run.zq,sra","gs,ncbi,s3","gs.us-east1,ncbi.public,s3.us-east-1",SRX328088,Illumina HiSeq 2000,SINGLE,cDNA,TRANSCRIPTOMIC,Xenopus tropicalis,ILLUMINA,2014-01-20T00:00:00Z,2013-07-26T13:20:00Z,1,GSM1196057,male,SRP017959,adult,NA,,,,,,,,,GSM1196057,Testis,"Illumina HiSeq 2000\, strand-specific",
SRR5412279,RNA-Seq,101,4831942515,PRJNA381064,SAMN06679843,1689757167,GEO,public,"fastq,run.zq,sra","gs,ncbi,s3","gs.us-east1,ncbi.public,s3.us-east-1",SRX2704327,Illumina HiSeq 2500,SINGLE,cDNA,TRANSCRIPTOMIC,Xenopus tropicalis,ILLUMINA,2017-10-30T00:00:00Z,2017-04-04T08:18:00Z,1,GSM2563140,male,SRP102989,,,Testis,,,,,,,,GSM2563140,Testis,,Adult
SRR5412280,RNA-Seq,101,5804926823,PRJNA381064,SAMN06679842,4022949192,GEO,public,"fastq,run.zq,sra","gs,ncbi,s3","gs.us-east1,ncbi.public,s3.us-east-1",SRX2704328,Illumina HiSeq 2500,SINGLE,cDNA,TRANSCRIPTOMIC,Xenopus tropicalis,ILLUMINA,2017-10-30T00:00:00Z,2017-04-04T08:13:00Z,1,GSM2563141,male,SRP102989,,,Testis,,,,,,,,GSM2563141,Testis,,Adult
DRR540467,RNA-Seq,300,6711576900,PRJDB17814,SAMD00761403,2652778659,HIROSHIMA UNIVERSITY,public,"run.zq,sra","gs,ncbi,s3","gs.us-east1,ncbi.public,s3.us-east-1",DRX524259,Illumina NovaSeq 6000,PAIRED,cDNA,TRANSCRIPTOMIC,Xenopus tropicalis,ILLUMINA,2024-04-01T00:00:00Z,2024-04-01T20:53:00Z,1,SAMD00761403,male,DRP011398,1 year,Nigerian A,testis,2021-11-10,2023-01,uncalculated,uncalculated,missing,NA_testis_1,Nigerian_A_testis_1,,,,
DRR540468,RNA-Seq,300,6224182500,PRJDB17814,SAMD00761404,2444547485,HIROSHIMA UNIVERSITY,public,"run.zq,sra","gs,ncbi,s3","gs.us-east1,ncbi.public,s3.us-east-1",DRX524260,Illumina NovaSeq 6000,PAIRED,cDNA,TRANSCRIPTOMIC,Xenopus tropicalis,ILLUMINA,2024-04-01T00:00:00Z,2024-04-02T08:36:00Z,1,SAMD00761404,male,DRP011398,1 year,Nigerian A,testis,2021-11-10,2023-01,uncalculated,uncalculated,missing,NA_testis_2,Nigerian_A_testis_2,,,,
DRR540469,RNA-Seq,300,6493531500,PRJDB17814,SAMD00761405,2547238158,HIROSHIMA UNIVERSITY,public,"run.zq,sra","gs,ncbi,s3","gs.us-east1,ncbi.public,s3.us-east-1",DRX524261,Illumina NovaSeq 6000,PAIRED,cDNA,TRANSCRIPTOMIC,Xenopus tropicalis,ILLUMINA,2024-04-01T00:00:00Z,2024-04-01T20:51:00Z,1,SAMD00761405,male,DRP011398,1 year,Nigerian A,testis,2021-11-10,2023-01,uncalculated,uncalculated,missing,NA_testis_3,Nigerian_A_testis_3,,,,
DRR540470,RNA-Seq,300,6259466700,PRJDB17814,SAMD00761406,2505437995,HIROSHIMA UNIVERSITY,public,"run.zq,sra","gs,ncbi,s3","gs.us-east1,ncbi.public,s3.us-east-1",DRX524262,Illumina NovaSeq 6000,PAIRED,cDNA,TRANSCRIPTOMIC,Xenopus tropicalis,ILLUMINA,2024-04-01T00:00:00Z,2024-04-01T20:16:00Z,1,SAMD00761406,male,DRP011398,1 year,Nigerian H,testis,2021-08-31,2023-01,uncalculated,uncalculated,missing,NH_testis_1,Nigerian_H_testis_1,,,,
DRR540471,RNA-Seq,300,6732501900,PRJDB17814,SAMD00761407,2674059336,HIROSHIMA UNIVERSITY,public,"run.zq,sra","gs,ncbi,s3","gs.us-east1,ncbi.public,s3.us-east-1",DRX524263,Illumina NovaSeq 6000,PAIRED,cDNA,TRANSCRIPTOMIC,Xenopus tropicalis,ILLUMINA,2024-04-01T00:00:00Z,2024-04-01T20:45:00Z,1,SAMD00761407,male,DRP011398,1 year,Nigerian H,testis,2021-08-31,2023-01,uncalculated,uncalculated,missing,NH_testis_2,Nigerian_H_testis_2,,,,
DRR540472,RNA-Seq,300,6217363500,PRJDB17814,SAMD00761408,2433849140,HIROSHIMA UNIVERSITY,public,"run.zq,sra","gs,ncbi,s3","gs.us-east1,ncbi.public,s3.us-east-1",DRX524264,Illumina NovaSeq 6000,PAIRED,cDNA,TRANSCRIPTOMIC,Xenopus tropicalis,ILLUMINA,2024-04-01T00:00:00Z,2024-04-01T20:59:00Z,1,SAMD00761408,male,DRP011398,1 year,Nigerian H,testis,2021-08-31,2023-01,uncalculated,uncalculated,missing,NH_testis_3,Nigerian_H_testis_3,,,,
DRR540473,RNA-Seq,300,6764092200,PRJDB17814,SAMD00761409,2697914186,HIROSHIMA UNIVERSITY,public,"run.zq,sra","gs,ncbi,s3","gs.us-east1,ncbi.public,s3.us-east-1",DRX524265,Illumina NovaSeq 6000,PAIRED,cDNA,TRANSCRIPTOMIC,Xenopus tropicalis,ILLUMINA,2024-04-01T00:00:00Z,2024-04-01T20:32:00Z,1,SAMD00761409,male,DRP011398,2 years,Nigerian BH,testis,2021-05-12,2024-01,uncalculated,uncalculated,missing,NBH_testis_1,Nigerian_BH_testis_1,,,,
DRR540474,RNA-Seq,300,6162367800,PRJDB17814,SAMD00761410,2455540618,HIROSHIMA UNIVERSITY,public,"run.zq,sra","gs,ncbi,s3","gs.us-east1,ncbi.public,s3.us-east-1",DRX524266,Illumina NovaSeq 6000,PAIRED,cDNA,TRANSCRIPTOMIC,Xenopus tropicalis,ILLUMINA,2024-04-01T00:00:00Z,2024-04-01T20:21:00Z,1,SAMD00761410,male,DRP011398,1 year,Nigerian BH,testis,2021-05-12,2023-01,uncalculated,uncalculated,missing,NBH_testis_2,Nigerian_BH_testis_2,,,,
DRR540475,RNA-Seq,300,8693811600,PRJDB17814,SAMD00761411,3272438467,HIROSHIMA UNIVERSITY,public,"run.zq,sra","gs,ncbi,s3","gs.us-east1,ncbi.public,s3.us-east-1",DRX524267,Illumina NovaSeq 6000,PAIRED,cDNA,TRANSCRIPTOMIC,Xenopus tropicalis,ILLUMINA,2024-04-01T00:00:00Z,2024-04-01T20:48:00Z,1,SAMD00761411,male,DRP011398,1 year,Nigerian BH,testis,2021-05-12,2023-01,uncalculated,uncalculated,missing,NBH_testis_3,Nigerian_BH_testis_3,,,,
DRR540476,RNA-Seq,300,6405495300,PRJDB17814,SAMD00761412,2517470384,HIROSHIMA UNIVERSITY,public,"run.zq,sra","gs,ncbi,s3","gs.us-east1,ncbi.public,s3.us-east-1",DRX524268,Illumina NovaSeq 6000,PAIRED,cDNA,TRANSCRIPTOMIC,Xenopus tropicalis,ILLUMINA,2024-04-01T00:00:00Z,2024-04-01T20:06:00Z,1,SAMD00761412,male,DRP011398,1 year,Ivory Coast,testis,2020-07-01,2023-01,uncalculated,uncalculated,missing,IC_testis_1,Ivory_Coast_testis_1,,,,
DRR540477,RNA-Seq,300,6092482500,PRJDB17814,SAMD00761413,2391660807,HIROSHIMA UNIVERSITY,public,"run.zq,sra","gs,ncbi,s3","gs.us-east1,ncbi.public,s3.us-east-1",DRX524269,Illumina NovaSeq 6000,PAIRED,cDNA,TRANSCRIPTOMIC,Xenopus tropicalis,ILLUMINA,2024-04-01T00:00:00Z,2024-04-01T20:58:00Z,1,SAMD00761413,male,DRP011398,1 year,Ivory Coast,testis,2020-07-01,2023-01,uncalculated,uncalculated,missing,IC_testis_2,Ivory_Coast_testis_2,,,,
DRR540478,RNA-Seq,300,7497541800,PRJDB17814,SAMD00761414,2916751585,HIROSHIMA UNIVERSITY,public,"run.zq,sra","gs,ncbi,s3","gs.us-east1,ncbi.public,s3.us-east-1",DRX524270,Illumina NovaSeq 6000,PAIRED,cDNA,TRANSCRIPTOMIC,Xenopus tropicalis,ILLUMINA,2024-04-01T00:00:00Z,2024-04-01T20:26:00Z,1,SAMD00761414,male,DRP011398,1 year,Ivory Coast,testis,2020-07-01,2023-01,uncalculated,uncalculated,missing,IC_testis_3,Ivory_Coast_testis_3,,,,
