Run,Assay Type,AvgSpotLen,Bases,BioProject,BioSample,Bytes,Center Name,Consent,DATASTORE filetype,DATASTORE provider,DATASTORE region,Experiment,Instrument,LibraryLayout,LibrarySelection,LibrarySource,Organism,Platform,ReleaseDate,create_date,version,Sample Name,sex,SRA Study,Library Name,Collection_Date,common_name,ENA-FIRST-PUBLIC (run),ENA-LAST-UPDATE (run),geo_loc_name_country,geo_loc_name_country_continent,geographic_location_(country_and/or_sea),organism,Scientific_Name,tissue_type,treatment_level,tissue,Developmental_stage,GEO_Accession (exp),source_name,temperature_treatment,BioSampleModel,dev_stage,isolate
SRR16168787,RNA-Seq,73,1527961978,PRJNA768106,SAMN22014217,641946006,GEO,public,"fastq,run.zq,sra","gs,ncbi,s3","gs.us-east1,ncbi.public,s3.us-east-1",SRX12453577,NextSeq 500,SINGLE,cDNA,TRANSCRIPTOMIC,Taeniopygia guttata,ILLUMINA,2022-11-10T00:00:00Z,2021-10-02T17:57:00Z,1,GSM5607923,male,SRP339778,,,,,,,,,,,,,brain,adult,GSM5607923,testis,27,,,
SRR16168788,RNA-Seq,76,1177553424,PRJNA768106,SAMN22014217,514773995,GEO,public,"fastq,run.zq,sra","gs,ncbi,s3","gs.us-east1,ncbi.public,s3.us-east-1",SRX12453577,NextSeq 500,SINGLE,cDNA,TRANSCRIPTOMIC,Taeniopygia guttata,ILLUMINA,2022-11-10T00:00:00Z,2021-10-02T18:12:00Z,1,GSM5607923,male,SRP339778,,,,,,,,,,,,,brain,adult,GSM5607923,testis,27,,,
SRR16168789,RNA-Seq,73,1364530016,PRJNA768106,SAMN22014218,574289225,GEO,public,"fastq,run.zq,sra","gs,ncbi,s3","gs.us-east1,ncbi.public,s3.us-east-1",SRX12453578,NextSeq 500,SINGLE,cDNA,TRANSCRIPTOMIC,Taeniopygia guttata,ILLUMINA,2022-11-10T00:00:00Z,2021-10-02T18:05:00Z,1,GSM5607924,male,SRP339778,,,,,,,,,,,,,gonad,adult,GSM5607924,testis,27,,,
SRR16168790,RNA-Seq,76,1051320236,PRJNA768106,SAMN22014218,443598200,GEO,public,"fastq,run.zq,sra","gs,ncbi,s3","gs.us-east1,ncbi.public,s3.us-east-1",SRX12453578,NextSeq 500,SINGLE,cDNA,TRANSCRIPTOMIC,Taeniopygia guttata,ILLUMINA,2022-11-10T00:00:00Z,2021-10-02T17:55:00Z,1,GSM5607924,male,SRP339778,,,,,,,,,,,,,gonad,adult,GSM5607924,testis,27,,,
SRR16168791,RNA-Seq,73,1779629624,PRJNA768106,SAMN22014219,754571242,GEO,public,"fastq,run.zq,sra","gs,ncbi,s3","gs.us-east1,ncbi.public,s3.us-east-1",SRX12453579,NextSeq 500,SINGLE,cDNA,TRANSCRIPTOMIC,Taeniopygia guttata,ILLUMINA,2022-11-10T00:00:00Z,2021-10-02T18:18:00Z,1,GSM5607925,male,SRP339778,,,,,,,,,,,,,gonad,adult,GSM5607925,testis,27,,,
SRR16168792,RNA-Seq,76,1376132380,PRJNA768106,SAMN22014219,587308746,GEO,public,"fastq,run.zq,sra","gs,ncbi,s3","gs.us-east1,ncbi.public,s3.us-east-1",SRX12453579,NextSeq 500,SINGLE,cDNA,TRANSCRIPTOMIC,Taeniopygia guttata,ILLUMINA,2022-11-10T00:00:00Z,2021-10-02T18:21:00Z,1,GSM5607925,male,SRP339778,,,,,,,,,,,,,gonad,adult,GSM5607925,testis,27,,,
SRR16168793,RNA-Seq,73,1513580467,PRJNA768106,SAMN22014220,637105259,GEO,public,"fastq,run.zq,sra","gs,ncbi,s3","gs.us-east1,ncbi.public,s3.us-east-1",SRX12453580,NextSeq 500,SINGLE,cDNA,TRANSCRIPTOMIC,Taeniopygia guttata,ILLUMINA,2022-11-10T00:00:00Z,2021-10-02T18:08:00Z,1,GSM5607926,male,SRP339778,,,,,,,,,,,,,gonad,adult,GSM5607926,testis,27,,,
SRR16168794,RNA-Seq,76,1172424944,PRJNA768106,SAMN22014220,495830847,GEO,public,"fastq,run.zq,sra","gs,ncbi,s3","gs.us-east1,ncbi.public,s3.us-east-1",SRX12453580,NextSeq 500,SINGLE,cDNA,TRANSCRIPTOMIC,Taeniopygia guttata,ILLUMINA,2022-11-10T00:00:00Z,2021-10-02T18:13:00Z,1,GSM5607926,male,SRP339778,,,,,,,,,,,,,gonad,adult,GSM5607926,testis,27,,,
SRR16168795,RNA-Seq,73,1936147245,PRJNA768106,SAMN22014221,813170507,GEO,public,"fastq,run.zq,sra","gs,ncbi,s3","gs.us-east1,ncbi.public,s3.us-east-1",SRX12453581,NextSeq 500,SINGLE,cDNA,TRANSCRIPTOMIC,Taeniopygia guttata,ILLUMINA,2022-11-10T00:00:00Z,2021-10-02T18:24:00Z,1,GSM5607927,male,SRP339778,,,,,,,,,,,,,gonad,adult,GSM5607927,testis,27,,,
SRR16168796,RNA-Seq,76,1492660824,PRJNA768106,SAMN22014221,629756994,GEO,public,"fastq,run.zq,sra","gs,ncbi,s3","gs.us-east1,ncbi.public,s3.us-east-1",SRX12453581,NextSeq 500,SINGLE,cDNA,TRANSCRIPTOMIC,Taeniopygia guttata,ILLUMINA,2022-11-10T00:00:00Z,2021-10-02T18:21:00Z,1,GSM5607927,male,SRP339778,,,,,,,,,,,,,gonad,adult,GSM5607927,testis,27,,,
SRR16168797,RNA-Seq,73,1677059076,PRJNA768106,SAMN22014222,708816962,GEO,public,"fastq,run.zq,sra","gs,ncbi,s3","gs.us-east1,ncbi.public,s3.us-east-1",SRX12453582,NextSeq 500,SINGLE,cDNA,TRANSCRIPTOMIC,Taeniopygia guttata,ILLUMINA,2022-11-10T00:00:00Z,2021-10-02T18:15:00Z,1,GSM5607928,male,SRP339778,,,,,,,,,,,,,gonad,adult,GSM5607928,testis,27,,,
SRR16168798,RNA-Seq,76,1311505324,PRJNA768106,SAMN22014222,579639115,GEO,public,"fastq,run.zq,sra","gs,ncbi,s3","gs.us-east1,ncbi.public,s3.us-east-1",SRX12453582,NextSeq 500,SINGLE,cDNA,TRANSCRIPTOMIC,Taeniopygia guttata,ILLUMINA,2022-11-10T00:00:00Z,2021-10-02T18:24:00Z,1,GSM5607928,male,SRP339778,,,,,,,,,,,,,gonad,adult,GSM5607928,testis,27,,,
SRR16168799,RNA-Seq,73,1964696304,PRJNA768106,SAMN22014177,823355672,GEO,public,"fastq,run.zq,sra","gs,ncbi,s3","gs.us-east1,ncbi.public,s3.us-east-1",SRX12453583,NextSeq 500,SINGLE,cDNA,TRANSCRIPTOMIC,Taeniopygia guttata,ILLUMINA,2022-11-10T00:00:00Z,2021-10-02T17:57:00Z,1,GSM5607929,male,SRP339778,,,,,,,,,,,,,gonad,adult,GSM5607929,testis,27,,,
SRR16168800,RNA-Seq,76,1518999612,PRJNA768106,SAMN22014177,642818087,GEO,public,"fastq,run.zq,sra","gs,ncbi,s3","gs.us-east1,ncbi.public,s3.us-east-1",SRX12453583,NextSeq 500,SINGLE,cDNA,TRANSCRIPTOMIC,Taeniopygia guttata,ILLUMINA,2022-11-10T00:00:00Z,2021-10-02T18:28:00Z,1,GSM5607929,male,SRP339778,,,,,,,,,,,,,gonad,adult,GSM5607929,testis,27,,,
SRR16168801,RNA-Seq,73,1973969275,PRJNA768106,SAMN22014178,829244459,GEO,public,"fastq,run.zq,sra","gs,ncbi,s3","gs.us-east1,ncbi.public,s3.us-east-1",SRX12453584,NextSeq 500,SINGLE,cDNA,TRANSCRIPTOMIC,Taeniopygia guttata,ILLUMINA,2022-11-10T00:00:00Z,2021-10-02T18:40:00Z,1,GSM5607930,male,SRP339778,,,,,,,,,,,,,gonad,adult,GSM5607930,testis,35,,,
SRR16168802,RNA-Seq,76,1519683916,PRJNA768106,SAMN22014178,642057817,GEO,public,"fastq,run.zq,sra","gs,ncbi,s3","gs.us-east1,ncbi.public,s3.us-east-1",SRX12453584,NextSeq 500,SINGLE,cDNA,TRANSCRIPTOMIC,Taeniopygia guttata,ILLUMINA,2022-11-10T00:00:00Z,2021-10-02T18:29:00Z,1,GSM5607930,male,SRP339778,,,,,,,,,,,,,gonad,adult,GSM5607930,testis,35,,,
SRR16168803,RNA-Seq,73,2123483495,PRJNA768106,SAMN22014179,897255995,GEO,public,"fastq,run.zq,sra","gs,ncbi,s3","gs.us-east1,ncbi.public,s3.us-east-1",SRX12453585,NextSeq 500,SINGLE,cDNA,TRANSCRIPTOMIC,Taeniopygia guttata,ILLUMINA,2022-11-10T00:00:00Z,2021-10-02T18:26:00Z,1,GSM5607931,male,SRP339778,,,,,,,,,,,,,gonad,adult,GSM5607931,testis,35,,,
SRR16168804,RNA-Seq,76,1645460648,PRJNA768106,SAMN22014179,701714144,GEO,public,"fastq,run.zq,sra","gs,ncbi,s3","gs.us-east1,ncbi.public,s3.us-east-1",SRX12453585,NextSeq 500,SINGLE,cDNA,TRANSCRIPTOMIC,Taeniopygia guttata,ILLUMINA,2022-11-10T00:00:00Z,2021-10-02T18:36:00Z,1,GSM5607931,male,SRP339778,,,,,,,,,,,,,gonad,adult,GSM5607931,testis,35,,,
SRR16168805,RNA-Seq,73,2271677656,PRJNA768106,SAMN22014180,957106182,GEO,public,"fastq,run.zq,sra","gs,ncbi,s3","gs.us-east1,ncbi.public,s3.us-east-1",SRX12453586,NextSeq 500,SINGLE,cDNA,TRANSCRIPTOMIC,Taeniopygia guttata,ILLUMINA,2022-11-10T00:00:00Z,2021-10-02T18:32:00Z,1,GSM5607932,male,SRP339778,,,,,,,,,,,,,gonad,adult,GSM5607932,testis,35,,,
SRR16168806,RNA-Seq,76,1752962268,PRJNA768106,SAMN22014180,763738828,GEO,public,"fastq,run.zq,sra","gs,ncbi,s3","gs.us-east1,ncbi.public,s3.us-east-1",SRX12453586,NextSeq 500,SINGLE,cDNA,TRANSCRIPTOMIC,Taeniopygia guttata,ILLUMINA,2022-11-10T00:00:00Z,2021-10-02T18:39:00Z,1,GSM5607932,male,SRP339778,,,,,,,,,,,,,gonad,adult,GSM5607932,testis,35,,,
SRR16168807,RNA-Seq,73,1876845622,PRJNA768106,SAMN22014181,794188768,GEO,public,"fastq,run.zq,sra","gs,ncbi,s3","gs.us-east1,ncbi.public,s3.us-east-1",SRX12453587,NextSeq 500,SINGLE,cDNA,TRANSCRIPTOMIC,Taeniopygia guttata,ILLUMINA,2022-11-10T00:00:00Z,2021-10-02T18:25:00Z,1,GSM5607933,male,SRP339778,,,,,,,,,,,,,gonad,adult,GSM5607933,testis,35,,,
SRR16168808,RNA-Seq,76,1449467212,PRJNA768106,SAMN22014181,644939599,GEO,public,"fastq,run.zq,sra","gs,ncbi,s3","gs.us-east1,ncbi.public,s3.us-east-1",SRX12453587,NextSeq 500,SINGLE,cDNA,TRANSCRIPTOMIC,Taeniopygia guttata,ILLUMINA,2022-11-10T00:00:00Z,2021-10-02T18:26:00Z,1,GSM5607933,male,SRP339778,,,,,,,,,,,,,gonad,adult,GSM5607933,testis,35,,,
SRR16168809,RNA-Seq,73,1324584051,PRJNA768106,SAMN22014182,559032311,GEO,public,"fastq,run.zq,sra","gs,ncbi,s3","gs.us-east1,ncbi.public,s3.us-east-1",SRX12453588,NextSeq 500,SINGLE,cDNA,TRANSCRIPTOMIC,Taeniopygia guttata,ILLUMINA,2022-11-10T00:00:00Z,2021-10-02T18:04:00Z,1,GSM5607934,male,SRP339778,,,,,,,,,,,,,gonad,adult,GSM5607934,testis,35,,,
SRR16168810,RNA-Seq,76,1021389536,PRJNA768106,SAMN22014182,432018846,GEO,public,"fastq,run.zq,sra","gs,ncbi,s3","gs.us-east1,ncbi.public,s3.us-east-1",SRX12453588,NextSeq 500,SINGLE,cDNA,TRANSCRIPTOMIC,Taeniopygia guttata,ILLUMINA,2022-11-10T00:00:00Z,2021-10-02T18:07:00Z,1,GSM5607934,male,SRP339778,,,,,,,,,,,,,gonad,adult,GSM5607934,testis,35,,,
SRR16168811,RNA-Seq,73,1068496401,PRJNA768106,SAMN22014183,448871970,GEO,public,"fastq,run.zq,sra","gs,ncbi,s3","gs.us-east1,ncbi.public,s3.us-east-1",SRX12453589,NextSeq 500,SINGLE,cDNA,TRANSCRIPTOMIC,Taeniopygia guttata,ILLUMINA,2022-11-10T00:00:00Z,2021-10-02T17:53:00Z,1,GSM5607935,male,SRP339778,,,,,,,,,,,,,gonad,adult,GSM5607935,testis,35,,,
SRR16168812,RNA-Seq,76,1353627412,PRJNA768106,SAMN22014183,574301950,GEO,public,"fastq,run.zq,sra","gs,ncbi,s3","gs.us-east1,ncbi.public,s3.us-east-1",SRX12453589,NextSeq 500,SINGLE,cDNA,TRANSCRIPTOMIC,Taeniopygia guttata,ILLUMINA,2022-11-10T00:00:00Z,2021-10-02T18:07:00Z,1,GSM5607935,male,SRP339778,,,,,,,,,,,,,gonad,adult,GSM5607935,testis,35,,,
SRR16168815,RNA-Seq,73,1572850043,PRJNA768106,SAMN22014185,664606594,GEO,public,"fastq,run.zq,sra","gs,ncbi,s3","gs.us-east1,ncbi.public,s3.us-east-1",SRX12453591,NextSeq 500,SINGLE,cDNA,TRANSCRIPTOMIC,Taeniopygia guttata,ILLUMINA,2022-11-10T00:00:00Z,2021-10-02T18:11:00Z,1,GSM5607937,male,SRP339778,,,,,,,,,,,,,gonad,adult,GSM5607937,testis,35,,,
SRR16168816,RNA-Seq,76,1221754644,PRJNA768106,SAMN22014185,519826943,GEO,public,"fastq,run.zq,sra","gs,ncbi,s3","gs.us-east1,ncbi.public,s3.us-east-1",SRX12453591,NextSeq 500,SINGLE,cDNA,TRANSCRIPTOMIC,Taeniopygia guttata,ILLUMINA,2022-11-10T00:00:00Z,2021-10-02T18:15:00Z,1,GSM5607937,male,SRP339778,,,,,,,,,,,,,gonad,adult,GSM5607937,testis,35,,,
SRR16168817,RNA-Seq,73,1394557471,PRJNA768106,SAMN22014186,585620393,GEO,public,"fastq,run.zq,sra","gs,ncbi,s3","gs.us-east1,ncbi.public,s3.us-east-1",SRX12453592,NextSeq 500,SINGLE,cDNA,TRANSCRIPTOMIC,Taeniopygia guttata,ILLUMINA,2022-11-10T00:00:00Z,2021-10-02T18:08:00Z,1,GSM5607938,male,SRP339778,,,,,,,,,,,,,gonad,adult,GSM5607938,testis,43,,,
SRR16168818,RNA-Seq,76,1073891324,PRJNA768106,SAMN22014186,452117937,GEO,public,"fastq,run.zq,sra","gs,ncbi,s3","gs.us-east1,ncbi.public,s3.us-east-1",SRX12453592,NextSeq 500,SINGLE,cDNA,TRANSCRIPTOMIC,Taeniopygia guttata,ILLUMINA,2022-11-10T00:00:00Z,2021-10-02T18:03:00Z,1,GSM5607938,male,SRP339778,,,,,,,,,,,,,gonad,adult,GSM5607938,testis,43,,,
SRR16168819,RNA-Seq,73,2064596293,PRJNA768106,SAMN22014187,869423713,GEO,public,"fastq,run.zq,sra","gs,ncbi,s3","gs.us-east1,ncbi.public,s3.us-east-1",SRX12453593,NextSeq 500,SINGLE,cDNA,TRANSCRIPTOMIC,Taeniopygia guttata,ILLUMINA,2022-11-10T00:00:00Z,2021-10-02T18:25:00Z,1,GSM5607939,male,SRP339778,,,,,,,,,,,,,gonad,adult,GSM5607939,testis,43,,,
SRR16168820,RNA-Seq,76,1603344488,PRJNA768106,SAMN22014187,698704230,GEO,public,"fastq,run.zq,sra","gs,ncbi,s3","gs.us-east1,ncbi.public,s3.us-east-1",SRX12453593,NextSeq 500,SINGLE,cDNA,TRANSCRIPTOMIC,Taeniopygia guttata,ILLUMINA,2022-11-10T00:00:00Z,2021-10-02T18:33:00Z,1,GSM5607939,male,SRP339778,,,,,,,,,,,,,gonad,adult,GSM5607939,testis,43,,,
SRR16168821,RNA-Seq,73,1503170010,PRJNA768106,SAMN22014188,629893125,GEO,public,"fastq,run.zq,sra","gs,ncbi,s3","gs.us-east1,ncbi.public,s3.us-east-1",SRX12453594,NextSeq 500,SINGLE,cDNA,TRANSCRIPTOMIC,Taeniopygia guttata,ILLUMINA,2022-11-10T00:00:00Z,2021-10-02T18:08:00Z,1,GSM5607940,male,SRP339778,,,,,,,,,,,,,gonad,adult,GSM5607940,testis,43,,,
SRR16168822,RNA-Seq,76,1157871552,PRJNA768106,SAMN22014188,490521619,GEO,public,"fastq,run.zq,sra","gs,ncbi,s3","gs.us-east1,ncbi.public,s3.us-east-1",SRX12453594,NextSeq 500,SINGLE,cDNA,TRANSCRIPTOMIC,Taeniopygia guttata,ILLUMINA,2022-11-10T00:00:00Z,2021-10-02T18:13:00Z,1,GSM5607940,male,SRP339778,,,,,,,,,,,,,gonad,adult,GSM5607940,testis,43,,,
SRR16168823,RNA-Seq,73,1860038832,PRJNA768106,SAMN22014189,781727486,GEO,public,"fastq,run.zq,sra","gs,ncbi,s3","gs.us-east1,ncbi.public,s3.us-east-1",SRX12453595,NextSeq 500,SINGLE,cDNA,TRANSCRIPTOMIC,Taeniopygia guttata,ILLUMINA,2022-11-10T00:00:00Z,2021-10-02T18:20:00Z,1,GSM5607941,male,SRP339778,,,,,,,,,,,,,gonad,adult,GSM5607941,testis,43,,,
SRR16168824,RNA-Seq,76,1435617124,PRJNA768106,SAMN22014189,614182587,GEO,public,"fastq,run.zq,sra","gs,ncbi,s3","gs.us-east1,ncbi.public,s3.us-east-1",SRX12453595,NextSeq 500,SINGLE,cDNA,TRANSCRIPTOMIC,Taeniopygia guttata,ILLUMINA,2022-11-10T00:00:00Z,2021-10-02T18:23:00Z,1,GSM5607941,male,SRP339778,,,,,,,,,,,,,gonad,adult,GSM5607941,testis,43,,,
SRR16168825,RNA-Seq,73,1729145963,PRJNA768106,SAMN22014190,728743914,GEO,public,"fastq,run.zq,sra","gs,ncbi,s3","gs.us-east1,ncbi.public,s3.us-east-1",SRX12453596,NextSeq 500,SINGLE,cDNA,TRANSCRIPTOMIC,Taeniopygia guttata,ILLUMINA,2022-11-10T00:00:00Z,2021-10-02T18:15:00Z,1,GSM5607942,male,SRP339778,,,,,,,,,,,,,gonad,adult,GSM5607942,testis,43,,,
SRR16168826,RNA-Seq,76,1338359544,PRJNA768106,SAMN22014190,566915590,GEO,public,"fastq,run.zq,sra","gs,ncbi,s3","gs.us-east1,ncbi.public,s3.us-east-1",SRX12453596,NextSeq 500,SINGLE,cDNA,TRANSCRIPTOMIC,Taeniopygia guttata,ILLUMINA,2022-11-10T00:00:00Z,2021-10-02T18:23:00Z,1,GSM5607942,male,SRP339778,,,,,,,,,,,,,gonad,adult,GSM5607942,testis,43,,,
SRR16168827,RNA-Seq,73,1764514536,PRJNA768106,SAMN22014191,743349746,GEO,public,"fastq,run.zq,sra","gs,ncbi,s3","gs.us-east1,ncbi.public,s3.us-east-1",SRX12453597,NextSeq 500,SINGLE,cDNA,TRANSCRIPTOMIC,Taeniopygia guttata,ILLUMINA,2022-11-10T00:00:00Z,2021-10-02T18:18:00Z,1,GSM5607943,male,SRP339778,,,,,,,,,,,,,gonad,adult,GSM5607943,testis,43,,,
SRR16168828,RNA-Seq,76,1367884556,PRJNA768106,SAMN22014191,579380260,GEO,public,"fastq,run.zq,sra","gs,ncbi,s3","gs.us-east1,ncbi.public,s3.us-east-1",SRX12453597,NextSeq 500,SINGLE,cDNA,TRANSCRIPTOMIC,Taeniopygia guttata,ILLUMINA,2022-11-10T00:00:00Z,2021-10-02T18:08:00Z,1,GSM5607943,male,SRP339778,,,,,,,,,,,,,gonad,adult,GSM5607943,testis,43,,,
SRR16168829,RNA-Seq,73,1169535701,PRJNA768106,SAMN22014192,491781936,GEO,public,"fastq,run.zq,sra","gs,ncbi,s3","gs.us-east1,ncbi.public,s3.us-east-1",SRX12453598,NextSeq 500,SINGLE,cDNA,TRANSCRIPTOMIC,Taeniopygia guttata,ILLUMINA,2022-11-10T00:00:00Z,2021-10-02T17:58:00Z,1,GSM5607944,male,SRP339778,,,,,,,,,,,,,gonad,adult,GSM5607944,testis,43,,,
SRR16168830,RNA-Seq,76,2033522044,PRJNA768106,SAMN22014192,860149209,GEO,public,"fastq,run.zq,sra","gs,ncbi,s3","gs.us-east1,ncbi.public,s3.us-east-1",SRX12453598,NextSeq 500,SINGLE,cDNA,TRANSCRIPTOMIC,Taeniopygia guttata,ILLUMINA,2022-11-10T00:00:00Z,2021-10-02T18:55:00Z,1,GSM5607944,male,SRP339778,,,,,,,,,,,,,gonad,adult,GSM5607944,testis,43,,,
SRR8695297,RNA-Seq,3152,19260642,PRJNA516733,SAMN10882190,11677940,G10K,public,"pacbio_native,run.zq,sra","gs,ncbi,s3","gs.us-east1,ncbi.public,s3.us-east-1",SRX5491148,Sequel,SINGLE,Oligo-dT,TRANSCRIPTOMIC,Taeniopygia guttata,PACBIO_SMRT,2019-03-18T00:00:00Z,2019-03-18T13:33:00Z,1,bTaeGut5_Testis,male,SRP184741,bTaeGut5_testis_Pacbio,,,,,,,,,,,,Testis,,,,,Model organism or animal,not collected,bTaeGut5
SRR8695301,RNA-Seq,152,4328142240,PRJNA516733,SAMN10882190,1671987196,G10K,public,"run.zq,sra","gs,ncbi,s3","gs.us-east1,ncbi.public,s3.us-east-1",SRX5491149,NextSeq 500,PAIRED,Oligo-dT,TRANSCRIPTOMIC,Taeniopygia guttata,ILLUMINA,2019-03-08T00:00:00Z,2019-03-08T13:35:00Z,1,bTaeGut5_Testis,male,SRP184741,bTaeGut5_testis_Illumina,,,,,,,,,,,,Testis,,,,,Model organism or animal,not collected,bTaeGut5
SRR8551566,RNA-Seq,1856,4476683563,PRJNA516733,SAMN10882190,1140223098,G10K,public,"pacbio_native,run.zq,sra","gs,ncbi,s3","gs.us-east1,ncbi.public,s3.us-east-1",SRX5353345,Sequel,SINGLE,Oligo-dT,TRANSCRIPTOMIC,Taeniopygia guttata,PACBIO_SMRT,2019-02-08T00:00:00Z,2019-02-08T15:32:00Z,1,bTaeGut5_Testis,male,SRP184741,bTaeGut5_testis_Pacbio,,,,,,,,,,,,Testis,,,,,Model organism or animal,not collected,bTaeGut5
SRR8551567,RNA-Seq,152,4328142240,PRJNA516733,SAMN10882190,1671987196,G10K,public,"fastq,run.zq,sra","gs,ncbi,s3","gs.us-east1,ncbi.public,s3.us-east-1",SRX5353344,NextSeq 500,PAIRED,Oligo-dT,TRANSCRIPTOMIC,Taeniopygia guttata,ILLUMINA,2019-02-08T00:00:00Z,2019-02-08T15:36:00Z,1,bTaeGut5_Testis,male,SRP184741,bTaeGut5_testis_Illumina,,,,,,,,,,,,Testis,,,,,Model organism or animal,not collected,bTaeGut5
ERR13104350,RNA-Seq,200,7446670400,PRJEB63186,SAMEA115530026,5072184994,UNIVERSITY OF BIELEFELD,public,"fastq,run.zq,sra","gs,ncbi,s3","gs.us-east1,ncbi.public,s3.us-east-1",ERX12475990,BGISEQ-500,PAIRED,cDNA,TRANSCRIPTOMIC,Taeniopygia guttata,BGISEQ,2024-07-28T00:00:00Z,2024-08-09T18:14:00Z,1,59R_bk916,male,ERP148339,59R_bk916,2019-09-24,zebra finch,2024-05-19,2024-05-19,Germany,Europe,Germany,Taeniopygia guttata,Taeniopygia guttata,testis,Double-pair,,,,,,,,
ERR13104368,RNA-Seq,200,7404981200,PRJEB63186,SAMEA115530008,5037735513,UNIVERSITY OF BIELEFELD,public,"fastq,run.zq,sra","gs,ncbi,s3","gs.us-east1,ncbi.public,s3.us-east-1",ERX12476008,BGISEQ-500,PAIRED,cDNA,TRANSCRIPTOMIC,Taeniopygia guttata,BGISEQ,2024-07-28T00:00:00Z,2024-08-09T18:13:00Z,1,53R_bk886,male,ERP148339,53R_bk886,2019-09-14,zebra finch,2024-05-19,2024-05-19,Germany,Europe,Germany,Taeniopygia guttata,Taeniopygia guttata,testis,Single-pair,,,,,,,,
ERR13104370,RNA-Seq,200,7638454000,PRJEB63186,SAMEA115530043,2485320651,UNIVERSITY OF BIELEFELD,public,"fastq,run.zq,sra","gs,ncbi,s3","gs.us-east1,ncbi.public,s3.us-east-1",ERX12476010,BGISEQ-500,PAIRED,cDNA,TRANSCRIPTOMIC,Taeniopygia guttata,BGISEQ,2024-07-28T00:00:00Z,2024-08-09T18:21:00Z,1,9R_bk729,male,ERP148339,9R_bk729,2019-08-18,zebra finch,2024-05-19,2024-05-19,Germany,Europe,Germany,Taeniopygia guttata,Taeniopygia guttata,testis,Double-pair,,,,,,,,
ERR13104377,RNA-Seq,200,7421244800,PRJEB63186,SAMEA115530002,5043801143,UNIVERSITY OF BIELEFELD,public,"fastq,run.zq,sra","gs,ncbi,s3","gs.us-east1,ncbi.public,s3.us-east-1",ERX12476017,BGISEQ-500,PAIRED,cDNA,TRANSCRIPTOMIC,Taeniopygia guttata,BGISEQ,2024-07-28T00:00:00Z,2024-08-09T18:06:00Z,1,51R_bk623,male,ERP148339,51R_bk623,2019-09-14,zebra finch,2024-05-19,2024-05-19,Germany,Europe,Germany,Taeniopygia guttata,Taeniopygia guttata,testis,Single-pair,,,,,,,,
ERR13104380,RNA-Seq,200,7435519200,PRJEB63186,SAMEA115529999,5076142486,UNIVERSITY OF BIELEFELD,public,"fastq,run.zq,sra","gs,ncbi,s3","gs.us-east1,ncbi.public,s3.us-east-1",ERX12476020,BGISEQ-500,PAIRED,cDNA,TRANSCRIPTOMIC,Taeniopygia guttata,BGISEQ,2024-07-28T00:00:00Z,2024-08-09T18:18:00Z,1,50R_bk813,male,ERP148339,50R_bk813,2019-09-12,zebra finch,2024-05-19,2024-05-19,Germany,Europe,Germany,Taeniopygia guttata,Taeniopygia guttata,testis,Single-pair,,,,,,,,
ERR13104386,RNA-Seq,200,7418748800,PRJEB63186,SAMEA115529993,5056129860,UNIVERSITY OF BIELEFELD,public,"fastq,run.zq,sra","gs,ncbi,s3","gs.us-east1,ncbi.public,s3.us-east-1",ERX12476026,BGISEQ-500,PAIRED,cDNA,TRANSCRIPTOMIC,Taeniopygia guttata,BGISEQ,2024-07-28T00:00:00Z,2024-08-09T18:14:00Z,1,49R_bk787,male,ERP148339,49R_bk787,2019-09-12,zebra finch,2024-05-19,2024-05-19,Germany,Europe,Germany,Taeniopygia guttata,Taeniopygia guttata,testis,Single-pair,,,,,,,,
ERR13104395,RNA-Seq,200,7429990800,PRJEB63186,SAMEA115529984,5075562698,UNIVERSITY OF BIELEFELD,public,"fastq,run.zq,sra","gs,ncbi,s3","gs.us-east1,ncbi.public,s3.us-east-1",ERX12476035,BGISEQ-500,PAIRED,cDNA,TRANSCRIPTOMIC,Taeniopygia guttata,BGISEQ,2024-07-28T00:00:00Z,2024-08-09T18:27:00Z,1,46R_bk919,male,ERP148339,46R_bk919,2019-09-10,zebra finch,2024-05-19,2024-05-19,Germany,Europe,Germany,Taeniopygia guttata,Taeniopygia guttata,testis,Double-pair,,,,,,,,
ERR13104398,RNA-Seq,200,7426365600,PRJEB63186,SAMEA115529981,5065407384,UNIVERSITY OF BIELEFELD,public,"fastq,run.zq,sra","gs,ncbi,s3","gs.us-east1,ncbi.public,s3.us-east-1",ERX12476038,BGISEQ-500,PAIRED,cDNA,TRANSCRIPTOMIC,Taeniopygia guttata,BGISEQ,2024-07-28T00:00:00Z,2024-08-09T18:12:00Z,1,45R_bk660,male,ERP148339,45R_bk660,2019-09-09,zebra finch,2024-05-19,2024-05-19,Germany,Europe,Germany,Taeniopygia guttata,Taeniopygia guttata,testis,Single-pair,,,,,,,,
ERR13104413,RNA-Seq,200,7428639600,PRJEB63186,SAMEA115529966,5044303360,UNIVERSITY OF BIELEFELD,public,"fastq,run.zq,sra","gs,ncbi,s3","gs.us-east1,ncbi.public,s3.us-east-1",ERX12476053,BGISEQ-500,PAIRED,cDNA,TRANSCRIPTOMIC,Taeniopygia guttata,BGISEQ,2024-07-28T00:00:00Z,2024-08-09T18:08:00Z,1,40R_bk741,male,ERP148339,40R_bk741,2019-09-07,zebra finch,2024-05-19,2024-05-19,Germany,Europe,Germany,Taeniopygia guttata,Taeniopygia guttata,testis,Double-pair,,,,,,,,
ERR13104422,RNA-Seq,200,7375725800,PRJEB63186,SAMEA115529957,5030096766,UNIVERSITY OF BIELEFELD,public,"fastq,run.zq,sra","gs,ncbi,s3","gs.us-east1,ncbi.public,s3.us-east-1",ERX12476062,BGISEQ-500,PAIRED,cDNA,TRANSCRIPTOMIC,Taeniopygia guttata,BGISEQ,2024-07-28T00:00:00Z,2024-08-09T18:25:00Z,1,38R_bk695,male,ERP148339,38R_bk695,2019-09-07,zebra finch,2024-05-19,2024-05-19,Germany,Europe,Germany,Taeniopygia guttata,Taeniopygia guttata,testis,Double-pair,,,,,,,,
ERR13104447,RNA-Seq,200,7415815600,PRJEB63186,SAMEA115529932,4950338232,UNIVERSITY OF BIELEFELD,public,"fastq,run.zq,sra","gs,ncbi,s3","gs.us-east1,ncbi.public,s3.us-east-1",ERX12476087,BGISEQ-500,PAIRED,cDNA,TRANSCRIPTOMIC,Taeniopygia guttata,BGISEQ,2024-07-28T00:00:00Z,2024-08-09T18:17:00Z,1,2R_bk615,male,ERP148339,2R_bk615,2019-08-11,zebra finch,2024-05-19,2024-05-19,Germany,Europe,Germany,Taeniopygia guttata,Taeniopygia guttata,testis,Double-pair,,,,,,,,
ERR13104453,RNA-Seq,200,7419981600,PRJEB63186,SAMEA115529926,4996869451,UNIVERSITY OF BIELEFELD,public,"fastq,run.zq,sra","gs,ncbi,s3","gs.us-east1,ncbi.public,s3.us-east-1",ERX12476093,BGISEQ-500,PAIRED,cDNA,TRANSCRIPTOMIC,Taeniopygia guttata,BGISEQ,2024-07-28T00:00:00Z,2024-08-09T18:12:00Z,1,28R_bk635,male,ERP148339,28R_bk635,2019-09-01,zebra finch,2024-05-19,2024-05-19,Germany,Europe,Germany,Taeniopygia guttata,Taeniopygia guttata,testis,Single-pair,,,,,,,,
ERR13104459,RNA-Seq,200,7394936800,PRJEB63186,SAMEA115529920,4965426237,UNIVERSITY OF BIELEFELD,public,"fastq,run.zq,sra","gs,ncbi,s3","gs.us-east1,ncbi.public,s3.us-east-1",ERX12476099,BGISEQ-500,PAIRED,cDNA,TRANSCRIPTOMIC,Taeniopygia guttata,BGISEQ,2024-07-28T00:00:00Z,2024-08-09T18:18:00Z,1,26R_bk713,male,ERP148339,26R_bk713,2019-08-30,zebra finch,2024-05-19,2024-05-19,Germany,Europe,Germany,Taeniopygia guttata,Taeniopygia guttata,testis,Double-pair,,,,,,,,
ERR13104477,RNA-Seq,200,7435344600,PRJEB63186,SAMEA115529902,5016788550,UNIVERSITY OF BIELEFELD,public,"fastq,run.zq,sra","gs,ncbi,s3","gs.us-east1,ncbi.public,s3.us-east-1",ERX12476117,BGISEQ-500,PAIRED,cDNA,TRANSCRIPTOMIC,Taeniopygia guttata,BGISEQ,2024-07-28T00:00:00Z,2024-08-20T18:25:00Z,1,20R_bk807,male,ERP148339,20R_bk807,2019-08-25,zebra finch,2024-05-19,2024-05-19,Germany,Europe,Germany,Taeniopygia guttata,Taeniopygia guttata,testis,Double-pair,,,,,,,,
ERR13104483,RNA-Seq,200,7407088000,PRJEB63186,SAMEA115529896,5015467097,UNIVERSITY OF BIELEFELD,public,"fastq,run.zq,sra","gs,ncbi,s3","gs.us-east1,ncbi.public,s3.us-east-1",ERX12476123,BGISEQ-500,PAIRED,cDNA,TRANSCRIPTOMIC,Taeniopygia guttata,BGISEQ,2024-07-28T00:00:00Z,2024-08-09T18:09:00Z,1,18R_bk653,male,ERP148339,18R_bk653,2019-08-24,zebra finch,2024-05-19,2024-05-19,Germany,Europe,Germany,Taeniopygia guttata,Taeniopygia guttata,testis,Single-pair,,,,,,,,
ERR13104485,RNA-Seq,200,7395799600,PRJEB63186,SAMEA115529894,4951986411,UNIVERSITY OF BIELEFELD,public,"fastq,run.zq,sra","gs,ncbi,s3","gs.us-east1,ncbi.public,s3.us-east-1",ERX12476125,BGISEQ-500,PAIRED,cDNA,TRANSCRIPTOMIC,Taeniopygia guttata,BGISEQ,2024-07-28T00:00:00Z,2024-08-09T18:28:00Z,1,17R_bk671,male,ERP148339,17R_bk671,2019-08-23,zebra finch,2024-05-19,2024-05-19,Germany,Europe,Germany,Taeniopygia guttata,Taeniopygia guttata,testis,Single-pair,,,,,,,,
ERR13104488,RNA-Seq,200,7407755800,PRJEB63186,SAMEA115529891,4970468972,UNIVERSITY OF BIELEFELD,public,"fastq,run.zq,sra","gs,ncbi,s3","gs.us-east1,ncbi.public,s3.us-east-1",ERX12476128,BGISEQ-500,PAIRED,cDNA,TRANSCRIPTOMIC,Taeniopygia guttata,BGISEQ,2024-07-28T00:00:00Z,2024-08-09T18:08:00Z,1,16R_bk702,male,ERP148339,16R_bk702,2019-08-23,zebra finch,2024-05-19,2024-05-19,Germany,Europe,Germany,Taeniopygia guttata,Taeniopygia guttata,testis,Single-pair,,,,,,,,
ERR13104503,RNA-Seq,200,7430597600,PRJEB63186,SAMEA115529876,4996580996,UNIVERSITY OF BIELEFELD,public,"fastq,run.zq,sra","gs,ncbi,s3","gs.us-east1,ncbi.public,s3.us-east-1",ERX12476143,BGISEQ-500,PAIRED,cDNA,TRANSCRIPTOMIC,Taeniopygia guttata,BGISEQ,2024-07-28T00:00:00Z,2024-08-09T18:12:00Z,1,11R_bk796,male,ERP148339,11R_bk796,2019-08-18,zebra finch,2024-05-19,2024-05-19,Germany,Europe,Germany,Taeniopygia guttata,Taeniopygia guttata,testis,Double-pair,,,,,,,,
ERR13104336,RNA-Seq,200,7396774800,PRJEB63186,SAMEA115530040,5006535826,UNIVERSITY OF BIELEFELD,public,"fastq,run.zq,sra","gs,ncbi,s3","gs.us-east1,ncbi.public,s3.us-east-1",ERX12475976,BGISEQ-500,PAIRED,cDNA,TRANSCRIPTOMIC,Taeniopygia guttata,BGISEQ,2024-07-28T00:00:00Z,2024-08-11T00:23:00Z,1,8R_bk672,male,ERP148339,8R_bk672,2019-08-17,zebra finch,2024-05-19,2024-05-19,Germany,Europe,Germany,Taeniopygia guttata,Taeniopygia guttata,testis,Single-pair,,,,,,,,
ERR13104339,RNA-Seq,200,7413316400,PRJEB63186,SAMEA115530037,5008315730,UNIVERSITY OF BIELEFELD,public,"fastq,run.zq,sra","gs,ncbi,s3","gs.us-east1,ncbi.public,s3.us-east-1",ERX12475979,BGISEQ-500,PAIRED,cDNA,TRANSCRIPTOMIC,Taeniopygia guttata,BGISEQ,2024-07-28T00:00:00Z,2024-08-11T00:23:00Z,1,7R_bk754,male,ERP148339,7R_bk754,2019-08-16,zebra finch,2024-05-19,2024-05-19,Germany,Europe,Germany,Taeniopygia guttata,Taeniopygia guttata,testis,Double-pair,,,,,,,,
ERR13104347,RNA-Seq,200,7402232200,PRJEB63186,SAMEA115530029,4920747684,UNIVERSITY OF BIELEFELD,public,"fastq,run.zq,sra","gs,ncbi,s3","gs.us-east1,ncbi.public,s3.us-east-1",ERX12475987,BGISEQ-500,PAIRED,cDNA,TRANSCRIPTOMIC,Taeniopygia guttata,BGISEQ,2024-07-28T00:00:00Z,2024-08-20T18:14:00Z,1,5R_bk606,male,ERP148339,5R_bk606,2019-08-14,zebra finch,2024-05-19,2024-05-19,Germany,Europe,Germany,Taeniopygia guttata,Taeniopygia guttata,testis,Single-pair,,,,,,,,
ERR13104353,RNA-Seq,200,7395926600,PRJEB63186,SAMEA115530023,5024511248,UNIVERSITY OF BIELEFELD,public,"fastq,run.zq,sra","gs,ncbi,s3","gs.us-east1,ncbi.public,s3.us-east-1",ERX12475993,BGISEQ-500,PAIRED,cDNA,TRANSCRIPTOMIC,Taeniopygia guttata,BGISEQ,2024-07-28T00:00:00Z,2024-08-11T00:19:00Z,1,58R_bk658,male,ERP148339,58R_bk658,2019-09-22,zebra finch,2024-05-19,2024-05-19,Germany,Europe,Germany,Taeniopygia guttata,Taeniopygia guttata,testis,Double-pair,,,,,,,,
ERR13104359,RNA-Seq,200,7409742000,PRJEB63186,SAMEA115530017,5029918834,UNIVERSITY OF BIELEFELD,public,"fastq,run.zq,sra","gs,ncbi,s3","gs.us-east1,ncbi.public,s3.us-east-1",ERX12475999,BGISEQ-500,PAIRED,cDNA,TRANSCRIPTOMIC,Taeniopygia guttata,BGISEQ,2024-07-28T00:00:00Z,2024-08-11T00:11:00Z,1,56R_bk673,male,ERP148339,56R_bk673,2019-09-20,zebra finch,2024-05-19,2024-05-19,Germany,Europe,Germany,Taeniopygia guttata,Taeniopygia guttata,testis,Double-pair,,,,,,,,
ERR13104404,RNA-Seq,200,7402467400,PRJEB63186,SAMEA115529975,5057088559,UNIVERSITY OF BIELEFELD,public,"fastq,run.zq,sra","gs,ncbi,s3","gs.us-east1,ncbi.public,s3.us-east-1",ERX12476044,BGISEQ-500,PAIRED,cDNA,TRANSCRIPTOMIC,Taeniopygia guttata,BGISEQ,2024-07-28T00:00:00Z,2024-08-18T21:31:00Z,1,43R_bk854,male,ERP148339,43R_bk854,2019-09-08,zebra finch,2024-05-19,2024-05-19,Germany,Europe,Germany,Taeniopygia guttata,Taeniopygia guttata,testis,Single-pair,,,,,,,,
ERR13104416,RNA-Seq,200,7411604400,PRJEB63186,SAMEA115529963,4946938407,UNIVERSITY OF BIELEFELD,public,"fastq,run.zq,sra","gs,ncbi,s3","gs.us-east1,ncbi.public,s3.us-east-1",ERX12476056,BGISEQ-500,PAIRED,cDNA,TRANSCRIPTOMIC,Taeniopygia guttata,BGISEQ,2024-07-28T00:00:00Z,2024-08-09T18:01:00Z,1,3R_bk757,male,ERP148339,3R_bk757,2019-08-13,zebra finch,2024-05-19,2024-05-19,Germany,Europe,Germany,Taeniopygia guttata,Taeniopygia guttata,testis,Single-pair,,,,,,,,
ERR13104427,RNA-Seq,200,7397007200,PRJEB63186,SAMEA115529952,5061807802,UNIVERSITY OF BIELEFELD,public,"fastq,run.zq,sra","gs,ncbi,s3","gs.us-east1,ncbi.public,s3.us-east-1",ERX12476067,BGISEQ-500,PAIRED,cDNA,TRANSCRIPTOMIC,Taeniopygia guttata,BGISEQ,2024-07-28T00:00:00Z,2024-08-11T00:21:00Z,1,36R_bk638,male,ERP148339,36R_bk638,2019-09-04,zebra finch,2024-05-19,2024-05-19,Germany,Europe,Germany,Taeniopygia guttata,Taeniopygia guttata,testis,Double-pair,,,,,,,,
ERR13104429,RNA-Seq,200,7399929400,PRJEB63186,SAMEA115529950,5093210971,UNIVERSITY OF BIELEFELD,public,"fastq,run.zq,sra","gs,ncbi,s3","gs.us-east1,ncbi.public,s3.us-east-1",ERX12476069,BGISEQ-500,PAIRED,cDNA,TRANSCRIPTOMIC,Taeniopygia guttata,BGISEQ,2024-07-28T00:00:00Z,2024-08-09T18:03:00Z,1,35R_bk763,male,ERP148339,35R_bk763,2019-09-04,zebra finch,2024-05-19,2024-05-19,Germany,Europe,Germany,Taeniopygia guttata,Taeniopygia guttata,testis,Single-pair,,,,,,,,
ERR13104435,RNA-Seq,200,7394915600,PRJEB63186,SAMEA115529944,5051908587,UNIVERSITY OF BIELEFELD,public,"fastq,run.zq,sra","gs,ncbi,s3","gs.us-east1,ncbi.public,s3.us-east-1",ERX12476075,BGISEQ-500,PAIRED,cDNA,TRANSCRIPTOMIC,Taeniopygia guttata,BGISEQ,2024-07-28T00:00:00Z,2024-08-11T00:28:00Z,1,33R_bk708,male,ERP148339,33R_bk708,2019-09-04,zebra finch,2024-05-19,2024-05-19,Germany,Europe,Germany,Taeniopygia guttata,Taeniopygia guttata,testis,Double-pair,,,,,,,,
ERR13104441,RNA-Seq,200,7397755600,PRJEB63186,SAMEA115529938,5111680694,UNIVERSITY OF BIELEFELD,public,"fastq,run.zq,sra","gs,ncbi,s3","gs.us-east1,ncbi.public,s3.us-east-1",ERX12476081,BGISEQ-500,PAIRED,cDNA,TRANSCRIPTOMIC,Taeniopygia guttata,BGISEQ,2024-07-28T00:00:00Z,2024-08-19T00:55:00Z,1,31R_bk872,male,ERP148339,31R_bk872,2019-09-02,zebra finch,2024-05-19,2024-05-19,Germany,Europe,Germany,Taeniopygia guttata,Taeniopygia guttata,testis,Double-pair,,,,,,,,
ERR13104444,RNA-Seq,200,7410736000,PRJEB63186,SAMEA115529935,4953580592,UNIVERSITY OF BIELEFELD,public,"fastq,run.zq,sra","gs,ncbi,s3","gs.us-east1,ncbi.public,s3.us-east-1",ERX12476084,BGISEQ-500,PAIRED,cDNA,TRANSCRIPTOMIC,Taeniopygia guttata,BGISEQ,2024-07-28T00:00:00Z,2024-08-09T16:15:00Z,1,30R_bk839,male,ERP148339,30R_bk839,2019-09-01,zebra finch,2024-05-19,2024-05-19,Germany,Europe,Germany,Taeniopygia guttata,Taeniopygia guttata,testis,Single-pair,,,,,,,,
ERR13104450,RNA-Seq,200,7417890600,PRJEB63186,SAMEA115529929,5001853772,UNIVERSITY OF BIELEFELD,public,"fastq,run.zq,sra","gs,ncbi,s3","gs.us-east1,ncbi.public,s3.us-east-1",ERX12476090,BGISEQ-500,PAIRED,cDNA,TRANSCRIPTOMIC,Taeniopygia guttata,BGISEQ,2024-07-28T00:00:00Z,2024-08-18T21:28:00Z,1,29R_bk665,male,ERP148339,29R_bk665,2019-09-01,zebra finch,2024-05-19,2024-05-19,Germany,Europe,Germany,Taeniopygia guttata,Taeniopygia guttata,testis,Double-pair,,,,,,,,
ERR13104474,RNA-Seq,200,7648764800,PRJEB63186,SAMEA115529905,5147167677,UNIVERSITY OF BIELEFELD,public,"fastq,run.zq,sra","gs,ncbi,s3","gs.us-east1,ncbi.public,s3.us-east-1",ERX12476114,BGISEQ-500,PAIRED,cDNA,TRANSCRIPTOMIC,Taeniopygia guttata,BGISEQ,2024-07-28T00:00:00Z,2024-08-19T00:47:00Z,1,21R_bk772,male,ERP148339,21R_bk772,2019-08-28,zebra finch,2024-05-19,2024-05-19,Germany,Europe,Germany,Taeniopygia guttata,Taeniopygia guttata,testis,Double-pair,,,,,,,,
ERR13104491,RNA-Seq,200,7426384000,PRJEB63186,SAMEA115529888,4989422163,UNIVERSITY OF BIELEFELD,public,"fastq,run.zq,sra","gs,ncbi,s3","gs.us-east1,ncbi.public,s3.us-east-1",ERX12476131,BGISEQ-500,PAIRED,cDNA,TRANSCRIPTOMIC,Taeniopygia guttata,BGISEQ,2024-07-28T00:00:00Z,2024-08-20T18:11:00Z,1,15R_bk811,male,ERP148339,15R_bk811,2019-08-21,zebra finch,2024-05-19,2024-05-19,Germany,Europe,Germany,Taeniopygia guttata,Taeniopygia guttata,testis,Double-pair,,,,,,,,
ERR13104365,RNA-Seq,200,7411372600,PRJEB63186,SAMEA115530011,5017773806,UNIVERSITY OF BIELEFELD,public,"fastq,run.zq,sra","gs,ncbi,s3","gs.us-east1,ncbi.public,s3.us-east-1",ERX12476005,BGISEQ-500,PAIRED,cDNA,TRANSCRIPTOMIC,Taeniopygia guttata,BGISEQ,2024-07-29T00:00:00Z,2024-08-11T02:00:00Z,1,54R_bk853,male,ERP148339,54R_bk853,2019-09-18,zebra finch,2024-05-19,2024-05-19,Germany,Europe,Germany,Taeniopygia guttata,Taeniopygia guttata,testis,Single-pair,,,,,,,,
ERR13104432,RNA-Seq,200,7410721000,PRJEB63186,SAMEA115529947,5105173023,UNIVERSITY OF BIELEFELD,public,"fastq,run.zq,sra","gs,ncbi,s3","gs.us-east1,ncbi.public,s3.us-east-1",ERX12476072,BGISEQ-500,PAIRED,cDNA,TRANSCRIPTOMIC,Taeniopygia guttata,BGISEQ,2024-07-29T00:00:00Z,2024-08-11T01:52:00Z,1,34R_bk709,male,ERP148339,34R_bk709,2019-09-04,zebra finch,2024-05-19,2024-05-19,Germany,Europe,Germany,Taeniopygia guttata,Taeniopygia guttata,testis,Double-pair,,,,,,,,
ERR13104462,RNA-Seq,200,7417404600,PRJEB63186,SAMEA115529917,4940041714,UNIVERSITY OF BIELEFELD,public,"fastq,run.zq,sra","gs,ncbi,s3","gs.us-east1,ncbi.public,s3.us-east-1",ERX12476102,BGISEQ-500,PAIRED,cDNA,TRANSCRIPTOMIC,Taeniopygia guttata,BGISEQ,2024-07-29T00:00:00Z,2024-08-11T01:55:00Z,1,25R_bk661,male,ERP148339,25R_bk661,2019-08-29,zebra finch,2024-05-19,2024-05-19,Germany,Europe,Germany,Taeniopygia guttata,Taeniopygia guttata,testis,Single-pair,,,,,,,,
ERR13104468,RNA-Seq,200,7404129800,PRJEB63186,SAMEA115529911,4952466854,UNIVERSITY OF BIELEFELD,public,"fastq,run.zq,sra","gs,ncbi,s3","gs.us-east1,ncbi.public,s3.us-east-1",ERX12476108,BGISEQ-500,PAIRED,cDNA,TRANSCRIPTOMIC,Taeniopygia guttata,BGISEQ,2024-07-29T00:00:00Z,2024-08-11T01:51:00Z,1,23R_bk602,male,ERP148339,23R_bk602,2019-08-28,zebra finch,2024-05-19,2024-05-19,Germany,Europe,Germany,Taeniopygia guttata,Taeniopygia guttata,testis,Single-pair,,,,,,,,
ERR13104494,RNA-Seq,200,7409970600,PRJEB63186,SAMEA115529885,4971526184,UNIVERSITY OF BIELEFELD,public,"fastq,run.zq,sra","gs,ncbi,s3","gs.us-east1,ncbi.public,s3.us-east-1",ERX12476134,BGISEQ-500,PAIRED,cDNA,TRANSCRIPTOMIC,Taeniopygia guttata,BGISEQ,2024-07-29T00:00:00Z,2024-08-11T01:52:00Z,1,14R_bk755,male,ERP148339,14R_bk755,2019-07-13,zebra finch,2024-05-19,2024-05-19,Germany,Europe,Germany,Taeniopygia guttata,Taeniopygia guttata,testis,Double-pair,,,,,,,,
ERR13104500,RNA-Seq,200,7431010200,PRJEB63186,SAMEA115529879,5033482282,UNIVERSITY OF BIELEFELD,public,"fastq,run.zq,sra","gs,ncbi,s3","gs.us-east1,ncbi.public,s3.us-east-1",ERX12476140,BGISEQ-500,PAIRED,cDNA,TRANSCRIPTOMIC,Taeniopygia guttata,BGISEQ,2024-07-29T00:00:00Z,2024-08-11T01:59:00Z,1,12R_bk797,male,ERP148339,12R_bk797,2019-08-18,zebra finch,2024-05-19,2024-05-19,Germany,Europe,Germany,Taeniopygia guttata,Taeniopygia guttata,testis,Double-pair,,,,,,,,
ERR13104342,RNA-Seq,200,7415583200,PRJEB63186,SAMEA115530034,4914886140,UNIVERSITY OF BIELEFELD,public,"fastq,run.zq,sra","gs,ncbi,s3","gs.us-east1,ncbi.public,s3.us-east-1",ERX12475982,BGISEQ-500,PAIRED,cDNA,TRANSCRIPTOMIC,Taeniopygia guttata,BGISEQ,2024-07-29T00:00:00Z,2024-08-11T01:57:00Z,1,6R_bk804,male,ERP148339,6R_bk804,2019-08-16,zebra finch,2024-05-19,2024-05-19,Germany,Europe,Germany,Taeniopygia guttata,Taeniopygia guttata,testis,Single-pair,,,,,,,,
ERR13104356,RNA-Seq,200,7407884400,PRJEB63186,SAMEA115530020,5049208167,UNIVERSITY OF BIELEFELD,public,"fastq,run.zq,sra","gs,ncbi,s3","gs.us-east1,ncbi.public,s3.us-east-1",ERX12475996,BGISEQ-500,PAIRED,cDNA,TRANSCRIPTOMIC,Taeniopygia guttata,BGISEQ,2024-07-29T00:00:00Z,2024-08-10T05:49:00Z,1,57R_bk831,male,ERP148339,57R_bk831,2019-09-20,zebra finch,2024-05-19,2024-05-19,Germany,Europe,Germany,Taeniopygia guttata,Taeniopygia guttata,testis,Single-pair,,,,,,,,
ERR13104362,RNA-Seq,200,7403593200,PRJEB63186,SAMEA115530014,5031231769,UNIVERSITY OF BIELEFELD,public,"fastq,run.zq,sra","gs,ncbi,s3","gs.us-east1,ncbi.public,s3.us-east-1",ERX12476002,BGISEQ-500,PAIRED,cDNA,TRANSCRIPTOMIC,Taeniopygia guttata,BGISEQ,2024-07-29T00:00:00Z,2024-08-11T01:58:00Z,1,55R_bk644,male,ERP148339,55R_bk644,2019-09-19,zebra finch,2024-05-19,2024-05-19,Germany,Europe,Germany,Taeniopygia guttata,Taeniopygia guttata,testis,Single-pair,,,,,,,,
ERR13104374,RNA-Seq,200,7409884800,PRJEB63186,SAMEA115530005,5063003160,UNIVERSITY OF BIELEFELD,public,"fastq,run.zq,sra","gs,ncbi,s3","gs.us-east1,ncbi.public,s3.us-east-1",ERX12476014,BGISEQ-500,PAIRED,cDNA,TRANSCRIPTOMIC,Taeniopygia guttata,BGISEQ,2024-07-29T00:00:00Z,2024-08-11T02:05:00Z,1,52R_bk690,male,ERP148339,52R_bk690,2019-09-14,zebra finch,2024-05-19,2024-05-19,Germany,Europe,Germany,Taeniopygia guttata,Taeniopygia guttata,testis,Double-pair,,,,,,,,
ERR13104383,RNA-Seq,200,7419140800,PRJEB63186,SAMEA115529996,4937353921,UNIVERSITY OF BIELEFELD,public,"fastq,run.zq,sra","gs,ncbi,s3","gs.us-east1,ncbi.public,s3.us-east-1",ERX12476023,BGISEQ-500,PAIRED,cDNA,TRANSCRIPTOMIC,Taeniopygia guttata,BGISEQ,2024-07-29T00:00:00Z,2024-08-11T01:56:00Z,1,4R_bk812,male,ERP148339,4R_bk812,2019-08-14,zebra finch,2024-05-19,2024-05-19,Germany,Europe,Germany,Taeniopygia guttata,Taeniopygia guttata,testis,Double-pair,,,,,,,,
ERR13104389,RNA-Seq,200,7434561400,PRJEB63186,SAMEA115529990,5067681588,UNIVERSITY OF BIELEFELD,public,"fastq,run.zq,sra","gs,ncbi,s3","gs.us-east1,ncbi.public,s3.us-east-1",ERX12476029,BGISEQ-500,PAIRED,cDNA,TRANSCRIPTOMIC,Taeniopygia guttata,BGISEQ,2024-07-29T00:00:00Z,2024-08-10T05:51:00Z,1,48R_bk670,male,ERP148339,48R_bk670,2019-09-12,zebra finch,2024-05-19,2024-05-19,Germany,Europe,Germany,Taeniopygia guttata,Taeniopygia guttata,testis,Double-pair,,,,,,,,
ERR13104392,RNA-Seq,200,7417087200,PRJEB63186,SAMEA115529987,5064714119,UNIVERSITY OF BIELEFELD,public,"fastq,run.zq,sra","gs,ncbi,s3","gs.us-east1,ncbi.public,s3.us-east-1",ERX12476032,BGISEQ-500,PAIRED,cDNA,TRANSCRIPTOMIC,Taeniopygia guttata,BGISEQ,2024-07-29T00:00:00Z,2024-08-11T02:03:00Z,1,47R_bk912,male,ERP148339,47R_bk912,2019-09-11,zebra finch,2024-05-19,2024-05-19,Germany,Europe,Germany,Taeniopygia guttata,Taeniopygia guttata,testis,Double-pair,,,,,,,,
ERR13104401,RNA-Seq,200,7427030600,PRJEB63186,SAMEA115529978,5066426160,UNIVERSITY OF BIELEFELD,public,"fastq,run.zq,sra","gs,ncbi,s3","gs.us-east1,ncbi.public,s3.us-east-1",ERX12476041,BGISEQ-500,PAIRED,cDNA,TRANSCRIPTOMIC,Taeniopygia guttata,BGISEQ,2024-07-29T00:00:00Z,2024-08-11T02:04:00Z,1,44R_bk731,male,ERP148339,44R_bk731,2019-09-09,zebra finch,2024-05-19,2024-05-19,Germany,Europe,Germany,Taeniopygia guttata,Taeniopygia guttata,testis,Double-pair,,,,,,,,
ERR13104407,RNA-Seq,200,7422393400,PRJEB63186,SAMEA115529972,5092779370,UNIVERSITY OF BIELEFELD,public,"fastq,run.zq,sra","gs,ncbi,s3","gs.us-east1,ncbi.public,s3.us-east-1",ERX12476047,BGISEQ-500,PAIRED,cDNA,TRANSCRIPTOMIC,Taeniopygia guttata,BGISEQ,2024-07-29T00:00:00Z,2024-08-11T01:59:00Z,1,42R_bk664,male,ERP148339,42R_bk664,2019-09-08,zebra finch,2024-05-19,2024-05-19,Germany,Europe,Germany,Taeniopygia guttata,Taeniopygia guttata,testis,Single-pair,,,,,,,,
ERR13104410,RNA-Seq,200,7422941600,PRJEB63186,SAMEA115529969,5077986867,UNIVERSITY OF BIELEFELD,public,"fastq,run.zq,sra","gs,ncbi,s3","gs.us-east1,ncbi.public,s3.us-east-1",ERX12476050,BGISEQ-500,PAIRED,cDNA,TRANSCRIPTOMIC,Taeniopygia guttata,BGISEQ,2024-07-29T00:00:00Z,2024-08-10T05:52:00Z,1,41R_bk746,male,ERP148339,41R_bk746,2019-09-07,zebra finch,2024-05-19,2024-05-19,Germany,Europe,Germany,Taeniopygia guttata,Taeniopygia guttata,testis,Single-pair,,,,,,,,
ERR13104419,RNA-Seq,200,7398182400,PRJEB63186,SAMEA115529960,5074372640,UNIVERSITY OF BIELEFELD,public,"fastq,run.zq,sra","gs,ncbi,s3","gs.us-east1,ncbi.public,s3.us-east-1",ERX12476059,BGISEQ-500,PAIRED,cDNA,TRANSCRIPTOMIC,Taeniopygia guttata,BGISEQ,2024-07-29T00:00:00Z,2024-08-10T05:44:00Z,1,39R_bk641,male,ERP148339,39R_bk641,2019-09-07,zebra finch,2024-05-19,2024-05-19,Germany,Europe,Germany,Taeniopygia guttata,Taeniopygia guttata,testis,Single-pair,,,,,,,,
ERR13104425,RNA-Seq,200,7400515000,PRJEB63186,SAMEA115529954,5063353958,UNIVERSITY OF BIELEFELD,public,"fastq,run.zq,sra","gs,ncbi,s3","gs.us-east1,ncbi.public,s3.us-east-1",ERX12476065,BGISEQ-500,PAIRED,cDNA,TRANSCRIPTOMIC,Taeniopygia guttata,BGISEQ,2024-07-29T00:00:00Z,2024-08-11T02:08:00Z,1,37R_bk705,male,ERP148339,37R_bk705,2019-09-04,zebra finch,2024-05-19,2024-05-19,Germany,Europe,Germany,Taeniopygia guttata,Taeniopygia guttata,testis,Double-pair,,,,,,,,
ERR13104438,RNA-Seq,200,7394969000,PRJEB63186,SAMEA115529941,5073236896,UNIVERSITY OF BIELEFELD,public,"fastq,run.zq,sra","gs,ncbi,s3","gs.us-east1,ncbi.public,s3.us-east-1",ERX12476078,BGISEQ-500,PAIRED,cDNA,TRANSCRIPTOMIC,Taeniopygia guttata,BGISEQ,2024-07-29T00:00:00Z,2024-08-11T01:56:00Z,1,32R_bk856,male,ERP148339,32R_bk856,2019-09-03,zebra finch,2024-05-19,2024-05-19,Germany,Europe,Germany,Taeniopygia guttata,Taeniopygia guttata,testis,Single-pair,,,,,,,,
ERR13104456,RNA-Seq,200,7413662400,PRJEB63186,SAMEA115529923,4962281497,UNIVERSITY OF BIELEFELD,public,"fastq,run.zq,sra","gs,ncbi,s3","gs.us-east1,ncbi.public,s3.us-east-1",ERX12476096,BGISEQ-500,PAIRED,cDNA,TRANSCRIPTOMIC,Taeniopygia guttata,BGISEQ,2024-07-29T00:00:00Z,2024-08-11T02:06:00Z,1,27R_bk849,male,ERP148339,27R_bk849,2019-09-01,zebra finch,2024-05-19,2024-05-19,Germany,Europe,Germany,Taeniopygia guttata,Taeniopygia guttata,testis,Single-pair,,,,,,,,
ERR13104465,RNA-Seq,200,7400111200,PRJEB63186,SAMEA115529914,4947929383,UNIVERSITY OF BIELEFELD,public,"fastq,run.zq,sra","gs,ncbi,s3","gs.us-east1,ncbi.public,s3.us-east-1",ERX12476105,BGISEQ-500,PAIRED,cDNA,TRANSCRIPTOMIC,Taeniopygia guttata,BGISEQ,2024-07-29T00:00:00Z,2024-08-10T05:43:00Z,1,24R_bk625,male,ERP148339,24R_bk625,2019-08-28,zebra finch,2024-05-19,2024-05-19,Germany,Europe,Germany,Taeniopygia guttata,Taeniopygia guttata,testis,Single-pair,,,,,,,,
ERR13104471,RNA-Seq,200,7423584400,PRJEB63186,SAMEA115529908,4994606796,UNIVERSITY OF BIELEFELD,public,"fastq,run.zq,sra","gs,ncbi,s3","gs.us-east1,ncbi.public,s3.us-east-1",ERX12476111,BGISEQ-500,PAIRED,cDNA,TRANSCRIPTOMIC,Taeniopygia guttata,BGISEQ,2024-07-29T00:00:00Z,2024-08-11T01:56:00Z,1,22R_bk684,male,ERP148339,22R_bk684,2019-08-28,zebra finch,2024-05-19,2024-05-19,Germany,Europe,Germany,Taeniopygia guttata,Taeniopygia guttata,testis,Single-pair,,,,,,,,
ERR13104479,RNA-Seq,200,7396455200,PRJEB63186,SAMEA115529900,4952202005,UNIVERSITY OF BIELEFELD,public,"fastq,run.zq,sra","gs,ncbi,s3","gs.us-east1,ncbi.public,s3.us-east-1",ERX12476119,BGISEQ-500,PAIRED,cDNA,TRANSCRIPTOMIC,Taeniopygia guttata,BGISEQ,2024-07-29T00:00:00Z,2024-08-11T01:56:00Z,1,1R_bk719,male,ERP148339,1R_bk719,2019-08-09,zebra finch,2024-05-19,2024-05-19,Germany,Europe,Germany,Taeniopygia guttata,Taeniopygia guttata,testis,Single-pair,,,,,,,,
ERR13104481,RNA-Seq,200,7404502800,PRJEB63186,SAMEA115529898,4934611275,UNIVERSITY OF BIELEFELD,public,"fastq,run.zq,sra","gs,ncbi,s3","gs.us-east1,ncbi.public,s3.us-east-1",ERX12476121,BGISEQ-500,PAIRED,cDNA,TRANSCRIPTOMIC,Taeniopygia guttata,BGISEQ,2024-07-29T00:00:00Z,2024-08-10T05:28:00Z,1,19R_bk801,male,ERP148339,19R_bk801,2019-08-25,zebra finch,2024-05-19,2024-05-19,Germany,Europe,Germany,Taeniopygia guttata,Taeniopygia guttata,testis,Double-pair,,,,,,,,
ERR13104497,RNA-Seq,200,7404165000,PRJEB63186,SAMEA115529882,5001157163,UNIVERSITY OF BIELEFELD,public,"fastq,run.zq,sra","gs,ncbi,s3","gs.us-east1,ncbi.public,s3.us-east-1",ERX12476137,BGISEQ-500,PAIRED,cDNA,TRANSCRIPTOMIC,Taeniopygia guttata,BGISEQ,2024-07-29T00:00:00Z,2024-08-11T02:05:00Z,1,13R_bk733,male,ERP148339,13R_bk733,2019-08-19,zebra finch,2024-05-19,2024-05-19,Germany,Europe,Germany,Taeniopygia guttata,Taeniopygia guttata,testis,Double-pair,,,,,,,,
ERR13104506,RNA-Seq,200,7412373200,PRJEB63186,SAMEA115529873,4996289080,UNIVERSITY OF BIELEFELD,public,"fastq,run.zq,sra","gs,ncbi,s3","gs.us-east1,ncbi.public,s3.us-east-1",ERX12476146,BGISEQ-500,PAIRED,cDNA,TRANSCRIPTOMIC,Taeniopygia guttata,BGISEQ,2024-07-29T00:00:00Z,2024-08-10T05:46:00Z,1,10R_bk792,male,ERP148339,10R_bk792,2019-08-18,zebra finch,2024-05-19,2024-05-19,Germany,Europe,Germany,Taeniopygia guttata,Taeniopygia guttata,testis,Single-pair,,,,,,,,
